archetype,deck,list_id,source,date,event,pilot,camp,category,confidence,regime,origin,verifier,verdict,reason,verifier_reason
blink,Esper Blink,modern-challenge-64-2026-05-2212842903#St1ffler,mtgo,2026-05-22,Modern Challenge 64,St1ffler,esper,false-negative,high,post,pass2,keep,"out: the four creatures together are the deck, not a signal from one","angle 1: Esper Blink with Flickerwisp cut: 4 Phelia, 4 Overlord of the Balemurk, 2 Witch Enchanter, 3 Ephemerate, 4 Solitude, 4 Thoughtseize, 4 Fatal Push, 4 Riddler, 2 Teferi on the Esper manabase, core overlap 0.96; only Flickerwisp keeps it out. Proposed rule: Drop Flickerwisp from the Blink signature (Phelia, Overlord, Witch Enchanter with the current off_colour and excluded lists): moves exactly 9 lists in (8 store, 1 paper), 0 members out.","angle 1 verifier: Re-read: 4 Phelia, 4 Overlord, 2 Witch Enchanter, 3 Ephemerate, 4 Solitude, 4 Thoughtseize, 4 Fatal Push, 4 Riddler, 2 Teferi, 2 Emperor of Bones on Watery Grave, no Flickerwisp, 10 blink creatures against a member minimum of 11 (518 members, all at Flickerwisp). Core overlap 0.96 reproduced. Dropping Flickerwisp from the signature moves exactly 9 in (8 store, 1 paper), 0 out, as measured."
blink,Esper Blink,modern-league-2026-06-0110628#JJ,mtgo,2026-06-01,Modern League,JJ,esper,false-negative,high,post,pass2,keep,"out: the four creatures together are the deck, not a signal from one","angle 1: 4 Phelia, 4 Overlord, 2 Witch Enchanter, 3 Ephemerate, 4 Solitude, 4 Frog, 4 Riddler, 2 Ketramose, 3 Erode (the Erode splash pass one cleared in JJ's member lists), no Flickerwisp; core overlap 0.92. Proposed rule: Drop Flickerwisp from the Blink signature: moves exactly 9 (8 store, 1 paper), 0 members out.","angle 1 verifier: Re-read: 61 cards, 4 Phelia, 4 Overlord, 2 Witch Enchanter, 3 Ephemerate, 4 Solitude, 4 Frog, 4 Riddler, 2 Ketramose, 3 Erode (white, no off-colour source), no Flickerwisp; core overlap 0.92 reproduced. JJ's other lists are members."
blink,Esper Blink,modern-league-2026-06-0110628#Svendkj2,mtgo,2026-06-01,Modern League,Svendkj2,orzhov,false-negative,medium,post,pass2,keep,"out: the four creatures together are the deck, not a signal from one","angle 1: Orzhov Ketramose blink: 4 Phelia, 4 Overlord, 2 Witch Enchanter, 3 Ephemerate, 4 Solitude, 4 Ketramose, 4 Relic of Progenitus, 4 Thoughtseize, 4 Fatal Push, no Flickerwisp. The Ketramose and Relic package sits in 32 members per pass one. Proposed rule: Drop Flickerwisp from the Blink signature: moves exactly 9 (8 store, 1 paper), 0 members out.","angle 1 verifier: Re-read: 4 Phelia, 4 Overlord, 2 Witch Enchanter, 3 Ephemerate, 4 Solitude, 4 Ketramose, 4 Relic, 4 Thoughtseize, 4 Fatal Push, 3 Emperor of Bones, no Flickerwisp, no Watery Grave so orzhov; Ketramose sits in 29 of 518 members and Relic in 18. Core overlap is 0.58, lower than the finder implied, because the core is the Esper manabase, but the Ketramose Orzhov package is cleared inside the deck by pass one."
blink,Esper Blink,modern-challenge-64-2026-06-2312845617#DB_cntrlfreak_ttv,mtgo,2026-06-23,Modern Challenge 64,DB_cntrlfreak_ttv,esper,false-negative,high,post,pass2,keep,"out: the four creatures together are the deck, not a signal from one","angle 1: 4 Phelia, 4 Overlord, 2 Witch Enchanter, 3 Ephemerate, 4 Solitude, 4 Frog, 4 Riddler, 4 Thoughtseize, no Flickerwisp; core overlap 0.92. Proposed rule: Drop Flickerwisp from the Blink signature: moves exactly 9 (8 store, 1 paper), 0 members out.","angle 1 verifier: Re-read: 4 Phelia, 4 Overlord, 2 Witch Enchanter, 3 Ephemerate, 4 Solitude, 4 Frog, 4 Riddler, 4 Thoughtseize, 3 Prismatic Ending, no Flickerwisp; core overlap 0.92 reproduced. Same rule, 9 in, 0 out."
blink,Esper Blink,modern-league-2026-06-2410847#Outsid3r,mtgo,2026-06-24,Modern League,Outsid3r,orzhov,false-negative,medium,post,pass2,keep,"in: under five off-colour cards, lands excluded, and no playset is a splash","angle 1: All four creatures (4 Phelia, 3 Flickerwisp, 4 Overlord, 4 Witch Enchanter), 3 Ephemerate, 4 Solitude, 4 Thoughtseize, 4 Fatal Push, tripped by a single Sacred Foundry beside an Arid Mesa with no red card in the 75. Proposed rule: Read Blink's off_colour only when the off-colour sources total 3 or more copies: moves exactly 6 store lists (9086, 18729, 20821, 20948, 21385, 22625), 0 paper, 0 members out; the Mardu lists on 5 to 6 sources (8231, 17954, 18117, 18873) and the Abzan pair on 3 (23190, 23237) stay out.","angle 1 verifier: Re-read: 61 cards, 4 Phelia, 3 Flickerwisp, 4 Overlord, 4 Witch Enchanter, 3 Ephemerate, 4 Solitude, 4 Thoughtseize, 4 Fatal Push; off-colour is 1 Sacred Foundry beside 1 Arid Mesa and no red card in the 75 (side: White Orchid Phantom, Wrath, Damping Sphere, Deafening Silence, Spellbomb, Celestial Purge, Clarion Conqueror, Cage). Off_colour floor of 3 copies moves exactly 6 store lists (9086, 18729, 20821, 20948, 21385, 22625), 0 paper, 0 out, as measured; the Mardu lists 8231 (5 sources, 4 Discharge, 3 Ragavan) and 17954, 18117, 18873 (6 sources, 4 Discharge) and the Abzan pair 23190, 23237 (3 sources, 4 Siege Rhino) stay out, verified."
blink,Esper Blink,modern-challenge-96-2026-06-2912845943#Zuin,mtgo,2026-06-29,Modern Challenge 96,Zuin,esper,false-negative,high,post,pass2,keep,"out: the four creatures together are the deck, not a signal from one","angle 1: 4 Phelia, 4 Overlord, 3 Witch Enchanter, 3 Ephemerate, 4 Solitude, 4 Riddler, 4 Thoughtseize, 2 Frog, no Flickerwisp; core overlap 0.96. Proposed rule: Drop Flickerwisp from the Blink signature: moves exactly 9 (8 store, 1 paper), 0 members out.","angle 1 verifier: Re-read: 4 Phelia, 4 Overlord, 3 Witch Enchanter, 3 Ephemerate, 4 Solitude, 4 Riddler, 4 Thoughtseize, 2 Frog, 2 Emperor of Bones, no Flickerwisp; 11 blink creatures, inside the member range; core overlap 0.96 reproduced."
blink,Esper Blink,modern-challenge-64-2026-07-2412848190#JJ,mtgo,2026-07-24,Modern Challenge 64,JJ,orzhov,false-negative,medium,post,pass2,keep,"in: under five off-colour cards, lands excluded, and no playset is a splash","angle 1: JJ's Orzhov Vial list (4 Vial, 4 Ephemerate, all four creatures at 4, 4 Solitude, 4 Thoughtseize, 2 Recruiter) tripped by one Overgrown Tomb and one Lush Portico whose only green card is a sideboard Gaddock Teeg; his 19847, 9056, 20774, 21376 and 10049 are pass-one-cleared members. Proposed rule: Off_colour read only at 3 or more source copies: moves exactly 6 store lists, 0 paper, 0 members out.","angle 1 verifier: Re-read: 61 cards, 4 Vial, 4 Ephemerate, all four creatures at 4, 4 Solitude, 4 Thoughtseize, 2 Recruiter; 1 Overgrown Tomb and 1 Lush Portico (2 sources) with the only green card 1 sideboard Gaddock Teeg, verified. The floor of 3 is what admits it; a floor of 2 moves the other 5 and leaves this one out, as measured."
blink,Esper Blink,modern-league-2026-07-2910847#koskadelli,mtgo,2026-07-29,Modern League,koskadelli,orzhov,false-negative,medium,post,pass2,keep,"in: under five off-colour cards, lands excluded, and no playset is a splash","angle 1: All four creatures, 3 Ephemerate, 4 Solitude, 4 Ketramose, 4 Relic, 4 White Orchid Phantom, tripped by one Sacred Foundry with no red card in the 75. Proposed rule: Off_colour read only at 3 or more source copies: moves exactly 6 store lists, 0 paper, 0 members out.","angle 1 verifier: Re-read: all four creatures (4, 3, 4, 4), 3 Ephemerate, 4 Solitude, 4 Ketramose, 4 Relic, 4 White Orchid Phantom; 1 Sacred Foundry, no red card in the 75. Floor-3 rule verified."
blink,Esper Blink,modern-league-2026-07-3110847#meanfannypack,mtgo,2026-07-31,Modern League,meanfannypack,orzhov,false-negative,medium,post,pass2,keep,"in: under five off-colour cards, lands excluded, and no playset is a splash","angle 1: Orzhov Vial blink (4 Vial, 3 Recruiter, all four creatures, 3 Ephemerate, 4 Solitude), tripped by one Temple Garden whose only green card is a sideboard Gaddock Teeg; the pilot's 20824 is a pass-one-cleared member. Proposed rule: Off_colour read only at 3 or more source copies: moves exactly 6 store lists, 0 paper, 0 members out.","angle 1 verifier: Re-read: 4 Vial, 3 Recruiter, all four creatures (4, 3, 4, 4), 3 Ephemerate, 4 Solitude; 1 Temple Garden whose only green card is 1 sideboard Gaddock Teeg, verified. Floor-3 rule verified."
blink,Esper Blink,modern-league-2026-08-0810847#TheRealStormCrow,mtgo,2026-08-08,Modern League,TheRealStormCrow,orzhov,false-negative,medium,post,pass2,keep,"in: under five off-colour cards, lands excluded, and no playset is a splash","angle 1: Orzhov Vial blink (4 Aether Vial, 3 Recruiter of the Guard, all four creatures, 2 Ephemerate, 4 Solitude) on 62 cards, tripped by one Sacred Foundry with no red card in the 75; the same shape as JJ's Vial lists pass one kept. Proposed rule: Off_colour read only at 3 or more source copies: moves exactly 6 store lists, 0 paper, 0 members out.","angle 1 verifier: Re-read: 62 cards (at the ceiling, still read), 4 Aether Vial, 3 Recruiter of the Guard, all four creatures (4, 3, 4, 4), 2 Ephemerate, 4 Solitude; 1 Sacred Foundry, no red card in the 75 (side: Thoughtseize, Wrath, End of the Hunt, High Noon, Interrupter, Containment Priest). The Orzhov Vial shape pass one kept (7 of 518 members run Vial). Floor-3 rule verified."
blink,Esper Blink,modern-league-2026-08-0910847#Xcuchep,mtgo,2026-08-09,Modern League,Xcuchep,esper,false-negative,medium,post,pass2,keep,"out: the four creatures together are the deck, not a signal from one","angle 1: 4 Phelia, 4 Overlord, 3 Witch Enchanter, 2 Ephemerate, 4 Solitude, 4 Frog, 3 Riddler, 2 Force of Negation, 2 Bowmasters, no Flickerwisp; core overlap 0.88. A Frog-heavier Esper Blink; the same 61 republished as 22712. Proposed rule: Drop Flickerwisp from the Blink signature: moves exactly 9 (8 store, 1 paper), 0 members out.","angle 1 verifier: Re-read: 61 cards, 4 Phelia, 4 Overlord, 3 Witch Enchanter, 2 Ephemerate, 4 Solitude, 4 Frog, 3 Riddler, 2 Force of Negation, 2 Bowmasters, no Flickerwisp; 11 blink creatures; core overlap 0.88 reproduced. Mainboard identical to 22712."
blink,Esper Blink,modern-challenge-64-2026-08-2512852776#SorryImSoTilted,mtgo,2026-08-25,Modern Challenge 64,SorryImSoTilted,esper,false-negative,high,post,pass2,keep,"out: the four creatures together are the deck, not a signal from one","angle 1: 3rd place. Esper Blink with Phelia cut for 4 Emperor of Bones: 4 Flickerwisp, 4 Overlord, 4 Witch Enchanter, 3 Ephemerate, 4 Solitude, 4 Thoughtseize, 4 Fatal Push, 4 Riddler, 3 Teferi; core overlap 0.96. The same mainboard as 10301 and 23680. Proposed rule: Drop Phelia from the Blink signature: moves exactly 3 (10291, 10301, 23680), 0 members out. Combined option: signature Overlord of the Balemurk plus Witch Enchanter moves 12 (11 store, 1 paper), 0 out.","angle 1 verifier: Re-read: 3rd place, 4 Flickerwisp, 4 Overlord, 4 Witch Enchanter, 4 Emperor of Bones, 3 Ephemerate, 4 Solitude, 4 Thoughtseize, 4 Fatal Push, 4 Riddler, 3 Teferi, no Phelia; core overlap 0.96 reproduced. Dropping Phelia from the signature moves exactly 3 in (10291, 10301, 23680), 0 out, as measured; the combined Overlord plus Witch Enchanter signature moves 12 in (11 store, 1 paper), 0 out, as measured."
blink,Esper Blink,modern-challenge-64-2026-08-2712853171#_Batutinha_,mtgo,2026-08-27,Modern Challenge 64,_Batutinha_,esper,false-negative,high,post,pass2,keep,"out: the four creatures together are the deck, not a signal from one","angle 1: 7th place, card for card 10291's mainboard: 4 Flickerwisp, 4 Overlord, 4 Witch Enchanter, 4 Emperor of Bones, 3 Ephemerate, 4 Solitude, no Phelia. Proposed rule: Drop Phelia from the Blink signature: moves exactly 3, 0 members out.","angle 1 verifier: Mainboard card for card 10291 (verified), 7th place, no Phelia; rule moves exactly 3, 0 out."
blink,Esper Blink,modern-showcase-challenge-2026-08-2912853163#DelverFofoqueiro,mtgo,2026-08-29,Modern Showcase Challenge,DelverFofoqueiro,esper,false-negative,high,post,pass2,keep,"out: the four creatures together are the deck, not a signal from one","angle 1: 20th at the Showcase, the same Phelia-less mainboard as 10291 and 10301 (4 Flickerwisp, 4 Overlord, 4 Witch Enchanter, 4 Emperor of Bones, 3 Ephemerate, 4 Solitude). Proposed rule: Drop Phelia from the Blink signature: moves exactly 3, 0 members out.","angle 1 verifier: Mainboard card for card 10291 and 10301 (verified), 20th at the Showcase, no Phelia; rule moves exactly 3, 0 out."
blink,Esper Blink,modern-league-2026-09-0110983#SuperCow12653,mtgo,2026-09-01,Modern League,SuperCow12653,orzhov,false-negative,medium,post,pass2,keep,"in: under five off-colour cards, lands excluded, and no playset is a splash","angle 1: All four creatures, 3 Ephemerate, 4 Solitude, 4 Thoughtseize, 4 White Orchid Phantom, 2 Ketramose, tripped by one Sacred Foundry with no red card in the 75; the pilot's 10534 is a pass-one-cleared member. Proposed rule: Off_colour read only at 3 or more source copies: moves exactly 6 store lists, 0 paper, 0 members out.","angle 1 verifier: Re-read: 61 cards, all four creatures (4, 3, 4, 4), 3 Ephemerate, 4 Solitude, 4 Thoughtseize, 4 White Orchid Phantom, 2 Ketramose; 1 Sacred Foundry, no red card in the 75 (side: High Noon, Surgical, Wrath, Clarion, Bauble, Elesh Norn). Floor-3 rule verified as above."
blink,Esper Blink,modern-league-2026-09-0310983#Xcuchep,mtgo,2026-09-03,Modern League,Xcuchep,esper,false-negative,medium,post,pass2,keep,"out: the four creatures together are the deck, not a signal from one","angle 1: Identical mainboard to 21446 (4 Phelia, 4 Overlord, 3 Witch Enchanter, 2 Ephemerate, 4 Solitude, 4 Frog, no Flickerwisp), sideboard changed. Proposed rule: Drop Flickerwisp from the Blink signature: moves exactly 9 (8 store, 1 paper), 0 members out.","angle 1 verifier: Mainboard card for card 21446 (verified), sideboard differs; no Flickerwisp; core overlap 0.88."
blink,Esper Blink,melee:0476b377-10a0-4755-b75f-b4bc0039b6f1,melee,2026-09-05,Spotlight Dallas,CruzH,esper,false-negative,high,post,pass2,keep,"out: the four creatures together are the deck, not a signal from one","angle 1: Registered by the pilot as Esper Blink (4-4, 451st): 4 Phelia, 3 Overlord, 1 Witch Enchanter, 3 Ephemerate, 4 Solitude, 4 Frog, 4 Riddler, 3 Ketramose, 4 Relic, no Flickerwisp. Proposed rule: Drop Flickerwisp from the Blink signature: moves exactly 9 (8 store, 1 paper), 0 members out. Also raised by angle 5: Registered Esper Blink, 4-4-0, 451st. Three of the four signature creatures (4 Phelia, 3 Overlord of the Balemurk, 1 Witch Enchanter) with 4 Solitude, 3 Ephemerate, 4 Frog, 4 Riddler, 4 Relic, 3 Ketramose, on Esper sources with 1 Watery Grave; 0.79 overlap with the MTGO Blink core (19 of 24). No Flickerwisp, which every member holds by construction (3 copies in 439 of 600, 2 in 135, 1 in 16, 4 in 10). Nine store lists share the shape (Phelia, Overlord and Enchanter, no Flickerwisp, on colour, no excluded card): Xcuchep 21446 and 22712 and DB_cntrlfreak_ttv 8186 are Esper Blink lists that cut the card (4 Phelia, 4 Overlord, 2-3 Enchanter, 4 Solitude, 2-3 Ephemerate, Frog, Riddler), Svendkj2 17181 is the Orzhov Ketramose deck (4 Ketramose, Troll), ador 9004 is Goryo's by order, and St1ffler 7322, RealGangStar 9654, Zuin 10969, JJ 17165 were not read. Ketramose is in 30 of 600 members, so the 3 Ketramose here is not itself alien; the case rests on one cut creature. The three other Esper Blink registrations without Flickerwisp (LucaSudbury at Brisbane, Bcook58024 and TheCardWizards at Dallas) also lack Overlord and are the Ketramose deck, not this case. Proposed rule: Drop Flickerwisp from the Blink signature (Phelia, Overlord, Witch Enchanter). Measured: moves 9 store lists (8 into Blink, ador's 9004 stays Goryo's on order) and 1 paper list in, 0 out. Low: CONTEXT says the four are required together, and at least one of the nine (Svendkj2 17181) is the Ketramose deck.","angle 1 verifier: Re-read: registered Esper Blink, 4-4-0, 451st; 4 Phelia, 3 Overlord, 1 Witch Enchanter, 3 Ephemerate, 4 Solitude, 4 Frog, 4 Riddler, 3 Ketramose, 4 Relic, no Flickerwisp; 8 blink creatures; core overlap 0.79. Pilot-named and the engine is intact."
blink,Esper Blink,modern-league-2026-09-0810983#Galanator,mtgo,2026-09-08,Modern League,Galanator,esper,false-negative,medium,post,pass2,keep,"out: the four creatures together are the deck, not a signal from one","angle 1: 4 Phelia, 4 Overlord, 1 Flickerwisp, 3 Ephemerate, 4 Solitude, 4 Frog, 4 Riddler, 4 Subtlety, 3 Hydroelectric Specimen, no Witch Enchanter; core overlap 0.75, an Esper Blink that cut the Enchanter for Subtlety. Proposed rule: Drop Witch Enchanter from the Blink signature: moves exactly 1 (23020), 0 members out.","angle 1 verifier: Re-read: 4 Phelia, 4 Overlord, 1 Flickerwisp, 3 Ephemerate, 4 Solitude, 4 Frog, 4 Riddler, 4 Subtlety, 3 Hydroelectric Specimen, no Witch Enchanter; 9 blink creatures plus Subtlety as a further blink target (Subtlety in 1 of 518 members, Specimen in 0). Core overlap 0.75 reproduced. Dropping Witch Enchanter moves exactly 1 (23020), 0 out, as measured."
blink,Esper Blink,modern-challenge-64-2026-08-0812851142#RealGangStar,mtgo,2026-08-08,Modern Challenge 64,RealGangStar,esper,false-negative,low,post,pass2,drop,"out: the four creatures together are the deck, not a signal from one","angle 1: 3 Phelia, 2 Overlord, 1 Witch Enchanter, 3 Ephemerate, 4 Solitude, 3 Frog, 4 Riddler, 2 Ketramose, 3 No More Lies, 3 March of Otherworldly Light, no Flickerwisp; core overlap 0.88 but the blink creatures are trimmed to 6, closer to Esper midrange on blink pieces. Proposed rule: Drop Flickerwisp from the Blink signature: moves exactly 9 (8 store, 1 paper), 0 members out; this is the weakest of the nine.","angle 1 verifier: Re-read: 3 Phelia, 2 Overlord, 1 Witch Enchanter, no Flickerwisp, 6 blink creatures against a member minimum of 11 (9 members at 11, the other 509 at 12 to 16) and CruzH's pilot-named Esper Blink at 8; beside them 4 Riddler, 3 Frog, 3 No More Lies, 3 March of Otherworldly Light, 3 Prismatic Ending, 2 Ketramose. The blink half is trimmed below anything in the population and the list reads as Esper Frog midrange with a blink splash. The 0.88 overlap is the shared Esper staples and manabase. Note the finder's drop-Flickerwisp rule admits it anyway."
blink,Esper Blink,modern-challenge-16-2026-09-0512853780#UomoComune26490,mtgo,2026-09-05,Modern Challenge 16,UomoComune26490,,collateral,low,post,pass2,drop,"out: hybrid, the Vial taxes package displaces the interaction suite","angle 2: The only list of the 58 whose old deck's engine is intact when the excluded card is set aside: 4 Phelia, 3 Flickerwisp, 4 Overlord of the Balemurk, 4 Witch Enchanter, 3 Ephemerate, 4 Solitude, 3 Quantum Riddler, 1 Teferi, 1 Watery Grave, 0.79 of the 24-card Blink core. Pass one ruled it a Vial taxes hybrid (verdict exclude, the Tidehollow Sculler exclusion) and the ruling is defensible: Sculler at 4 sits beside 4 Aether Vial, 2 Spell Queller, Skyclave Apparition, Wasteland Strangler, Charming Prince, Ulamog's Nullifier and Accursed Marauder, a 14-card package in place of Thoughtseize, Fatal Push and Emperor of Bones (Thoughtseize and Riddler are in 488 of 491 Esper members, Push in 484; Queller, Skyclave, Strangler and Prince are in 0 of 491), and it is the only Esper list on Vial (the other 10 Vial lists on the four are all Orzhov, Watery Grave 0). Tidehollow Sculler is in 2 store mainboards and 0 paper ones all regime, so the exclusion cannot move a clean member silently. The pilot's only other list, 3720 of 23 May, is stock Esper Blink. Raised at low confidence because Sculler is a blink target and the reading turns on whether a taxes package on the intact Ephemerate engine is a version or a hybrid; the pass-one policy says hybrid, out for now. Proposed rule: If the team reads it as a version: remove 'Tidehollow Sculler' from TRACKED_DECKS['blink']['excluded']. Measured: moves exactly 1 store list (177, back into Blink esper) and 0 paper lists. Otherwise the current rule stands as written.","angle 2 verifier: Every fact reproduces: 177 (UomoComune26490, Modern Challenge 16, 2026-09-05, 3-3) holds 4 Phelia, 3 Flickerwisp, 4 Overlord of the Balemurk, 4 Witch Enchanter, 4 Solitude, 3 Ephemerate, 3 Quantum Riddler, 1 Teferi, 1 Watery Grave, overlap 0.792 of the 24-card Blink core (missing Emperor of Bones, Fatal Push, Prismatic Ending, Thoughtseize, Undercity Sewers); Thoughtseize and Riddler are in 488 of 491 Esper members, Push in 484, Emperor in 486; Spell Queller, Skyclave Apparition, Wasteland Strangler, Charming Prince, Ulamog's Nullifier, Accursed Marauder and Tidehollow Sculler are each in 0 of 491; 11 store lists carry Vial on the four (7 Orzhov members, 3 unclassified on off-colour lands, 177 the only one on Watery Grave); Sculler is in 2 store mainboards (177 at 4, 21174 at 1 inside a Birthing Ritual list already out on Overgrown Tomb) and 0 paper; the pilot's only other list 3720 is stock Esper Blink; removing Sculler from excluded moves exactly 177 and 0 paper lists. The candidate fails on the collateral test itself, which is whether the excluded card sits beside an intact engine as a flex slot. It does not: 4 Sculler heads a 14-card package (4 Aether Vial, 2 Spell Queller, 1 each Skyclave, Strangler, Prince, Nullifier, Marauder) that displaces the deck's entire interaction suite (Thoughtseize 4 to the sideboard, Push, Emperor and Ending gone). The ruled-in comparator, the Orzhov Vial version (7 lists, core Aether Vial, Recruiter of the Guard, White Orchid Phantom, Orcish Bowmasters, Fatal Push, Emperor of Bones), keeps the interaction and carries none of the taxes creatures; 177 holds none of Recruiter, Phantom or Bowmasters and overlaps that core at 0.737, so it is not the Vial version with a blue splash either. No Vial taxes population exists in the store to name it a different deck by count (177 is the only list with Vial and two or more of those creatures; Queller, Strangler, Prince and Nullifier each appear in this one mainboard), which is exactly the hybrid case pass one put out for now, both passes agreeing, and the pass-one csv row for 177 records that ruling. The rule cannot throw out anything silently (Sculler in 2 store lists, 0 paper), so no collateral risk remains. The proposed reversal is conditional on a policy change, not on a measurement the finder got wrong; as a collateral candidate it does not survive."
oswald,UW Oswald,melee:c4d78254-e3c3-4b04-a149-b4bc00121642,melee,2026-09-05,Spotlight Dallas,IainB7,,false-negative,low,post,pass2,drop,"in: the deck becomes Grinding Station, on Station, Emry and Cam with Oswald or Loki","angle 5: Registered Mono-Blue Loki, 11-4-0, 28th of 928, a top-32 finish at Dallas where the deck has 2 members. The Oswald shell without Oswald or a white source: 3 Grinding Station, 3 Loki, 4 Emry, 4 Tamiyo, 4 Sewer-veillance Cam, 4 Urza's Saga, 4 Mox Opal, 4 Mox Amber, 4 Metallic Rebuke, 4 Mishra's Bauble, 1 Skateboard, plus 4 Key to the Side-Door; 0.71 overlap with the MTGO Oswald core (12 of 17, the missing five being Oswald and the white cards). Loki sits in 50 of the 61 Oswald members, so this is the members' deck minus its white card, and it is a population on MTGO: 29 store lists hold Station, Loki and Emry with no Oswald (Alakai 8, CesarMerjan 4, NathanOfTheGiltLeaf 4, howa 3, Kollslaw 2, GinkoHS 2, and others), 24 of them with no white source at all; 4 paper lists share the shape (Jezza's Brisbane Mono-Blue Affinity, Avt's Izzet Loki and nogwig's Simic Loki at Dallas, and this one). Out by design: the report is UW Oswald and Oswald is the white card. Raised because the neighbour is half the size of the tracked deck and outperformed it here. Proposed rule: If the pilot wants the Loki deck rather than the Oswald card: signature Grinding Station plus Loki, God of Mischief. Measured: moves 29 store and 4 paper lists in and drops the 11 store Oswald members without Loki. Otherwise no change.","angle 5 verifier: The facts reproduce: 3 Station, 3 Loki, 4 Emry, 4 Tamiyo, 4 Cam, 4 Saga, 4 Opal, 4 Amber, 4 Rebuke, 4 Bauble, 4 Key to the Side-Door, 1 Skateboard, 12 of 17 core cards (0.71); Oswald is in neither board and there is no white source; Loki sits in 43 of the 54 store members; 29 store lists and 4 paper lists hold Station, Loki and Emry without Oswald (27 of the store ones with no white source by my land set); Station plus Loki would move 29 store and 4 paper in and 11 store members out. But it is not a false negative. CONTEXT and HEURISTICS define the deck as Oswald Fiddlebender with Grinding Station, Oswald being the card that names it, and this list does not hold the deck's own engine anywhere in its 75; it is the neighbour build the way the Tezzeret and Krang build is, and the finder concedes it is out by design. The proposed rule renames the tracked deck rather than fixing a miss. Worth a line to the pilot that the Mono-Blue Loki neighbour (29 store, 4 paper) placed 28th at Dallas where the two Oswald members went 4-5 and 2-4, but that is a new-deck question, not a membership one."
zoo,Domain Zoo,modern-league-2026-06-0810628#Argentorum,mtgo,2026-06-08,Modern League,Argentorum,frog,false-negative,low,post,pass2,drop,"in: the Frog version of Domain Zoo, Kavu-less on Scion, Guildpact and Frog","angle 1: 4 Scion, 4 Binding, 4 Guildpact, 4 Ragavan, 4 Frog, 4 Riddler, 3 Kroxa, 3 Prismatic Ending, no Kavu. Proposed rule: No clean rule (see 20360): Scion plus Guildpact plus Ragavan moves 3 in, 3 clean members out. Left for a ruling.","angle 1 verifier: Re-read: 4 Scion, 4 Binding, 4 Guildpact, 4 Ragavan, 4 Frog, 4 Riddler, 3 Force, 3 Kroxa, 3 Prismatic Ending, 4 Consign, no Kavu, no Bolt, no Stubborn Denial; core overlap 0.53. Same Kavu-less Frog control shell as 20360; same reasoning and the same rule that moves 3 members out."
zoo,Domain Zoo,melee:f07a2114-3b41-4997-bb9d-b485016a6487,melee,2026-07-17,Pro Tour Amsterdam,izzetrycal,frog,false-negative,low,post,pass2,drop,"in: the Frog version of Domain Zoo, Kavu-less on Scion, Guildpact and Frog","angle 1: 320th at the Pro Tour: 4 Scion, 4 Binding, 4 Guildpact, 4 Ragavan, 4 Frog with no Kavu. Proposed rule: No clean rule (see 20360): Scion plus Guildpact plus Ragavan moves 3 in, 3 clean members out. Left for a ruling. Also raised by angle 5: Registered Domain Zoo, 1-4-0, 320th. The Frog-camp Zoo shell without Territorial Kavu: 4 Scion of Draco, 4 Leyline of the Guildpact, 4 Leyline Binding, 4 Ragavan, 4 Frog, 4 Riddler, 4 Thoughtseize, 3 Fatal Push, 3 Consign, 2 Phelia, 2 Preordain; 0.69 overlap with the MTGO Frog-camp core (9 of 13) and 0.59 with the pooled core. Kavu is at 4 in 360 of the 361 members and at 2 in the other, so the rule reads it as the deck's card, and the wider Scion-plus-Guildpact-without-Kavu shape is 30 store lists that are mostly the Shardless Agent domain cascade deck (Mtyrant's build, Agent in 24 of the 30). The narrow shape, Scion, Guildpact and Ragavan without Kavu, is 2 store lists (Argentorum 17681, a 5-0 with Kroxa and Prismatic Ending over the Frog shell; Jselzo 20360) and this one. Proposed rule: Signature Scion of Draco, Leyline of the Guildpact and Ragavan, Nimble Pilferer with Kavu dropped. Measured: moves 2 store and 1 paper list in; would drop the clean members without Ragavan (pass one counted 2, gabaghoul 14429 and Angrenos 22847). Low: one 1-4 list and a Kavu-less Zoo is at odds with the rule's own wording.","angle 1 verifier: Re-read: 320th, 1-4-0, registered Domain Zoo; 4 Scion, 4 Binding, 4 Guildpact, 4 Ragavan, 4 Frog, 4 Riddler, 4 Thoughtseize, 3 Push, 2 Phelia, 3 Consign, no Kavu, no Bolt, no Stubborn Denial, no Force; core overlap 0.59. The pilot's name is the only evidence for Zoo; the 60 is the Kavu-less five-colour Frog shell with a black suite. Same standing as 20360, and the rule moves 3 members out."
zoo,Domain Zoo,modern-league-2026-07-2210847#Jselzo,mtgo,2026-07-22,Modern League,Jselzo,frog,false-negative,low,post,pass2,drop,"in: the Frog version of Domain Zoo, Kavu-less on Scion, Guildpact and Frog","angle 1: 4 Scion, 4 Leyline Binding, 4 Guildpact, 4 Ragavan, 4 Frog, 4 Riddler, 3 Discharge, 3 Wrath of the Skies on the domain manabase with no Territorial Kavu (320 of 321 members run 4); the pilot's 22418 and 22447 are members. A Frog-version Zoo that cut Kavu. Proposed rule: No clean rule: Scion plus Guildpact plus Ragavan as the signature moves 17681, 20360 and izzetrycal in and 3 clean members out (18649, 18677 without Guildpact, 22847 without Ragavan); Scion plus Guildpact alone admits 33, 29 of them Footfalls or Mtyrant's Kavu-less Frog control. Left for a ruling.","angle 1 verifier: Re-read: 4 Scion, 4 Binding, 4 Guildpact, 4 Ragavan, 4 Frog, 4 Riddler, 4 Force of Negation, 3 Discharge, 3 Wrath, 2 Practiced Offense, no Kavu, no Bolt, no Stubborn Denial; core overlap 0.59. Against the 321 members: Kavu 321, Bolt 283, Stubborn Denial 304, Force 7, Discharge 0. Its engine is the Frog, Riddler, Force, Binding and Scion control shell of the 20 Kavu-less Scion lists (Mtyrant's 8, the mid-June group, DLC at Dallas) the finder itself reads as Frog control and not Zoo; Ragavan on top does not make it Zoo. Jselzo's member lists 22418 and 22447 are a different deck (4 Kavu, 4 Solitude, 3 Ephemerate, no Frog, no Force). The only rule offered moves 3 clean members out (18649, 18677, 22847), verified."
devoted,Devoted Combo,melee:02b83bd0-eb96-498a-b437-b4b40061f5a2,melee,2026-08-29,Spotlight Brisbane,Dennison,,hybrid,low,post,pass2,keep,"in: Devoted Druid with either Tyvar, and Nantuko and Quirion are the deck's own cards","angle 5: Registered Selesnya Devoted Druid Combo, 8-7-0, 112th. Druid combo half: 4 Devoted Druid, 1 Vizier of Remedies, 4 Badgermole Cub, 4 Halfling, 4 GSZ, 4 Leyline of Abundance, 4 Nature's Rhythm, 3 Shang-Chi, 1 Tyvar, the Pummeler, no Jubilant Brawler and no Ballista; 0.77 overlap with the MTGO Devoted core (17 of 22). Nantuko half: 3 Springheart Nantuko, 4 Quirion Ranger, Ashaya, Formidable Speaker, 6 Forest, Ouroboroid 4 in the side. Straddles Devoted Combo and the mono-green Nantuko deck; the store holds no list of this shape (0 store lists with Druid, no Jubilant Brawler and the Pummeler). Proposed rule: Same Pummeler alternative as noah212 would move it in (0 store, 2 paper); if hybrids stay out for now, no rule change and it stays outside as it is today.","angle 5 verifier: Read by hand: 4 Druid, 1 Vizier, 4 Cub, 4 Halfling, 4 GSZ, 4 Leyline of Abundance, 4 Nature's Rhythm, 3 Shang-Chi, 1 Pummeler, no Brawler and no Ballista, beside 3 Springheart Nantuko, 4 Quirion Ranger, Ashaya, Formidable Speaker and 6 Forest, with 4 Ouroboroid in the side; 17 of 22 core cards (0.77), missing Brawler and the black splash (Birds, Overgrown Tomb, Underground Mortuary, Boseiju). Ashaya is in 9 store members and Nantuko in 1, so the Nantuko-Ranger half is outside the deck's vocabulary and the Druid half has neither of its finishers. Hybrid is the right category and it is outside today; the Pummeler rule would move it (0 store, 2 paper) and the finder rightly recommends no change while hybrids stay out. Kept as an observation, not a rule."
devoted,Devoted Combo,melee:ac0724a5-95dc-43f9-af89-b4b90172bde8,melee,2026-09-05,Spotlight Dallas,noah212,,false-negative,low,post,pass2,keep,"in: Devoted Druid with either Tyvar, and Nantuko and Quirion are the deck's own cards","angle 5: Registered Devoted Druid Combo, 0-1-0, 911th. Holds 20 of the 22 MTGO core cards (0.91): 3 Devoted Druid, 1 Vizier of Remedies, 1 Walking Ballista, 4 Badgermole Cub, 4 Delighted Halfling, 4 Green Sun's Zenith, 4 Leyline of Abundance, 3 Nature's Rhythm, 3 Shang-Chi, 3 Ouroboroid, Craterhoof, Duskwatch Recruiter, Fiend Artisan, Dryad Arbor. Missing Tyvar, Jubilant Brawler entirely; runs 1 Tyvar, the Pummeler instead, a card 228 of the 372 store members also run but always beside Jubilant Brawler. Also carries 2 Springheart Nantuko and 2 Quirion Ranger, the mono-green Nantuko package the Trudge heuristic calls a different deck (Nantuko is in 1 store member, Quirion Ranger in 27). On MTGO the rule is right: only 4 store lists hold Druid without Jubilant Brawler (Hovsgaard 18927, Musagete 20564, Permeloso 22652 with Vizier, one without), none with the Pummeler. Proposed rule: Accept Tyvar, the Pummeler as an alternative to Tyvar, Jubilant Brawler in the Devoted signature (Druid plus either Tyvar). Measured: moves 0 store lists and 2 paper lists (this one and Dennison's Brisbane list).","angle 5 verifier: Read by hand: 3 Devoted Druid, 1 Vizier, 1 Ballista, 4 Badgermole Cub, 4 Halfling, 4 GSZ, 4 Leyline of Abundance, 3 Nature's Rhythm, 3 Shang-Chi, 3 Ouroboroid, 2 Birds, 2 Dryad Arbor, Craterhoof, Duskwatch, Fiend Artisan, 1 Tyvar the Pummeler, no Jubilant Brawler; 20 of 22 core cards (0.91, missing Brawler and Boseiju). The Druid-Vizier-Ballista combo is there, so the engine is intact and the Brawler is the one cut. The Nantuko splash is 2 Nantuko, 2 Quirion Ranger, 1 Summoner's Pact, no Trudge or Fanatic, so it is not the mono-green Nantuko deck's engine. Counts reproduce except one: Pummeler sits in 183 of the 372 store members (the finder's 228 adds the 45 paper members), always beside Brawler (0 without); Nantuko in 1 store member, Ranger in 27; the 4 store Druid lists without Brawler are 9475 (Nantuko, no Vizier), 18927, 20564 and 22652 (Elves and Cauldron builds), none with the Pummeler. Druid plus either Tyvar moves exactly 0 store and 2 paper lists (this and Dennison). Low confidence stands: the rule would be keyed on one 0-1 list."
affinity,Affinity,modern-league-2026-06-0910628#esatheking,mtgo,2026-06-09,Modern League,esatheking,,false-negative,medium,post,pass2,keep,"in: Weapons Manufacturing is supporting, the Kappa, Pinnacle and Explosives shell is the deck","angle 1: 4 Kappa, 4 Pinnacle, 2 Explosives, 4 Jar, 3 Crypt, 4 Portable Hole, 1 Krang, 2 Preordain, no Manufacturing or Song; core overlap 0.74. Krang at 1 to 2 sits in 140 members. Proposed rule: Drop Weapons Manufacturing from the Affinity signature: moves 24 (22 store, 2 paper), 0 members out.","angle 1 verifier: Re-read: 4 Kappa, 4 Pinnacle, 2 Explosives, 4 Jar, 3 Crypt, 4 Portable Hole, 4 Rebuke, 1 Krang, 2 Preordain, no Manufacturing or Song; core overlap 0.74 reproduced; Krang at 1 is inside the member range. Same standing as 9218."
affinity,Affinity,modern-league-2026-06-1810628#MrSeri,mtgo,2026-06-18,Modern League,MrSeri,,false-negative,medium,post,pass2,keep,"in: Weapons Manufacturing is supporting, the Kappa, Pinnacle and Explosives shell is the deck","angle 1: 4 Kappa, 4 Pinnacle, 4 Explosives, 4 Jar, 3 Crypt, 4 Emry, 4 Metallic Rebuke, 4 Patchwork Automaton, no Manufacturing, Tamiyo, Krang or Song; core overlap 0.84. Proposed rule: Drop Weapons Manufacturing from the Affinity signature: moves 24 (22 store, 2 paper), 0 members out.","angle 1 verifier: Re-read: 4 Kappa, 4 Pinnacle, 4 Explosives, 4 Jar, 3 Crypt, 4 Emry, 4 Rebuke, 4 Patchwork Automaton (0 members), no Manufacturing, Tamiyo, Krang or Song; core overlap 0.84 reproduced. Same standing as 9218."
affinity,Affinity,modern-league-2026-06-2210628#esatheking,mtgo,2026-06-22,Modern League,esatheking,,false-negative,medium,post,pass2,keep,"in: Weapons Manufacturing is supporting, the Kappa, Pinnacle and Explosives shell is the deck","angle 1: esatheking's Portable Hole build again: 4 Kappa, 4 Pinnacle, Explosives, 4 Jar, 3 Crypt, 1 Krang, no Manufacturing or Song; core overlap 0.74. Proposed rule: Drop Weapons Manufacturing from the Affinity signature: moves 24 (22 store, 2 paper), 0 members out.","angle 1 verifier: Counts re-measured: esatheking's Portable Hole build, 4 Kappa, 4 Pinnacle, 2 Explosives, 4 Jar, 3 Crypt, 1 Krang, no Manufacturing or Song; core overlap 0.74. Same standing as 17729."
affinity,Affinity,modern-league-2026-07-0410847#Costola91,mtgo,2026-07-04,Modern League,Costola91,,false-negative,medium,post,pass2,keep,"in: Weapons Manufacturing is supporting, the Kappa, Pinnacle and Explosives shell is the deck","angle 1: 4 Kappa, 4 Pinnacle, 4 Explosives, 4 Jar, 4 Crypt, 4 Emry, 4 Street Wraith, 3 Metallic Rebuke on Shivan Reef and Spirebluff, no Manufacturing, Tamiyo, Krang or Song; core overlap 0.89. Proposed rule: Drop Weapons Manufacturing from the Affinity signature: moves 24 (22 store, 2 paper), 0 members out.","angle 1 verifier: Re-read: 4 Kappa, 4 Pinnacle, 4 Explosives, 4 Jar, 4 Crypt, 4 Emry, 4 Street Wraith (0 members), 3 Rebuke on Shivan Reef and Spirebluff, no Manufacturing, Tamiyo, Krang or Song; core overlap 0.89 reproduced. Same standing as 9218."
affinity,Affinity,modern-league-2026-07-2610847#Skeptic2304,mtgo,2026-07-26,Modern League,Skeptic2304,,false-negative,medium,post,pass2,keep,"in: Weapons Manufacturing is supporting, the Kappa, Pinnacle and Explosives shell is the deck","angle 1: 4 Kappa, 4 Pinnacle, 4 Explosives, 4 Jar, 4 Crypt, 4 Thoughtcast, 3 Memnite, 3 Emry, no Manufacturing, Tamiyo, Krang or Song; core overlap 0.89. Proposed rule: Drop Weapons Manufacturing from the Affinity signature: moves 24 (22 store, 2 paper), 0 members out.","angle 1 verifier: Counts re-measured: 4 Kappa, 4 Pinnacle, 4 Explosives, 4 Jar, 4 Crypt, no Manufacturing, Tamiyo, Krang or Song; core overlap 0.89. Same standing as 9218."
affinity,Affinity,modern-challenge-64-2026-07-2612848217#Mogged,mtgo,2026-07-26,Modern Challenge 64,Mogged,,false-negative,medium,post,pass2,keep,"in: Weapons Manufacturing is supporting, the Kappa, Pinnacle and Explosives shell is the deck","angle 1: 4th place. The Affinity shell without Weapons Manufacturing: 4 Kappa, 4 Pinnacle, 4 Explosives, 4 Welding Jar, 4 Tormod's Crypt, 4 Opal, 4 Bauble, 4 Saga, 3 Thoughtcast, 3 Memnite, 3 Emry on Spirebluff and Fiery Islet; no Tamiyo, Krang or Song. Core overlap 0.89; only Manufacturing (in all 828 members at 2 or more) keeps it out, and the ruling's stated purpose for the card was the Krang, Tamiyo and Song decks, none of which this is. Proposed rule: Drop Weapons Manufacturing from the Affinity signature (Kappa, Pinnacle, Explosives with Song excluded): moves exactly 24 lists in (22 store, 2 paper), 0 members out; 16 of the 24 are this shell, 7 carry Tamiyo and 1 runs Krang at 3.","angle 1 verifier: Re-read: 4th place, 4 Kappa, 4 Pinnacle, 4 Explosives, 4 Welding Jar, 4 Tormod's Crypt, 4 Opal, 4 Bauble, 4 Saga, 3 Thoughtcast, 3 Memnite, 3 Emry, 2 Rebuke on Spirebluff, Fiery Islet and Shivan Reef; no Weapons Manufacturing, Tamiyo, Krang or Song; core overlap 0.89 reproduced. Manufacturing sits in all 828 members (791 at 4). Dropping it moves 24 in (22 store, 2 paper), 0 out, as measured, but see the notes: 8 of the 24 are the Tamiyo and Krang decks the ruling names, so the rule is not clean and this needs a ruling on whether the Manufacturing-less shell is the deck."
affinity,Affinity,modern-league-2026-07-2810847#digdude13,mtgo,2026-07-28,Modern League,digdude13,,false-negative,medium,post,pass2,keep,"in: Weapons Manufacturing is supporting, the Kappa, Pinnacle and Explosives shell is the deck","angle 1: 4 Kappa, 4 Pinnacle, 4 Explosives, 4 Jar, 4 Crypt, 3 Thoughtcast, 3 Memnite, no Manufacturing, Tamiyo, Krang or Song; core overlap 0.89. Proposed rule: Drop Weapons Manufacturing from the Affinity signature: moves 24 (22 store, 2 paper), 0 members out.","angle 1 verifier: Counts re-measured: 4 Kappa, 4 Pinnacle, 4 Explosives, 4 Jar, 4 Crypt, no Manufacturing, Tamiyo, Krang or Song; core overlap 0.89. Same standing as 9218."
affinity,Affinity,modern-league-2026-08-0110847#starfall,mtgo,2026-08-01,Modern League,starfall,,false-negative,medium,post,pass2,keep,"in: Weapons Manufacturing is supporting, the Kappa, Pinnacle and Explosives shell is the deck","angle 1: 4 Kappa, 4 Pinnacle, 4 Explosives, 4 Jar, 4 Crypt, 3 Thoughtcast, 3 Memnite, no Manufacturing, Tamiyo, Krang or Song; core overlap 0.89. Proposed rule: Drop Weapons Manufacturing from the Affinity signature: moves 24 (22 store, 2 paper), 0 members out.","angle 1 verifier: Counts re-measured: 4 Kappa, 4 Pinnacle, 4 Explosives, 4 Jar, 4 Crypt, no Manufacturing, Tamiyo, Krang or Song; core overlap 0.89. Same standing as 9218."
affinity,Affinity,modern-league-2026-08-0910847#esatheking,mtgo,2026-08-09,Modern League,esatheking,,false-negative,medium,post,pass2,keep,"in: Weapons Manufacturing is supporting, the Kappa, Pinnacle and Explosives shell is the deck","angle 1: esatheking's third Manufacturing-less list: 4 Kappa, 4 Pinnacle, Explosives, 4 Jar, 3 Crypt, 1 Krang, no Manufacturing or Song; core overlap 0.74. Proposed rule: Drop Weapons Manufacturing from the Affinity signature: moves 24 (22 store, 2 paper), 0 members out.","angle 1 verifier: Counts re-measured: 4 Kappa, 4 Pinnacle, 2 Explosives, 4 Jar, 3 Crypt, 1 Krang, no Manufacturing or Song; core overlap 0.74. Same standing as 17729."
affinity,Affinity,modern-challenge-64-2026-08-1412851649#Mogged,mtgo,2026-08-14,Modern Challenge 64,Mogged,,false-negative,medium,post,pass2,keep,"in: Weapons Manufacturing is supporting, the Kappa, Pinnacle and Explosives shell is the deck","angle 1: Mogged's Manufacturing-less shell again: 4 Kappa, 4 Pinnacle, 4 Explosives, 4 Jar, 4 Crypt, 3 Thoughtcast, 3 Memnite; no Tamiyo, Krang or Song; core overlap 0.89. Proposed rule: Drop Weapons Manufacturing from the Affinity signature: moves 24 (22 store, 2 paper), 0 members out.","angle 1 verifier: Re-read: 4 Kappa, 4 Pinnacle, 4 Explosives, 4 Jar, 4 Crypt, 3 Thoughtcast, 3 Memnite, no Manufacturing, Tamiyo, Krang or Song; core overlap 0.89 reproduced. Same standing as 9218."
affinity,Affinity,modern-league-2026-08-1910983#sioutis_kk,mtgo,2026-08-19,Modern League,sioutis_kk,,false-negative,medium,post,pass2,keep,out: Basim is not Affinity,"angle 1: 4 Kappa, 4 Pinnacle, 4 Explosives, 4 Jar, 4 Crypt on the Affinity manabase, no Manufacturing, Tamiyo, Krang or Song; core overlap 0.79. Proposed rule: Drop Weapons Manufacturing from the Affinity signature: moves 24 (22 store, 2 paper), 0 members out.","angle 1 verifier: Re-read: 4 Kappa, 4 Pinnacle, 4 Explosives, 4 Jar, 4 Crypt, 3 Emry, 3 Rebuke, plus 4 Basim Ibn Ishaq (0 members) on Polluted Delta and Watery Grave; no Manufacturing, Tamiyo, Krang or Song; core overlap 0.79 reproduced. The Basim slot is where Manufacturing would sit; kept at the finder's medium as the shell is otherwise intact."
affinity,Affinity,melee:d743d69a-8f9e-4741-99bd-b4bc009dd689,melee,2026-09-05,Spotlight Dallas,zeppelin016,,false-negative,medium,post,pass2,keep,"in: Weapons Manufacturing is supporting, the Kappa, Pinnacle and Explosives shell is the deck","angle 1: Registered as Jeskai Affinity (5-4, 321st): 4 Kappa, 4 Pinnacle, 4 Explosives, 4 Jar, 4 Crypt, 4 Opal, 4 Bauble, 4 Saga, 4 Memory Guardian, 3 Ravenous Robots, 3 Castle Doom, no Manufacturing, Tamiyo, Krang or Song. Proposed rule: Drop Weapons Manufacturing from the Affinity signature: moves 24 (22 store, 2 paper), 0 members out.","angle 1 verifier: Re-read: registered Jeskai Affinity, 5-4-0, 321st; 4 Kappa, 4 Pinnacle, 4 Explosives, 4 Jar, 4 Crypt, 4 Opal, 4 Bauble, 4 Saga, 4 Memory Guardian, 3 Ravenous Robots, 3 Castle Doom, 3 Portable Hole, no Manufacturing, Tamiyo, Krang or Song; core overlap 0.68. Same standing as 9218."
affinity,Affinity,modern-league-2026-09-0910983#kePs,mtgo,2026-09-09,Modern League,kePs,,false-negative,medium,post,pass2,keep,"in: Weapons Manufacturing is supporting, the Kappa, Pinnacle and Explosives shell is the deck","angle 1: 4 Kappa, 4 Pinnacle, 4 Explosives, 3 Jar, 4 Crypt, 3 Ravenous Robots, 2 Castle Doom, 1 Krang, 1 Cranial Plating, no Manufacturing or Song; core overlap 0.89. The pilot's 20400 is a member (Manufacturing 4, Tamiyo 2). Proposed rule: Drop Weapons Manufacturing from the Affinity signature: moves 24 (22 store, 2 paper), 0 members out.","angle 1 verifier: Re-read: 4 Kappa, 4 Pinnacle, 4 Explosives, 3 Jar, 4 Crypt, 3 Ravenous Robots, 3 Portable Hole, 2 Castle Doom, 1 Krang Master Mind, 1 Cranial Plating, no Manufacturing or Song; core overlap 0.89 reproduced. Krang at 1 sits in 113 members and at 2 in 27 (140 of 828, the finder's count is right under the card's store name Krang, Master Mind). The pilot's 20400 is a member."
affinity,Affinity,modern-league-2026-09-1010983#LordEgg,mtgo,2026-09-10,Modern League,LordEgg,,false-negative,medium,post,pass2,keep,"in: Weapons Manufacturing is supporting, the Kappa, Pinnacle and Explosives shell is the deck","angle 1: 4 Kappa, 4 Pinnacle, 4 Explosives, 3 Jar, 4 Crypt, 3 Ravenous Robots, no Manufacturing, Tamiyo, Krang or Song; core overlap 0.79. Proposed rule: Drop Weapons Manufacturing from the Affinity signature: moves 24 (22 store, 2 paper), 0 members out.","angle 1 verifier: Counts re-measured: 4 Kappa, 4 Pinnacle, 4 Explosives, 3 Jar, 4 Crypt, Ravenous Robots, no Manufacturing, Tamiyo, Krang or Song; core overlap 0.79. Same standing as 9218."
affinity,Affinity,modern-challenge-64-2026-09-1112854070#Smallforest,mtgo,2026-09-11,Modern Challenge 64,Smallforest,,false-negative,medium,post,pass2,keep,"in: Weapons Manufacturing is supporting, the Kappa, Pinnacle and Explosives shell is the deck","angle 1: Smallforest's Robots build the day before 208: 4 Kappa, 4 Pinnacle, 4 Explosives, 3 Jar, 4 Crypt, 4 Ravenous Robots, no Manufacturing, Tamiyo, Krang or Song; core overlap 0.89. Proposed rule: Drop Weapons Manufacturing from the Affinity signature: moves 24 (22 store, 2 paper), 0 members out.","angle 1 verifier: Re-read: 4 Kappa, 4 Pinnacle, 4 Explosives, 3 Jar, 4 Crypt, 4 Ravenous Robots, no Manufacturing, Tamiyo, Krang or Song; core overlap 0.89 reproduced. Same standing as 9218."
affinity,Affinity,modern-challenge-16-2026-09-1212854076#Smallforest,mtgo,2026-09-12,Modern Challenge 16,Smallforest,,false-negative,medium,post,pass2,keep,"in: Weapons Manufacturing is supporting, the Kappa, Pinnacle and Explosives shell is the deck","angle 1: 10th place. 4 Kappa, 4 Pinnacle, 4 Explosives, 3 Jar, 4 Crypt, 4 Ravenous Robots, 3 Portable Hole, 4 Mana Confluence, no Manufacturing, Tamiyo, Krang or Song; core overlap 0.89. Proposed rule: Drop Weapons Manufacturing from the Affinity signature: moves 24 (22 store, 2 paper), 0 members out.","angle 1 verifier: Re-read: 10th, 4 Kappa, 4 Pinnacle, 4 Explosives, 3 Jar, 4 Crypt, 4 Ravenous Robots (73 members hold it), 3 Portable Hole, 4 Mana Confluence, 1 Castle Doom, no Manufacturing, Tamiyo, Krang or Song; core overlap 0.89 reproduced. Same standing as 9218."
affinity,Affinity,modern-league-2026-06-0210628#JuanNavarro14,mtgo,2026-06-02,Modern League,JuanNavarro14,,false-negative,low,post,pass2,drop,in: Krang is supporting inside the Affinity shell,"angle 1: 4 Kappa, 4 Pinnacle, Explosives, 2 Crypt, 4 Memnite, 4 Ravenous Robots, 3 Krang, no Manufacturing or Jar; core overlap 0.74. Krang at 3 was pre-ban only among members per pass one. Proposed rule: Drop Weapons Manufacturing from the Affinity signature: moves 24 (22 store, 2 paper), 0 members out.","angle 1 verifier: Re-read: 3 Krang Master Mind, 4 Memnite, 4 Springleaf Drum, 4 Ravenous Robots, 2 Crypt, no Welding Jar, no Manufacturing; core overlap 0.74. Krang at 3 sits in 0 of 828 members (113 at 1, 27 at 2), so this is the Krang build the ruling names rather than a member shape missing one card. Correctly outside."
affinity,Affinity,melee:e76eb379-29e1-4095-8b3e-b48701822e9a,melee,2026-07-17,Pro Tour Amsterdam,jkony_,,false-negative,low,post,pass2,drop,out: Tamiyo with Mox Amber and no Manufacturing is not Affinity,"angle 1: 4 Kappa, 4 Pinnacle, Explosives, 4 Crypt, 4 Tamiyo, 3 Krang, 1 Jar, no Manufacturing; the closest of the 24 to the Tamiyo and Krang deck the ruling names. Proposed rule: Drop Weapons Manufacturing from the Affinity signature: moves 24 (22 store, 2 paper), 0 members out.","angle 1 verifier: Re-read: 4 Tamiyo, 3 Krang Master Mind, 3 Mox Amber, 1 Welding Jar, 3 Kappa, no Manufacturing. Krang at 3 sits in 0 of 828 members (the range is 0 to 2) and Tamiyo 4 without Manufacturing is the Tamiyo and Krang deck the ruling names outright, as the finder itself says. Correctly outside."
affinity,Affinity,modern-challenge-32-2026-07-2512848201#Megalov,mtgo,2026-07-25,Modern Challenge 32,Megalov,,false-negative,low,post,pass2,drop,out: Sewer-veillance Cam is not Affinity,"angle 1: 23rd. 4 Kappa, 4 Pinnacle, 3 Explosives, 3 Crypt, 4 Tamiyo, 3 Sewer-veillance Cam, 2 Arcbound Ravager, 2 Mox Amber, no Manufacturing or Jar; core overlap 0.79. The Tamiyo and Cam package pass one cleared inside members (13556, 13608, 14336, 17690). Proposed rule: Drop Weapons Manufacturing from the Affinity signature: moves 24 (22 store, 2 paper), 0 members out.","angle 1 verifier: Re-read: 4 Tamiyo, 3 Sewer-veillance Cam (0 members), 2 Arcbound Ravager, 2 Mox Amber, no Welding Jar, no Manufacturing; core overlap 0.79. The Tamiyo artifact deck the ruling names; the members carrying Tamiyo all carry Manufacturing. Correctly outside."
affinity,Affinity,modern-challenge-64-2026-09-0612853693#LukeBrandes,mtgo,2026-09-06,Modern Challenge 64,LukeBrandes,,false-negative,low,post,pass2,drop,out: Tamiyo with Mox Amber and no Manufacturing is not Affinity,"angle 1: 21st. 4 Kappa, 4 Pinnacle, 4 Explosives, 4 Emry, 4 Metallic Rebuke, 4 Mox Amber, 3 Tamiyo, 2 Crypt, no Manufacturing or Jar; core overlap 0.74. The pilot's 9878 and 10513 are members. Proposed rule: Drop Weapons Manufacturing from the Affinity signature: moves 24 (22 store, 2 paper), 0 members out.","angle 1 verifier: Re-read: 3 Tamiyo, 4 Mox Amber, 4 Emry, 4 Rebuke, no Welding Jar, no Manufacturing; core overlap 0.74. The Tamiyo deck without the card the ruling uses to keep it out. Correctly outside."
affinity,Affinity,modern-league-2026-09-0610983#LukeBrandes,mtgo,2026-09-06,Modern League,LukeBrandes,,false-negative,low,post,pass2,drop,out: Tamiyo with Mox Amber and no Manufacturing is not Affinity,"angle 1: LukeBrandes's league version of 10708 the same day: 4 Kappa, 4 Pinnacle, 3 Explosives, 4 Mox Amber, 3 Tamiyo, 3 Crypt, no Manufacturing; core overlap 0.68. Proposed rule: Drop Weapons Manufacturing from the Affinity signature: moves 24 (22 store, 2 paper), 0 members out.","angle 1 verifier: LukeBrandes's league version of 10708: 3 Tamiyo, 4 Mox Amber, no Manufacturing, no Jar; core overlap 0.68. Correctly outside under the Tamiyo ruling."
affinity,Affinity,modern-league-2026-09-1110983#Arcbound_Papi,mtgo,2026-09-11,Modern League,Arcbound_Papi,,false-negative,low,post,pass2,drop,out: Basim is not Affinity,"angle 1: Card for card 212's Dimir Affinity aggro mainboard (Basim, Cranial Plating, Memnite, Ornithopter, Drum, 3 Tamiyo, 4 Kappa, 4 Pinnacle, 3 Explosives), no Manufacturing; the pilot's 10567 is a member with 3 Tamiyo and 4 Manufacturing. Proposed rule: Drop Weapons Manufacturing from the Affinity signature: moves 24 (22 store, 2 paper), 0 members out.","angle 1 verifier: Mainboard card for card 212 (Tamiyo 3, Basim, Plating, Memnite, Ornithopter, Drum, no Jar, no Manufacturing). Correctly outside under the Tamiyo ruling, same reasoning as 212."
affinity,Affinity,modern-league-2026-09-1110983#Kaliakatsos,mtgo,2026-09-11,Modern League,Kaliakatsos,,false-negative,low,post,pass2,drop,out: Basim is not Affinity,"angle 1: Card for card 212's Dimir Affinity aggro mainboard, no Manufacturing. Proposed rule: Drop Weapons Manufacturing from the Affinity signature: moves 24 (22 store, 2 paper), 0 members out.","angle 1 verifier: Mainboard card for card 212 (Tamiyo 3, no Manufacturing, no Jar). Correctly outside under the Tamiyo ruling."
affinity,Affinity,modern-challenge-16-2026-09-1212854076#Navigator_2505,mtgo,2026-09-12,Modern Challenge 16,Navigator_2505,,false-negative,low,post,pass2,drop,out: Basim is not Affinity,"angle 1: 16th. Dimir Affinity aggro: 4 Kappa, 4 Pinnacle, 3 Explosives, 3 Crypt, 3 Basim Ibn Ishaq, 3 Cranial Plating, 3 Memnite, 3 Ornithopter, 2 Springleaf Drum, 3 Tamiyo on Darkslick Shores and Watery Grave, no Manufacturing; core overlap 0.58. The Memnite, Ornithopter and Drum shell pass one cleared as the older aggro build, here with Tamiyo, which pass one also cleared inside members (10 members hold it). Proposed rule: Drop Weapons Manufacturing from the Affinity signature: moves 24 (22 store, 2 paper), 0 members out. Excluding Tamiyo as well would keep the 7 Tamiyo lists out but drops 12 clean members (10 store, 2 paper), rejected by pass one.","angle 1 verifier: Re-read: 3 Tamiyo, 3 Basim, 3 Cranial Plating, 3 Memnite, 3 Ornithopter, 2 Springleaf Drum, no Welding Jar, no Manufacturing, on Darkslick Shores and Watery Grave; core overlap 0.58. The pass-one ruling names the Tamiyo artifact deck as a different deck and Weapons Manufacturing as the card that keeps it out; the 10 members holding Tamiyo all hold Manufacturing at 2 to 4 as well (verified), which is the ruling's line. A Tamiyo list with no Manufacturing is exactly what the ruling excludes, so it is correctly outside."
prowess,Izzet Prowess,modern-challenge-64-2026-06-0312843459#DelverOfBolts,mtgo,2026-06-03,Modern Challenge 64,DelverOfBolts,,false-negative,low,post,pass2,keep,in: Channeler is supporting; the shell is Vents and Lava Dart with four of the six prowess staples,"angle 1: 4 Cutter, 4 DRC, 4 Slickshot, 4 Stormchaser's Talent, 4 Academic Dispute, 3 Boomerang Basics, 4 Bolt, 4 Lava Dart, 3 Steam Vents, no Swiftspear; core overlap 0.88. Proposed rule: Dropping Monastery Swiftspear moves 8 (7 store, 1 paper), 5 of them not prowess; not recommended, flagged for a ruling.","angle 1 verifier: Re-read: 22nd, 4 Cutter, 4 DRC, 4 Slickshot, 4 Talent, 4 Academic Dispute, 3 Boomerang Basics, 4 Bolt, 4 Lava Dart, 3 Steam Vents, no Swiftspear; core overlap 0.88 reproduced. Same standing as 17772: the deck, no clean rule, flagged for a ruling."
prowess,Izzet Prowess,modern-league-2026-06-0910628#kyrre2013,mtgo,2026-06-09,Modern League,kyrre2013,,false-negative,low,post,pass2,keep,in: Channeler is supporting; the shell is Vents and Lava Dart with four of the six prowess staples,"angle 1: Izzet prowess with Swiftspear cut for 4 Academic Dispute: 4 Cutter, 4 DRC, 4 Slickshot, 4 Mutagenic Growth, 4 Bolt, 4 Lava Dart, 4 Preordain, 3 Expressive Iteration, 3 Steam Vents; core overlap 0.94, the highest of any unclassified list. Proposed rule: Dropping Monastery Swiftspear from the signature moves 8 (7 store, 1 paper) and 0 members out, but 16375, 22068 and carrbn at Dallas run Murktide and Bosseidon's 17529 and 18290 are Talent decks without Slickshot, so the rule admits 5 non-prowess lists; not recommended, flagged for a ruling.","angle 1 verifier: Re-read: 4 Cutter, 4 DRC, 4 Slickshot, 4 Academic Dispute, 4 Mutagenic Growth, 4 Bolt, 4 Lava Dart, 4 Preordain, 3 Expressive Iteration, 3 Steam Vents, no Swiftspear; core overlap 0.94 reproduced, the highest of any unclassified list. It is the deck. The finder is right that no clean rule exists: dropping Swiftspear moves 8 in (7 store, 1 paper), 0 out, and 6 of the 8 are not prowess (16375 and 22068 Murktide 2 and 3, carrbn at Dallas Murktide 2, Bosseidon 17529 and 18290 Talent 4 with no Slickshot, and 22103, a Bilbo, Questing Druid and Flow State Temur list the finder did not name). Kept for a ruling with confidence low."
prowess,Izzet Prowess,modern-league-2026-07-2110847#Eason271,mtgo,2026-07-21,Modern League,Eason271,,false-negative,high,post,pass2,keep,in: Channeler is supporting; the shell is Vents and Lava Dart with four of the six prowess staples,"angle 1: 4 Cutter, 4 Swiftspear, 4 Slickshot, 4 Talent, 4 Boomerang Basics, 2 Mutagenic Growth, 4 Bolt, 4 Lava Dart, 3 Steam Vents, no DRC; core overlap 0.82. Proposed rule: Drop DRC from the Prowess signature: moves exactly 4, 0 members out.","angle 1 verifier: Re-read: 4 Cutter, 4 Swiftspear, 4 Slickshot, 4 Talent, 4 Boomerang Basics, 2 Mutagenic Growth, 2 Monstrous Rage, 4 Bolt, 4 Lava Dart, 3 Steam Vents, 1 Blood Crypt for 4 sideboard Thoughtseize, no DRC; core overlap 0.82 reproduced. Rule verified."
prowess,Izzet Prowess,modern-league-2026-07-2510847#lilcreacher,mtgo,2026-07-25,Modern League,lilcreacher,,false-negative,low,post,pass2,keep,in: Channeler is supporting; the shell is Vents and Lava Dart with four of the six prowess staples,"angle 1: Izzet prowess with its 4 Cori-Steel Cutter in the sideboard: 4 Swiftspear, 4 DRC, 4 Slickshot, 4 Mutagenic Growth, 4 Expressive Iteration, 4 Bolt, 4 Lava Dart, 3 Steam Vents; core overlap 0.88. Proposed rule: No clean rule: dropping Cutter from the signature moves 2 (20534 and 16976, a Boltwave and Flow State list with Murktide), 0 members out. Left for a ruling.","angle 1 verifier: Re-read: 4 Swiftspear, 4 DRC, 4 Slickshot, 4 Mutagenic Growth, 4 Expressive Iteration, 4 Bolt, 4 Lava Dart, 2 Talent, 3 Steam Vents, with 4 Cori-Steel Cutter in the sideboard; core overlap 0.88 reproduced. Dropping Cutter moves exactly 2 (20534 and 16976, a Boltwave, Flow State and Talent list with Murktide 1 main and 3 side), 0 out, as measured. The deck with its engine card boarded; left for a ruling, confidence low."
prowess,Izzet Prowess,modern-league-2026-08-0510847#TuckerMTG,mtgo,2026-08-05,Modern League,TuckerMTG,,false-negative,high,post,pass2,keep,in: Channeler is supporting; the shell is Vents and Lava Dart with four of the six prowess staples,"angle 1: 4 Cutter, 4 Swiftspear, 4 Slickshot, 4 Talent, 4 Mutagenic Growth, 4 Bolt, 4 Lava Dart, 4 Steam Vents, no DRC; core overlap 0.88. Proposed rule: Drop DRC from the Prowess signature: moves exactly 4, 0 members out.","angle 1 verifier: Re-read: 4 Cutter, 4 Swiftspear, 4 Slickshot, 4 Talent, 4 Mutagenic Growth, 4 Bolt, 4 Lava Dart, 4 Steam Vents, no DRC; core overlap 0.88 reproduced. Rule verified."
prowess,Izzet Prowess,modern-challenge-32-2026-09-0212853228#Certified_Noob,mtgo,2026-09-02,Modern Challenge 32,Certified_Noob,,false-negative,high,post,pass2,keep,in: Channeler is supporting; the shell is Vents and Lava Dart with four of the six prowess staples,"angle 1: 10th place. Izzet prowess with DRC cut for 4 Experimental Synthesizer: 4 Cutter, 4 Swiftspear, 3 Slickshot, 4 Stormchaser's Talent, 3 Mutagenic Growth, 4 Bolt, 4 Lava Dart, 3 Steam Vents; core overlap 0.88, no Phoenix, no Murktide. Proposed rule: Drop Dragon's Rage Channeler from the Prowess signature (Cutter, Swiftspear, Steam Vents with the floor of 2 and the Phoenix exclusion): moves exactly 4 store lists in (5292, 5356, 20350, 21240), 0 paper, 0 members out.","angle 1 verifier: Re-read: 10th, 4 Cutter, 4 Swiftspear, 3 Slickshot, 4 Stormchaser's Talent, 4 Experimental Synthesizer, 4 Boomerang Basics, 3 Mutagenic Growth, 4 Bolt, 4 Lava Dart, 3 Steam Vents, no DRC, no Phoenix, no Murktide; core overlap 0.88 reproduced. Dropping DRC from the signature moves exactly 4 in (5292, 5356, 20350, 21240), 0 paper, 0 out, as measured; all four re-read as Izzet prowess."
prowess,Izzet Prowess,modern-challenge-32-2026-09-0512853849#Certified_Noob,mtgo,2026-09-05,Modern Challenge 32,Certified_Noob,,false-negative,high,post,pass2,keep,in: Channeler is supporting; the shell is Vents and Lava Dart with four of the six prowess staples,"angle 1: 23rd, the same mainboard as 5292 (4 Cutter, 4 Swiftspear, 3 Slickshot, 4 Talent, 4 Synthesizer, 3 Steam Vents, no DRC). Proposed rule: Drop DRC from the Prowess signature: moves exactly 4, 0 members out.","angle 1 verifier: Mainboard card for card 5292 (verified), 23rd, no DRC. Rule verified."
tron,Tron,modern-challenge-16-2026-08-2912853187#416FrowningTable,mtgo,2026-08-29,Modern Challenge 16,416FrowningTable,,false-negative,high,post,pass2,keep,in: the Tron lands are the deck and Karn is supporting; colourless is the tracked version,"angle 1: Eldrazi Tron without Karn: 4 Tower, 4 Mine, 4 Power Plant, 4 Eldrazi Temple, 4 Ugin's Labyrinth, 4 Kozilek's Command, 4 Devourer of Destiny, 4 Sowing Mycospawn, 4 Ugin, Eye of the Storms, 2 Thought-Knot Seer, no Karn in the 75, no Stock Up or Force of Negation; core overlap 0.85. All 659 members run Karn at 4, so the Karn card is the only gate. Proposed rule: Replace Karn, the Great Creator in the Tron signature with Ugin's Labyrinth (Kozilek's Command or Devourer of Destiny give the identical result): moves exactly 3 store lists in (77, 22651, 22741), 0 paper, 0 members out; blue Tron still leaves on Stock Up. Eldrazi Temple would not do, 14 members lack it.","angle 1 verifier: Re-read: 4 Tower, 4 Mine, 4 Power Plant, 4 Eldrazi Temple, 4 Ugin's Labyrinth, 4 Kozilek's Command, 4 Devourer, 4 Mycospawn, 4 Ugin Eye of the Storms, 2 Thought-Knot Seer, 2 Emrakul, no Karn in main or side, no Stock Up, no excluded card; core overlap 0.85 reproduced. All 659 members hold Karn at exactly 4. Replacing Karn with Ugin's Labyrinth (or Kozilek's Command or Devourer, identical result) moves exactly 3 in (77, 22651, 22741), 0 paper, 0 out, as measured; Eldrazi Temple instead would move 15 out (14 store, 1 paper)."
tron,Tron,modern-league-2026-09-0110983#inf1nitus,mtgo,2026-09-01,Modern League,inf1nitus,,false-negative,high,post,pass2,keep,in: the Tron lands are the deck and Karn is supporting; colourless is the tracked version,"angle 1: Eldrazi Tron without Karn: the three Urza lands at 4, 4 Temple, 4 Labyrinth, 4 Kozilek's Command, 3 Devourer, 3 Mycospawn, 3 Ugin, Eye of the Storms, 3 Expand the Sphere, 3 Portent of Calamity, no Karn in the 75, no Stock Up; core overlap 0.69. Proposed rule: Replace Karn with Ugin's Labyrinth in the Tron signature: moves exactly 3 store lists, 0 paper, 0 members out.","angle 1 verifier: Re-read: the three Urza lands at 4, 4 Temple, 4 Labyrinth, 4 Command, 3 Devourer, 3 Mycospawn, 3 Ugin Eye of the Storms, 3 Expand the Sphere, 3 Portent of Calamity, 4 Talisman of Curiosity, 2 Dress Down on 1 Island, no Karn in the 75, no Stock Up; core overlap 0.69 reproduced. A blue splash inside the full Eldrazi engine. Rule verified."
tron,Tron,modern-league-2026-09-0310983#Argtigg,mtgo,2026-09-03,Modern League,Argtigg,,false-negative,high,post,pass2,keep,in: the Tron lands are the deck and Karn is supporting; colourless is the tracked version,"angle 1: Eldrazi Tron without Karn: the three Urza lands at 4, 4 Temple, 4 Labyrinth, 4 Kozilek's Command, 4 Devourer, 4 Mycospawn, 4 Ugin, Eye of the Storms, 2 Ulamog, 2 Sire of Seven Deaths, no Karn in the 75; core overlap 0.77. Proposed rule: Replace Karn with Ugin's Labyrinth in the Tron signature: moves exactly 3 store lists, 0 paper, 0 members out.","angle 1 verifier: Re-read: the three Urza lands at 4, 4 Temple, 4 Labyrinth, 4 Command, 4 Devourer, 4 Mycospawn, 4 Ugin Eye of the Storms, 2 Ulamog, 2 Sire of Seven Deaths, 1 Emrakul, no Karn in the 75; core overlap 0.77 reproduced. Rule verified, 3 in, 0 out."
energy,Boros Energy,modern-league-2026-06-1810628#wzanotti,mtgo,2026-06-18,Modern League,wzanotti,,false-negative,medium,post,pass2,keep,"in: under five off-colour cards, lands excluded, and no playset is a splash","angle 1: 4 Guide, 4 Ocelot, 4 Ajani, 4 Bombardment, 4 Ragavan, 4 Discharge, 4 Voice of Victory, 3 Pyromancer, tripped by a single Godless Shrine with no black card in the 75; core overlap 0.95. Proposed rule: Off_colour read only at 3 or more source copies plus the black splash spells excluded: moves exactly 3 store lists, 0 members out.","angle 1 verifier: Re-read: 61 cards, 4 Guide, 4 Ocelot, 4 Ajani, 4 Bombardment, 4 Ragavan, 4 Discharge, 4 Voice of Victory, 3 Pyromancer; 1 Godless Shrine, no black card in the 75, verified; core overlap 0.84, not 0.95. Rule verified."
energy,Boros Energy,modern-challenge-32-2026-06-2712845664#Linden_43,mtgo,2026-06-27,Modern Challenge 32,Linden_43,,false-negative,medium,post,pass2,keep,"in: under five off-colour cards, lands excluded, and no playset is a splash","angle 1: 7th place. The Boros four (4 Guide, 4 Ocelot, 4 Ajani, 3 Bombardment) with 4 Ragavan, 4 Discharge, 4 Pyromancer, 2 Solitude, 2 Ending, tripped by one Godless Shrine and one Blood Crypt with no black spell in the mainboard (4 Thoughtseize sit in the sideboard); core overlap 0.95. Proposed rule: Read Energy's off_colour only when the off-colour sources total 3 or more copies, and add Thoughtseize, Fatal Push, Claim/Fame, Sephiroth, Fabled SOLDIER and End of the Hunt to its excluded cards: moves exactly 3 store lists in (4531, 5295, 18372), 0 paper, 0 members out; the floor alone would move 13, the other 10 casting those black spells main.","angle 1 verifier: Re-read: 7th, 4 Guide, 4 Ocelot, 4 Ajani, 3 Bombardment, 4 Ragavan, 4 Discharge, 4 Pyromancer, 2 Solitude, 2 Ending, 2 Blood Moon; off-colour is 1 Godless Shrine and 1 Blood Crypt with no black card in the mainboard, the black cards being 4 Thoughtseize, 1 End of the Hunt and 1 Ob Nixilis in the sideboard; core overlap is 0.74, not 0.95. The floor-3 rule plus the six black spells excluded moves exactly 3 in (4531, 5295, 18372), 0 paper, 0 out, as measured; the floor alone moves 13, the other 10 casting Thoughtseize, Push, Claim/Fame, Sephiroth or End of the Hunt main, verified. The weakest of the three: two sources and a black sideboard plan. Kept for the ruling on whether a source held for the sideboard counts."
energy,Boros Energy,melee:cece2a9e-b40c-43e4-b1c0-b485002819ee,melee,2026-07-17,Pro Tour Amsterdam,Lindenk,,false-negative,medium,post,pass2,keep,"in: under five off-colour cards, lands excluded, and no playset is a splash","angle 5: Registered Boros Energy, 4-6-0, 133rd. Full signature (4 Guide, 4 Ocelot, 4 Ajani, 3 Bombardment) on 4 Ragavan, 4 Seasoned Pyromancer, 3 Prismatic Ending, 2 Galvanic Discharge, 2 Solitude, 2 Blood Moon, 2 Witch Enchanter, 0.84 overlap with the MTGO core (16 of 19). Turned away by 1 Godless Shrine, 1 Blood Crypt and 1 Raucous Theater whose only black cards are the sideboard's 4 Thoughtseize; no black spell in the mainboard. Six store energy-signature lists have the same shape (a black source or three and no black mainboard spell: Bails76 5295, RandomGameActions 8892, wzanotti 18372, Linden_43 19127 and 19243, Durotan97 19556), against 220 store lists with off-colour sources that cast the splash (Thoughtseize, Fatal Push, End of the Hunt main) and are the Mardu and Jeskai decks the rule exists to keep out. The 21 other paper lists the source rule turns away (13 Jeskai Energy, 3 Mardu Energy, 2 Jeskai, 1 Mardu, 1 Jeskai Blink, 1 Boros Aggro) all cast an off-colour spell and stay out under either reading. Proposed rule: Read the Boros Energy colour on mainboard spells: a full-signature list with off-colour sources stays in when no mainboard nonland is outside the Boros members' vocabulary. Measured: moves 6 store lists and 1 paper list (this one) into Boros Energy, 0 members out; the 220 store and 21 paper Mardu/Jeskai lists stay outside.","angle 5 verifier: Read by hand: 4 Guide, 4 Ocelot, 4 Ajani, 3 Bombardment, 4 Ragavan, 4 Seasoned Pyromancer, 3 Prismatic Ending, 2 Discharge, 2 Solitude, 2 Blood Moon, 2 Witch Enchanter, 2 Haliya, 2 Thraben Charm, 1 Ranger-Captain; 16 of 19 core cards (0.84, missing Voice of Victory, Arena of Glory, Dalkovan Encampment). Off-colour sources are 1 Godless Shrine, 1 Blood Crypt, 1 Raucous Theater and the only black cards in the 75 are the sideboard's 4 Thoughtseize. Counts reproduce exactly: of 226 store full-signature lists with an off-colour source, 6 hold no nonland outside the member vocabulary (5295, 8892, 18372, 19127, 19243, 19556; 8892 is this exact shape with the same three sources and 4 Thoughtseize sided) and 220 cast the splash; of 22 paper lists, this is the only clean one, the other 21 hold Quantum Riddler (13 Jeskai lists), Bowmasters, Push, Ob Nixilis or Sephiroth. I also checked for store lists whose only out-of-vocabulary cards are white or colourless and found none, so a spell-colour reading and the vocabulary proxy move the same 6 store and 1 paper list, 0 out. Reversal of the sources ruling is Alejandro's call."
energy,Boros Energy,modern-challenge-32-2026-09-0212853228#Bails76,mtgo,2026-09-02,Modern Challenge 32,Bails76,,false-negative,medium,post,pass2,keep,"in: under five off-colour cards, lands excluded, and no playset is a splash","angle 1: 29th. 4 Guide, 4 Ocelot, 4 Ajani, 3 Bombardment, 4 Ragavan, 4 Discharge, 3 Ranger-Captain, 2 Solitude, tripped by a single Godless Shrine with no black card in the 75; core overlap 0.95. Proposed rule: Off_colour read only at 3 or more source copies plus the black splash spells excluded: moves exactly 3 store lists, 0 members out.","angle 1 verifier: Re-read: 29th, 4 Guide, 4 Ocelot, 4 Ajani, 3 Bombardment, 4 Ragavan, 4 Discharge, 3 Ranger-Captain, 2 Solitude, 2 Voice of Victory; 1 Godless Shrine, no black card in the 75, verified; core overlap 0.95 reproduced. Rule verified."
ponza,Boros Ponza,modern-challenge-64-2026-07-0912847098#haoqinglangou,mtgo,2026-07-09,Modern Challenge 64,haoqinglangou,,false-negative,medium,post,pass2,keep,"out: a playset of Teferi is the Jeskai deck, not a splash","angle 1: 23rd. The full LD suite (4 Erode, 4 Cleansing Wildfire, 4 Field of Ruin, 4 Demolition Field, 4 Sunken Citadel, 3 Cori Mountain Monastery, 4 Price of Freedom) with 4 Discharge, 4 Solitude, 4 Wrath of the Skies and a Teferi splash on one Island; core overlap 1.00. Not the Jeskai control deck the ruling names, the LD suite is the whole plan. Proposed rule: Read Ponza's off_colour only when the off-colour sources total 2 or more copies: moves exactly 2 store lists in (8622, 19874), 0 paper, 0 members out.","angle 1 verifier: Re-read: 23rd, 4 Erode, 4 Cleansing Wildfire, 4 Field of Ruin, 4 Demolition Field, 4 Sunken Citadel, 3 Cori Mountain Monastery, 4 Price of Freedom, 4 Discharge, 4 Solitude, 4 Wrath of the Skies, 2 Path, plus 4 Teferi, 4 Orim's Chant, 2 Isochron Scepter on 1 Island; core overlap 1.00 reproduced. Chant sits in 11 members and Scepter in 7, Teferi in 0. The LD suite is the whole plan and the blue is one Island for Teferi. Off_colour floor of 2 moves exactly 2 (8622, 19874), 0 paper, 0 out, as measured."
ponza,Boros Ponza,modern-league-2026-07-1310847#haoqinglangou,mtgo,2026-07-13,Modern League,haoqinglangou,,false-negative,medium,post,pass2,keep,"out: a playset of Teferi is the Jeskai deck, not a splash","angle 1: The same mainboard as 8622 four days later (4 Erode, 4 Wildfire, 4 Field, 4 Demolition, 4 Teferi on one Island), sideboard changed; core overlap 1.00. Proposed rule: Off_colour read only at 2 or more source copies: moves exactly 2 store lists, 0 members out.","angle 1 verifier: Mainboard card for card 8622 (verified), four days later, sideboard changed; core overlap 1.00. Floor-2 rule verified."
ponza,Boros Ponza,melee:18562691-48aa-47b1-b1b2-b4bc0031a097,melee,2026-09-05,Spotlight Dallas,JTKR,,false-negative,low,post,pass2,keep,in: Erode is supporting; Wildfire with four of the six land-destruction staples is the deck,"angle 5: Registered Boros Land Destruction, 2-3-0, 669th. The Ponza mainboard minus Erode: 4 Cleansing Wildfire, 3 Demolition Field, 3 Ghost Quarter, 2 Field of Ruin, 4 Price of Freedom, 3 Avengers Disassembled, 4 Wrath of the Skies, 4 Solitude, 4 Path, 3 High Noon, 3 White Orchid Phantom, Magmatic Hellkite, on Boros sources only; 0.93 overlap with the MTGO core (13 of 14, Erode the one missing). Erode is in the sideboard at 3. Unique in the data: it is the only list in the store or the paper cache with mainboard Wildfire, Boros colours, no mainboard Erode and Erode in the side; the five store lists on Wildfire without Erode anywhere (Mad_Manaman 8786, EDHplayer 16382, twixcow 18857, LalauWBA 19488, Mr_Fringe 19504) hold no Erode at all, and no current member sides Erode (0 of 514; Erode main is 4 in 494, 3 in 14, 2 in 6). Proposed rule: Read Erode across the 75 for Ponza (signature satisfied by main or side, Wildfire still main). Measured: moves 0 store lists and exactly 1 paper list (this one). Low because it is one 2-3 list and a new mechanism for the classifier, which reads mainboards only.","angle 5 verifier: Read by hand: the land-destruction engine is intact, 4 Cleansing Wildfire, 3 Demolition Field, 3 Ghost Quarter, 2 Field of Ruin, 4 Price of Freedom, 3 Avengers Disassembled, with 4 Wrath of the Skies, 4 Solitude, 4 Path, 3 High Noon, 3 White Orchid Phantom, 2 Discharge, 1 Hellkite on Boros sources only; 13 of 14 core cards (0.93), Erode the one missing, 3 Erode in the sideboard. Counts reproduce on the store: Erode main is 4 in 447, 3 in 13, 2 in 6 of the 466 store members (the finder's 494/14/6 of 514 add the 48 paper members), 0 members side Erode, and the only lists with Wildfire main and no Erode main on Boros sources are 5 store lists with no Erode anywhere (8786, 16382, 18857, 19488, 19504) plus Ogedei at Brisbane, also with no Erode, and this one. Reading Erode across the 75 moves exactly 1 list, this one, and 0 store lists. Low confidence stands: one 2-3 list and a mechanism the classifier does not have."
ponza,Boros Ponza,modern-league-2026-05-2110628#EDHplayer,mtgo,2026-05-21,Modern League,EDHplayer,,false-negative,low,post,pass2,drop,in: Erode is supporting; Wildfire with four of the six land-destruction staples is the deck,"angle 1: 4 Cleansing Wildfire, 4 Field of Ruin, 4 Demolition Field, 3 Price of Freedom, 4 Solitude, 4 Wrath of the Skies, 4 Wrath of God, 4 Mazemind Tome on Plains and Sacred Foundry with no Erode in the 75; core overlap 0.71, one of the 9 of 620 LD lists the ruling counted without Erode. Proposed rule: No clean rule: Cleansing Wildfire alone as the signature moves 7 (5 store, 2 paper) of which only 16382 is the deck (8786, 18857, 19488, 19504, Ogedei and JTKR overlap the core at 0.36 or less). Left for a ruling.","angle 1 verifier: Re-read: 4 Wildfire, 4 Field, 4 Demolition, 3 Price, 4 Solitude, 4 Wrath of the Skies, 4 Wrath of God, 4 Mazemind Tome (0 members), 4 Reprieve, 3 Get Lost, no Erode in the 75; core overlap 0.71 reproduced. The pass-one ruling makes Erode the deck's card and knowingly counts the 9 Erode-less LD lists outside (611 of 620). Wildfire alone as the signature moves 7 in (5 store, 2 paper) with the other 6 overlapping the core at 0.29 to 0.50 plus JTKR at 0.93 with 3 Erode in the sideboard, verified. Correctly outside under a pass-one ruling, and no rule."
ponza,Boros Ponza,modern-challenge-64-2026-08-2112852731#-=Alfa=-,mtgo,2026-08-21,Modern Challenge 64,-=Alfa=-,,hybrid,low,post,pass2,drop,in: three Riddler and a Shark Typhoon is a splash under five,"angle 1: 30th. 4 Erode, 4 Wildfire, 4 Field, 4 Demolition, 4 Price of Freedom, 4 Discharge, 4 Solitude with 3 Quantum Riddler, 3 Reprieve and a Shark Typhoon on one Island and one Steam Vents; core overlap 0.93. A Ponza list that added blue card advantage rather than a control deck that splashed Erode. Proposed rule: Off_colour read only at 3 or more source copies: moves exactly 4 store lists in (8622, 19874, 10078, 22340), 0 paper, 0 members out.","angle 1 verifier: Re-read: 30th, 4 Erode, 4 Wildfire, 4 Field, 4 Demolition, 4 Price, 4 Discharge, 4 Solitude with 3 Quantum Riddler (0 of 466 members), 1 Shark Typhoon (0 members), 3 Reprieve, and three blue sources, not two: 1 Island, 1 Steam Vents and 1 Raugrin Triome (0 members hold Raugrin Triome; it is missing from the off_colour list, which is why the finder's floor-3 count is 4). The finder itself files it as hybrid, and the pass-one pattern puts hybrid brews out for now. The floor-3 rule would admit it only through the gap in the source list."
ponza,Boros Ponza,modern-league-2026-08-2610983#-=Alfa=-,mtgo,2026-08-26,Modern League,-=Alfa=-,,hybrid,low,post,pass2,drop,in: three Riddler and a Shark Typhoon is a splash under five,"angle 1: Alfa's league version: 4 Erode, 3 Wildfire, 4 Field, 4 Demolition, 4 Price of Freedom, 4 Discharge, 3 Quantum Riddler, 4 Reprieve on one Island and one Steam Vents; core overlap 0.93. Proposed rule: Off_colour read only at 3 or more source copies: moves exactly 4 store lists, 0 members out.","angle 1 verifier: Re-read: 4 Erode, 3 Wildfire, 4 Field, 4 Demolition, 4 Price, 4 Discharge, 3 Riddler, 4 Reprieve on 1 Island, 1 Steam Vents and 1 Raugrin Triome, three blue sources; Riddler in 0 of 466 members. Hybrid, out under the pass-one pattern, same as 10078."
dimir,Dimir Midrange,modern-league-2026-05-2210628#SlavSlays,mtgo,2026-05-22,Modern League,SlavSlays,,false-negative,medium,post,pass2,keep,"in: under five off-colour cards, lands excluded, and no playset is a splash","angle 1: Dimir 60 on one Steam Vents and one Thundering Falls, no red spell main; core overlap 0.95. Proposed rule: Off_colour floor of 3 plus the splash spells excluded: moves exactly 29 (27 store, 2 paper), 0 members out.","angle 1 verifier: Re-read: 4 Frog, 3 Riddler on 1 Steam Vents and 1 Thundering Falls, red only as 2 Meltdown side; core overlap 0.95 reproduced."
dimir,Dimir Midrange,modern-league-2026-05-2510628#DB_cntrlfreak_ttv,mtgo,2026-05-25,Modern League,DB_cntrlfreak_ttv,,false-negative,medium,post,pass2,keep,"in: under five off-colour cards, lands excluded, and no playset is a splash","angle 1: Frog and Riddler on one Hallowed Fountain and one Meticulous Archive, no white spell main. Proposed rule: Off_colour floor of 3 plus the splash spells excluded: moves exactly 29 (27 store, 2 paper), 0 members out.","angle 1 verifier: Re-read: 4 Frog, 4 Riddler on 1 Hallowed Fountain and 1 Meticulous Archive, white only side; core overlap 0.90."
dimir,Dimir Midrange,modern-league-2026-06-0110628#Kuisteri,mtgo,2026-06-01,Modern League,Kuisteri,,false-negative,medium,post,pass2,keep,"in: under five off-colour cards, lands excluded, and no playset is a splash","angle 1: Dimir 60 on one Hallowed Fountain and one Meticulous Archive, no white spell main; core overlap 0.95. Proposed rule: Off_colour floor of 3 plus the splash spells excluded: moves exactly 29 (27 store, 2 paper), 0 members out.","angle 1 verifier: Re-read: 4 Frog, 4 Riddler on 1 Hallowed Fountain and 1 Meticulous Archive, white only side; core overlap 0.95 reproduced."
dimir,Dimir Midrange,modern-league-2026-06-0410628#nanab30,mtgo,2026-06-04,Modern League,nanab30,,false-negative,medium,post,pass2,keep,"in: under five off-colour cards, lands excluded, and no playset is a splash","angle 1: Dimir 60 on one Hallowed Fountain and one Meticulous Archive, no white spell main. Proposed rule: Off_colour floor of 3 plus the splash spells excluded: moves exactly 29 (27 store, 2 paper), 0 members out.","angle 1 verifier: Re-read: 4 Frog, 2 Riddler, 1 Snapcaster on 1 Hallowed Fountain and 1 Meticulous Archive, white only side (Pest Control 3, Teferi 2, Thraben Charm 1); core overlap 0.90."
dimir,Dimir Midrange,modern-challenge-64-2026-06-0912843841#DB_cntrlfreak_ttv,mtgo,2026-06-09,Modern Challenge 64,DB_cntrlfreak_ttv,,false-negative,medium,post,pass2,keep,"in: under five off-colour cards, lands excluded, and no playset is a splash","angle 1: 11th. Frog and Riddler on one Hallowed Fountain and one Meticulous Archive, no white spell main (Shoot the Sheriff is black). Proposed rule: Off_colour floor of 3 plus the splash spells excluded: moves exactly 29 (27 store, 2 paper), 0 members out.","angle 1 verifier: Re-read: 11th, 4 Frog, 3 Riddler on 1 Hallowed Fountain and 1 Meticulous Archive, Shoot the Sheriff is black, white only side (Pest Control 3, Teferi 1, Stony Silence 1); core overlap 0.90."
dimir,Dimir Midrange,modern-league-2026-06-1010628#DarkShadow99,mtgo,2026-06-10,Modern League,DarkShadow99,,false-negative,medium,post,pass2,keep,"in: under five off-colour cards, lands excluded, and no playset is a splash","angle 1: Dimir 60 on one Hallowed Fountain and one Meticulous Archive, no white spell main; core overlap 0.95. Proposed rule: Off_colour floor of 3 plus the splash spells excluded: moves exactly 29 (27 store, 2 paper), 0 members out.","angle 1 verifier: Re-read: 4 Frog, 3 Riddler on 1 Hallowed Fountain and 1 Meticulous Archive, white only side; core overlap 0.95 reproduced."
dimir,Dimir Midrange,modern-league-2026-06-1410628#eneges,mtgo,2026-06-14,Modern League,eneges,,false-negative,medium,post,pass2,keep,"in: under five off-colour cards, lands excluded, and no playset is a splash","angle 1: Dimir 60 with a Jitte on one Hallowed Fountain and one Meticulous Archive, no white spell main; core overlap 0.95. Proposed rule: Off_colour floor of 3 plus the splash spells excluded: moves exactly 29 (27 store, 2 paper), 0 members out.","angle 1 verifier: Re-read: 4 Frog, 3 Riddler, 1 Jitte on 1 Hallowed Fountain and 1 Meticulous Archive, white only side; core overlap 0.95 reproduced."
dimir,Dimir Midrange,modern-league-2026-06-2110628#BigTuna27,mtgo,2026-06-21,Modern League,BigTuna27,,false-negative,medium,post,pass2,keep,"in: under five off-colour cards, lands excluded, and no playset is a splash","angle 1: Dimir 60 on one Hallowed Fountain and one Meticulous Archive, no white spell main. Proposed rule: Off_colour floor of 3 plus the splash spells excluded: moves exactly 29 (27 store, 2 paper), 0 members out.","angle 1 verifier: Re-read: 4 Frog, 3 Riddler on 1 Hallowed Fountain and 1 Meticulous Archive, white only side; core overlap 0.90."
dimir,Dimir Midrange,modern-league-2026-06-2210628#hubed,mtgo,2026-06-22,Modern League,hubed,,false-negative,medium,post,pass2,keep,"in: under five off-colour cards, lands excluded, and no playset is a splash","angle 1: Dimir 60 on one Hallowed Fountain and one Meticulous Archive, no white spell main. Proposed rule: Off_colour floor of 3 plus the splash spells excluded: moves exactly 29 (27 store, 2 paper), 0 members out.","angle 1 verifier: Re-read: 4 Frog, 3 Riddler on 1 Hallowed Fountain and 1 Meticulous Archive, white only side; core overlap 0.90."
dimir,Dimir Midrange,modern-challenge-64-2026-06-3012845711#DB_cntrlfreak_ttv,mtgo,2026-06-30,Modern Challenge 64,DB_cntrlfreak_ttv,,false-negative,medium,post,pass2,keep,"in: under five off-colour cards, lands excluded, and no playset is a splash","angle 1: 19th. Frog and Riddler on one Hallowed Fountain and one Meticulous Archive, no white spell main; the pilot's 8248 and 10967 with Teferi main stay out. Proposed rule: Off_colour floor of 3 plus the splash spells excluded: moves exactly 29 (27 store, 2 paper), 0 members out.","angle 1 verifier: Re-read: 19th, 4 Frog, 3 Riddler on 1 Hallowed Fountain and 1 Meticulous Archive, 3 Pest Control side, no white spell main; core overlap 0.95."
dimir,Dimir Midrange,modern-league-2026-07-0310847#Kuisteri,mtgo,2026-07-03,Modern League,Kuisteri,,false-negative,medium,post,pass2,keep,"in: under five off-colour cards, lands excluded, and no playset is a splash","angle 1: Dimir 60 on one Hallowed Fountain, no white spell main. Proposed rule: Off_colour floor of 3 plus the splash spells excluded: moves exactly 29 (27 store, 2 paper), 0 members out.","angle 1 verifier: Re-read: 4 Frog, 4 Riddler on 1 Hallowed Fountain, 3 Pest Control side, no white spell main; core overlap 0.90."
dimir,Dimir Midrange,modern-challenge-64-2026-07-0312846472#Bruskk,mtgo,2026-07-03,Modern Challenge 64,Bruskk,,false-negative,medium,post,pass2,keep,"in: under five off-colour cards, lands excluded, and no playset is a splash","angle 1: 30th. Frog and Riddler with Flow State and Preordain on one Steam Vents and one Thundering Falls, red cards (Meltdown, Fire Magic) in the sideboard only. Proposed rule: Off_colour floor of 3 plus the splash spells excluded: moves exactly 29 (27 store, 2 paper), 0 members out.","angle 1 verifier: Re-read: 30th, 4 Frog, 3 Riddler, 4 Flow State (8 members hold it) on 1 Steam Vents and 1 Thundering Falls, red only side (Meltdown 3, Fire Magic 2); core overlap 0.85."
dimir,Dimir Midrange,modern-league-2026-07-0510847#eneges,mtgo,2026-07-05,Modern League,eneges,,false-negative,medium,post,pass2,keep,"in: under five off-colour cards, lands excluded, and no playset is a splash","angle 1: eneges's Dimir 60 with a Jitte, this time on one Steam Vents and one Thundering Falls, no red spell main; core overlap 0.95. Proposed rule: Off_colour floor of 3 plus the splash spells excluded: moves exactly 29 (27 store, 2 paper), 0 members out.","angle 1 verifier: Re-read: eneges's Jitte list on 1 Steam Vents and 1 Thundering Falls, red only side (Meltdown 2, Fire Magic 2); core overlap 0.95 reproduced."
dimir,Dimir Midrange,modern-league-2026-07-1610847#noodlesguy,mtgo,2026-07-16,Modern League,noodlesguy,,false-negative,medium,post,pass2,keep,"in: under five off-colour cards, lands excluded, and no playset is a splash","angle 1: Dimir 60 on one Steam Vents and one Thundering Falls, no red spell main; core overlap 0.95. Proposed rule: Off_colour floor of 3 plus the splash spells excluded: moves exactly 29 (27 store, 2 paper), 0 members out.","angle 1 verifier: Re-read: 4 Frog, 2 Riddler, 1 Flow State on 1 Steam Vents and 1 Thundering Falls, no red card in the 75; core overlap 0.95 reproduced."
dimir,Dimir Midrange,modern-league-2026-07-2610847#Bl4ckdragon,mtgo,2026-07-26,Modern League,Bl4ckdragon,,false-negative,low,post,pass2,keep,"in: under five off-colour cards, lands excluded, and no playset is a splash","angle 1: Frog, 2 Riddler, 4 Nethergoyf, 4 Bauble on one Blood Crypt, the red cards (Pyroclasm, Abrade, Molten Collapse) all in the sideboard; 61 cards. Lower overlap than the rest of the group. Proposed rule: Off_colour floor of 3 plus the splash spells excluded: moves exactly 29 (27 store, 2 paper), 0 members out.","angle 1 verifier: Re-read: 61 cards, 4 Frog, 2 Riddler, 4 Nethergoyf (2 members hold it), 4 Bauble on 1 Blood Crypt, the red cards (Pyroclasm 2, Abrade, Molten Collapse) all in the sideboard; core overlap 0.70. Dimir with a Goyf package; the weakest of the 29, kept at low as the finder had it."
dimir,Dimir Midrange,modern-league-2026-08-0710847#littesir095,mtgo,2026-08-07,Modern League,littesir095,,false-negative,medium,post,pass2,keep,"in: under five off-colour cards, lands excluded, and no playset is a splash","angle 1: Dimir 60 on two Hallowed Fountain for sideboard Pest Control and Requiting Hex, no white spell main; core overlap 0.95. Proposed rule: Off_colour floor of 3 plus the splash spells excluded: moves exactly 29 (27 store, 2 paper), 0 members out.","angle 1 verifier: Re-read: 4 Frog, 4 Riddler on 2 Hallowed Fountain for 3 sideboard Pest Control, no white spell main; core overlap 0.95 reproduced. Two sources, still under the floor of 3."
dimir,Dimir Midrange,modern-league-2026-08-1110847#ipadkid,mtgo,2026-08-11,Modern League,ipadkid,,false-negative,medium,post,pass2,keep,"in: under five off-colour cards, lands excluded, and no playset is a splash","angle 1: ipadkid's league version of 11323 the day before: the same Dimir 60 on one Steam Vents, Meltdown in the sideboard only. Proposed rule: Off_colour floor of 3 plus the splash spells excluded: moves exactly 29 (27 store, 2 paper), 0 members out.","angle 1 verifier: ipadkid's league list the day before 11323: the same Dimir 60 on 1 Steam Vents, Meltdown 2 in the sideboard only, verified; core overlap 0.95."
dimir,Dimir Midrange,modern-challenge-96-2026-08-1212851623#ipadkid,mtgo,2026-08-12,Modern Challenge 96,ipadkid,,false-negative,medium,post,pass2,keep,"in: under five off-colour cards, lands excluded, and no playset is a splash","angle 1: 3rd place. 4 Frog, 4 Riddler, 4 Thoughtseize, 3 Fatal Push, 4 Force of Negation, 4 Spell Snare, 3 Bowmasters, 3 Subtlety, 2 Tamiyo, tripped by a single Steam Vents whose only red cards are 2 Meltdown in the sideboard; core overlap 0.95. Not the Grixis Frog deck the ruling names. Proposed rule: Read Dimir's off_colour only when the off-colour sources total 3 or more copies, and add Teferi, Time Raveler, Prismatic Ending, Pest Control, Ragavan, Kolaghan's Command, Bonecrusher Giant and March of Otherworldly Light to its excluded cards: moves exactly 29 lists in (27 store, 2 paper), 0 members out; the floor alone would move 55 (51 store, 4 paper), the other 26 casting those white or red spells main.","angle 1 verifier: Re-read: 3rd, 4 Frog, 4 Riddler, 4 Thoughtseize, 3 Push, 4 Force, 4 Spell Snare, 3 Bowmasters, 3 Subtlety, 2 Tamiyo; 1 Steam Vents, the only red cards 2 Meltdown in the sideboard, verified; core overlap 0.95 reproduced. Off_colour floor of 3 plus the seven splash spells excluded moves exactly 29 in (27 store, 2 paper), 0 out, as measured, and the set is exactly the finder's 29; the floor alone moves 55 (51 store, 4 paper). All 29 re-checked: no white, red or green spell in any mainboard."
dimir,Dimir Midrange,modern-league-2026-08-1210983#VizosMTG,mtgo,2026-08-12,Modern League,VizosMTG,,false-negative,medium,post,pass2,keep,"in: under five off-colour cards, lands excluded, and no playset is a splash","angle 1: VizosMTG's Dimir 60 on one Breeding Pool for 3 sideboard Culling Ritual, no green card main; core overlap 0.95. Proposed rule: Off_colour floor of 3 plus the splash spells excluded: moves exactly 29 (27 store, 2 paper), 0 members out.","angle 1 verifier: Re-read: 4 Frog, 3 Riddler on 1 Breeding Pool for 3 sideboard Culling Ritual, no green spell main; core overlap 0.95 reproduced."
dimir,Dimir Midrange,modern-league-2026-08-1310983#Ianmccririck,mtgo,2026-08-13,Modern League,Ianmccririck,,false-negative,medium,post,pass2,keep,"in: under five off-colour cards, lands excluded, and no playset is a splash","angle 1: Dimir 60 on one Hallowed Fountain and one Meticulous Archive, no white spell main. Proposed rule: Off_colour floor of 3 plus the splash spells excluded: moves exactly 29 (27 store, 2 paper), 0 members out.","angle 1 verifier: Re-read: 4 Frog, 3 Riddler on 1 Hallowed Fountain and 1 Meticulous Archive, 3 Pest Control side; core overlap 0.90."
dimir,Dimir Midrange,modern-league-2026-08-1410983#SlavSlays,mtgo,2026-08-14,Modern League,SlavSlays,,false-negative,medium,post,pass2,keep,"in: under five off-colour cards, lands excluded, and no playset is a splash","angle 1: SlavSlays's Dimir 60 on one Steam Vents, no red spell main. Proposed rule: Off_colour floor of 3 plus the splash spells excluded: moves exactly 29 (27 store, 2 paper), 0 members out.","angle 1 verifier: Re-read: 4 Frog, 4 Riddler on 1 Steam Vents, red only as 2 Meltdown side; core overlap 0.95."
dimir,Dimir Midrange,modern-league-2026-08-1910983#Auron12,mtgo,2026-08-19,Modern League,Auron12,,false-negative,medium,post,pass2,keep,"in: under five off-colour cards, lands excluded, and no playset is a splash","angle 1: 4 Frog, 4 Riddler, 4 Thoughtseize, 4 Push, 3 Force, 3 Bowmasters, 3 Subtlety, 2 Tamiyo, tripped by a single Hallowed Fountain for sideboard Pest Control; core overlap 1.00. Proposed rule: Off_colour floor of 3 plus the splash spells excluded: moves exactly 29 (27 store, 2 paper), 0 members out.","angle 1 verifier: Re-read: 4 Frog, 4 Riddler, 4 Thoughtseize, 4 Push, 3 Force, 3 Bowmasters, 3 Subtlety, 2 Tamiyo on 1 Hallowed Fountain for 3 sideboard Pest Control; core overlap 1.00 reproduced."
dimir,Dimir Midrange,modern-league-2026-08-2310983#WUMBOCHARM,mtgo,2026-08-23,Modern League,WUMBOCHARM,,false-negative,medium,post,pass2,keep,"in: under five off-colour cards, lands excluded, and no playset is a splash","angle 1: Dimir 60 on one Hallowed Fountain and one Meticulous Archive, no white spell main. Proposed rule: Off_colour floor of 3 plus the splash spells excluded: moves exactly 29 (27 store, 2 paper), 0 members out.","angle 1 verifier: Re-read: 4 Frog, 3 Riddler on 1 Hallowed Fountain and 1 Meticulous Archive, white only side; core overlap 0.95 reproduced."
dimir,Dimir Midrange,modern-challenge-96-2026-08-2412852762#VizosMTG,mtgo,2026-08-24,Modern Challenge 96,VizosMTG,,false-negative,medium,post,pass2,keep,"in: under five off-colour cards, lands excluded, and no playset is a splash","angle 1: 17th. 4 Frog, 3 Riddler, 4 Thoughtseize, 4 Push, 3 Counterspell, 3 Tamiyo, 3 Subtlety, tripped by one Steam Vents with Meltdown in the sideboard only; core overlap 0.95. Proposed rule: Off_colour floor of 3 plus the splash spells excluded: moves exactly 29 (27 store, 2 paper), 0 members out.","angle 1 verifier: Re-read: 17th, 4 Frog, 3 Riddler on 1 Steam Vents, Meltdown 2 side only, no red spell main; core overlap 0.95 reproduced."
dimir,Dimir Midrange,melee:1488d025-4e47-440d-a409-b4b100dd98d7,melee,2026-08-29,Spotlight Brisbane,Viraz,,false-negative,medium,post,pass2,keep,"in: under five off-colour cards, lands excluded, and no playset is a splash","angle 1: 352nd at Brisbane: Frog and Riddler on one Hallowed Fountain and one Meticulous Archive, no white spell main. Proposed rule: Off_colour floor of 3 plus the splash spells excluded: moves exactly 29 (27 store, 2 paper), 0 members out. Also raised by angle 5: Registered Dimir Midrange, 3-6-0, 352nd. Stock Dimir Midrange mainboard (4 Frog, 3 Riddler, 4 Thoughtseize, 4 Push, 4 Counterspell, 3 Force of Negation, 3 Subtlety, 3 Bowmasters, 2 Kaito, 2 Tamiyo, 3 Spell Snare) at 0.95 overlap with the MTGO core (19 of 20 cards), turned away by 1 Hallowed Fountain and 1 Meticulous Archive that cast nothing in the mainboard: the white cards are the sideboard's 1 Teferi and 1 Clarion Conqueror. The same shape sits in the store: 23 MTGO Frog-Riddler lists hold one or two off-colour sources and no mainboard nonland outside the Dimir members' vocabulary (14 on Fountain and/or Archive, 7 on Vents and/or Falls, 1 Blood Crypt, 1 Breeding Pool), against 313 store lists with an off-colour source that also cast an off-colour spell (Spezzagatti23's white-splash lists with Pest Control and Prismatic Ending, the Grixis lists with Kolaghan's Command) and stay out. A source floor cannot separate them: the white-splash lists sit at two sources too. Proposed rule: Read Dimir's colour on mainboard spells rather than sources, the way Jeskai is read: a list on Frog and Riddler with off-colour sources stays in when its mainboard holds no white, red or green nonland card (encoded as an excluded list of the splash spells seen: Teferi, Time Raveler; Prismatic Ending; Pest Control; March of Otherworldly Light; Kolaghan's Command; Ragavan; Bonecrusher Giant; Shoot the Sheriff, plus the Plains/Mountain/Forest basics as they stand). Measured with the member vocabulary as the colour proxy: moves 23 store lists and 2 paper lists (this one and Hedron's Dallas list) into Dimir, 0 members out.","angle 1 verifier: Re-read: 352nd at Brisbane, 4 Frog, 3 Riddler on 1 Hallowed Fountain and 1 Meticulous Archive, white only side (Pest Control 2, Clarion, Teferi); core overlap 0.95."
dimir,Dimir Midrange,modern-challenge-64-2026-08-3112853210#TeamGreed,mtgo,2026-08-31,Modern Challenge 64,TeamGreed,,false-negative,medium,post,pass2,keep,"in: under five off-colour cards, lands excluded, and no playset is a splash","angle 1: 27th. TeamGreed's Dimir 60 on one Hallowed Fountain and one Meticulous Archive, no white spell main; core overlap 0.95. Proposed rule: Off_colour floor of 3 plus the splash spells excluded: moves exactly 29 (27 store, 2 paper), 0 members out.","angle 1 verifier: Re-read: 27th, 4 Frog, 4 Riddler on 1 Hallowed Fountain and 1 Meticulous Archive, white only in the sideboard (Teferi, Pest Control, High Noon); core overlap 0.95 reproduced."
dimir,Dimir Midrange,melee:177c2d84-03f2-41d8-8660-b4bc00602eba,melee,2026-09-05,Spotlight Dallas,Hedron,,false-negative,medium,post,pass2,keep,"in: under five off-colour cards, lands excluded, and no playset is a splash","angle 1: 53rd at Dallas: Frog and Riddler on one Steam Vents, no red spell main. Proposed rule: Off_colour floor of 3 plus the splash spells excluded: moves exactly 29 (27 store, 2 paper), 0 members out. Also raised by angle 5: Registered Dimir Midrange, 10-4-1, 53rd of 928, the best-placed Frog-Riddler list the rule turns away at Dallas. Holds every card of the MTGO Dimir core (overlap 1.0, 20 of 20: 4 Frog, 3 Riddler, 4 Thoughtseize, 4 Push, 3 Counterspell, 3 Force of Negation, 3 Subtlety, 3 Spell Snare, 2 Kaito, 2 Tamiyo, 2 Bowmasters, 2 Murktide) and one Steam Vents whose only red cards are the sideboard's 2 Fire Magic and 2 Meltdown, the single-Vents-for-the-sideboard pattern the Prowess heuristic already names. Four store Dimir-shaped lists (ipadkid 11323 and 21558, VizosMTG 11417, SlavSlays 21741) run exactly one Steam Vents the same way and are outside too. Proposed rule: Same rule as Viraz: Dimir colour read on mainboard spells, sources kept only as a tiebreak. Moves 23 store and 2 paper lists in (this is one of the two), 0 out.","angle 1 verifier: Re-read: 53rd at Dallas, 4 Frog, 3 Riddler on 1 Steam Vents, red only side (Fire Magic 2, Meltdown 2); core overlap 1.00."
dimir,Dimir Midrange,modern-challenge-96-2026-09-0912853726#Andeloth,mtgo,2026-09-09,Modern Challenge 96,Andeloth,,false-negative,medium,post,pass2,keep,"in: under five off-colour cards, lands excluded, and no playset is a splash","angle 1: 17th. Frog and Riddler with 4 Archmage's Charm and 4 Namor (both blue) on one Steam Vents and no red card main. Proposed rule: Off_colour floor of 3 plus the splash spells excluded: moves exactly 29 (27 store, 2 paper), 0 members out.","angle 1 verifier: Re-read: 17th, 61 cards, 4 Frog, 3 Riddler, 4 Archmage's Charm, 4 Namor, 4 Disrupting Shoal (all blue) on 1 Steam Vents, red only as 2 Meltdown side; core overlap 0.65, a heavier blue build but Dimir."
dimir,Dimir Midrange,modern-challenge-32-2026-09-0912853724#TeamGreed,mtgo,2026-09-09,Modern Challenge 32,TeamGreed,,false-negative,medium,post,pass2,keep,"in: under five off-colour cards, lands excluded, and no playset is a splash","angle 1: 24th. 4 Frog, 4 Riddler, 4 Thoughtseize, 4 Push, 3 Force, 3 Bowmasters, 3 Subtlety, 2 Tamiyo, tripped by a single Hallowed Fountain whose only white cards are 2 Teferi and 2 High Noon in the sideboard; core overlap 0.95. Proposed rule: Off_colour floor of 3 plus the splash spells excluded: moves exactly 29 (27 store, 2 paper), 0 members out.","angle 1 verifier: Re-read: 24th, 4 Frog, 4 Riddler, 4 Thoughtseize, 4 Push, 3 Force, 3 Bowmasters, 3 Subtlety, 2 Tamiyo on 1 Hallowed Fountain, white only as 2 Teferi and 2 High Noon side; core overlap 0.95 reproduced."
jeskai,Jeskai Control,modern-league-2026-05-3110628#Valident,mtgo,2026-05-31,Modern League,Valident,,false-negative,low,post,pass2,keep,in: UWr Control is the Teferi and Wrath shell on any engine; Discharge names the Jeskai version,"angle 1: Valident's Flow State Chant build, no Consult. Proposed rule: Drop Consult from the Jeskai signature: moves 39 store lists, 13 not the deck; flagged for a ruling.","angle 1 verifier: Counts re-measured: Flow 4, Narset 4, Chant 4, Discharge 4, Teferi 4, Wrath 2, Counterspell 4, Consult 0; core overlap 0.76. Same standing as 7586."
jeskai,Jeskai Control,modern-league-2026-06-0110628#Valident,mtgo,2026-06-01,Modern League,Valident,,false-negative,low,post,pass2,keep,in: UWr Control is the Teferi and Wrath shell on any engine; Discharge names the Jeskai version,"angle 1: Valident's Flow State Chant build, no Consult. Proposed rule: Drop Consult from the Jeskai signature: moves 39 store lists, 13 not the deck; flagged for a ruling.","angle 1 verifier: Counts re-measured: Flow 4, Narset 4, Chant 4, Discharge 4, Teferi 4, Wrath 2, Counterspell 4, Consult 0; core overlap 0.76. Same standing as 7586."
jeskai,Jeskai Control,modern-challenge-64-2026-06-0212843449#Valident,mtgo,2026-06-02,Modern Challenge 64,Valident,,false-negative,low,post,pass2,keep,in: UWr Control is the Teferi and Wrath shell on any engine; Discharge names the Jeskai version,"angle 1: 9th. Jeskai control on the Chant and Scepter plan with Flow State as the draw engine: 4 Flow State, 4 Narset, 4 Orim's Chant, 4 Discharge, 4 Teferi, 2 Wrath, 4 Counterspell, 4 Lórien Revealed, 4 Prismatic Ending, no Consult (142 of 148 members run it at 3 or 4). Valident's build across 13 of his lists, copied by Tessepia, iSteze and mtjesus_. Proposed rule: Dropping Consult the Star Charts from the Jeskai signature moves 39 store lists in (0 paper, 0 members out), 26 of them this Flow State or Thundertrap Trainer control cluster and 13 not the deck (Jeskai Phelia and Ragavan midrange 3652, 4593, 7406, 16185, 16205, 16652, 18289, 18774, 19350, 20029; Ponza 8622, 19874; Zoo 20360). No exclusion set removes the 13 without dropping members, so the cluster is flagged for a ruling on whether the Consult-less Chant build is the deck.","angle 1 verifier: Re-read: 9th, 4 Flow State, 4 Narset, 4 Orim's Chant, 4 Discharge, 4 Teferi, 4 Counterspell, 4 Lórien Revealed, 4 Prismatic Ending, 2 Supreme Verdict, 2 Wrath, 2 Day's Undoing, no Consult, no Scepter; core overlap 0.76. Consult sits in all 148 members, Chant in 137, Narset in 104, Flow State in 3. Dropping Consult moves 39 store lists in, 0 paper, 0 out, as measured, and the 13 non-candidates are exactly the finder's (Jeskai Phelia and Ragavan midrange 3652, 4593, 7406, 16185, 16205, 16652, 18289, 18774, 19350, 20029, Ponza 8622 and 19874, Zoo 20360), verified. Jeskai control on the Chant plan; whether the Consult-less build is the deck is a ruling, so kept at low."
jeskai,Jeskai Control,modern-challenge-64-2026-06-0312843459#Valident,mtgo,2026-06-03,Modern Challenge 64,Valident,,false-negative,low,post,pass2,keep,in: UWr Control is the Teferi and Wrath shell on any engine; Discharge names the Jeskai version,"angle 1: 21st. Valident's Flow State Chant build, no Consult. Proposed rule: Drop Consult from the Jeskai signature: moves 39 store lists, 13 not the deck; flagged for a ruling.","angle 1 verifier: Counts re-measured: 21st, Flow 4, Narset 4, Chant 4, Discharge 4, Teferi 4, Wrath 2, Counterspell 4, Consult 0; core overlap 0.76. Same standing as 7586."
jeskai,Jeskai Control,modern-challenge-32-2026-06-0612843794#LukeBrandes,mtgo,2026-06-06,Modern Challenge 32,LukeBrandes,,false-negative,low,post,pass2,keep,in: UWr Control is the Teferi and Wrath shell on any engine; Discharge names the Jeskai version,"angle 1: 32nd. 4 Flow State, 3 Narset, 4 Chant, 2 Discharge, 3 Teferi, 2 Wrath, 3 Solitude, 3 Counterspell, 4 Lórien Revealed, no Consult; core overlap 0.86. Proposed rule: Drop Consult from the Jeskai signature: moves 39 store lists, 13 not the deck; flagged for a ruling.","angle 1 verifier: Counts re-measured: 32nd, Flow 4, Narset 3, Chant 4, Scepter 1, Discharge 2, Teferi 3, Wrath 2, Solitude 3, Counterspell 3, Consult 0; core overlap 0.86. Same standing as 7586."
jeskai,Jeskai Control,modern-league-2026-06-0710628#Tessepia,mtgo,2026-06-07,Modern League,Tessepia,,false-negative,low,post,pass2,keep,in: UWr Control is the Teferi and Wrath shell on any engine; Discharge names the Jeskai version,"angle 1: Valident's Flow State Chant build under another name: 4 Flow State, 4 Narset, 4 Chant, 4 Discharge, 4 Counterspell, no Consult. Proposed rule: Drop Consult from the Jeskai signature: moves 39 store lists, 13 not the deck; flagged for a ruling.","angle 1 verifier: Counts re-measured: Flow 4, Narset 4, Chant 4, Discharge 4, Teferi 4, Wrath 2, Counterspell 4, Consult 0; core overlap 0.76, Valident's build under Tessepia's name. Same standing as 7586."
jeskai,Jeskai Control,modern-league-2026-06-0810628#Valident,mtgo,2026-06-08,Modern League,Valident,,false-negative,low,post,pass2,keep,in: UWr Control is the Teferi and Wrath shell on any engine; Discharge names the Jeskai version,"angle 1: Valident's Flow State Chant build, no Consult. Proposed rule: Drop Consult from the Jeskai signature: moves 39 store lists, 13 not the deck; flagged for a ruling.","angle 1 verifier: Counts re-measured: Flow 4, Narset 4, Chant 4, Discharge 4, Teferi 4, Wrath 4, Consult 0; core overlap 0.67. Same standing as 7586."
jeskai,Jeskai Control,modern-league-2026-06-0910628#Evariel,mtgo,2026-06-09,Modern League,Evariel,,false-negative,low,post,pass2,keep,in: UWr Control is the Teferi and Wrath shell on any engine; Discharge names the Jeskai version,"angle 1: 3 Flow State, 3 Narset, 4 Chant, 2 Discharge, 3 Teferi, 2 Wrath, 3 Solitude, 4 Counterspell, no Consult; core overlap 0.90, the highest of the Consult-less lists. Evariel's other lists (9130, 11151, 11439, 18443, 19900, 20214, 21939) drop Discharge too and are Azorius. Proposed rule: Drop Consult from the Jeskai signature: moves 39 store lists, 13 not the deck; flagged for a ruling.","angle 1 verifier: Re-read: 3 Flow State, 3 Narset, 4 Chant, 1 Scepter, 2 Discharge, 3 Teferi, 2 Wrath, 3 Solitude, 4 Counterspell, 2 Supreme Verdict, no Consult; core overlap 0.90 reproduced, the highest of the Consult-less lists. Same standing as 7586."
jeskai,Jeskai Control,modern-league-2026-06-1010628#Valident,mtgo,2026-06-10,Modern League,Valident,,false-negative,low,post,pass2,keep,in: UWr Control is the Teferi and Wrath shell on any engine; Discharge names the Jeskai version,"angle 1: Valident's Flow State Chant build, no Consult. Proposed rule: Drop Consult from the Jeskai signature: moves 39 store lists, 13 not the deck; flagged for a ruling.","angle 1 verifier: Counts re-measured: Flow 4, Narset 4, Chant 4, Discharge 4, Teferi 4, Wrath 4, Consult 0; core overlap 0.67. Same standing as 7586."
jeskai,Jeskai Control,modern-league-2026-06-1310628#iSteze,mtgo,2026-06-13,Modern League,iSteze,,false-negative,low,post,pass2,keep,in: UWr Control is the Teferi and Wrath shell on any engine; Discharge names the Jeskai version,"angle 1: Valident's Flow State Chant build under another name, no Consult. Proposed rule: Drop Consult from the Jeskai signature: moves 39 store lists, 13 not the deck; flagged for a ruling.","angle 1 verifier: Counts re-measured: Flow 4, Narset 4, Chant 4, Discharge 4, Teferi 4, Wrath 4, Consult 0; core overlap 0.67. Same standing as 7586."
jeskai,Jeskai Control,modern-league-2026-06-1510628#Valident,mtgo,2026-06-15,Modern League,Valident,,false-negative,low,post,pass2,keep,in: UWr Control is the Teferi and Wrath shell on any engine; Discharge names the Jeskai version,"angle 1: Valident's Flow State Chant build, no Consult. Proposed rule: Drop Consult from the Jeskai signature: moves 39 store lists, 13 not the deck; flagged for a ruling.","angle 1 verifier: Counts re-measured: Flow 4, Narset 4, Chant 4, Discharge 4, Teferi 4, Wrath 4, Consult 0; core overlap 0.67. Same standing as 7586."
jeskai,Jeskai Control,modern-league-2026-06-1610628#Valident,mtgo,2026-06-16,Modern League,Valident,,false-negative,low,post,pass2,keep,in: UWr Control is the Teferi and Wrath shell on any engine; Discharge names the Jeskai version,"angle 1: Valident's Flow State Chant build, no Consult. Proposed rule: Drop Consult from the Jeskai signature: moves 39 store lists, 13 not the deck; flagged for a ruling.","angle 1 verifier: Counts re-measured: Flow 4, Narset 4, Chant 4, Discharge 4, Teferi 4, Wrath 4, Consult 0; core overlap 0.67. Same standing as 7586."
jeskai,Jeskai Control,modern-challenge-64-2026-06-1912844843#Valident,mtgo,2026-06-19,Modern Challenge 64,Valident,,false-negative,low,post,pass2,keep,in: UWr Control is the Teferi and Wrath shell on any engine; Discharge names the Jeskai version,"angle 1: 21st. Valident's Flow State Chant build, no Consult, no Counterspell. Proposed rule: Drop Consult from the Jeskai signature: moves 39 store lists, 13 not the deck; flagged for a ruling.","angle 1 verifier: Counts re-measured: 21st, Flow 4, Narset 4, Chant 4, Discharge 4, Teferi 4, Wrath 4, no Counterspell, Consult 0; core overlap 0.67. Same standing as 7586."
jeskai,Jeskai Control,modern-league-2026-06-2410847#mtjesus_,mtgo,2026-06-24,Modern League,mtjesus_,,false-negative,low,post,pass2,keep,in: UWr Control is the Teferi and Wrath shell on any engine; Discharge names the Jeskai version,"angle 1: Valident's Flow State Chant build under another name, no Consult. Proposed rule: Drop Consult from the Jeskai signature: moves 39 store lists, 13 not the deck; flagged for a ruling.","angle 1 verifier: Counts re-measured: Flow 4, Narset 4, Chant 4, Discharge 4, Teferi 4, Wrath 4, Counterspell 2, Consult 0; core overlap 0.62. Same standing as 7586."
jeskai,Jeskai Control,modern-league-2026-06-2410847#Valident,mtgo,2026-06-24,Modern League,Valident,,false-negative,low,post,pass2,keep,in: UWr Control is the Teferi and Wrath shell on any engine; Discharge names the Jeskai version,"angle 1: Valident's Flow State Chant build, no Consult. Proposed rule: Drop Consult from the Jeskai signature: moves 39 store lists, 13 not the deck; flagged for a ruling.","angle 1 verifier: Counts re-measured: Flow 4, Narset 4, Chant 4, Discharge 4, Teferi 4, Wrath 4, Counterspell 2, Consult 0; core overlap 0.62. Same standing as 7586."
jeskai,Jeskai Control,modern-challenge-64-2026-06-3012845711#Valident,mtgo,2026-06-30,Modern Challenge 64,Valident,,false-negative,low,post,pass2,keep,in: UWr Control is the Teferi and Wrath shell on any engine; Discharge names the Jeskai version,"angle 1: 9th. Valident's Flow State Chant build: 4 Flow State, 4 Narset, 4 Chant, 4 Discharge, 4 Teferi, Wrath, 2 Counterspell, no Consult. Proposed rule: Drop Consult from the Jeskai signature: moves 39 store lists, 13 not the deck; flagged for a ruling.","angle 1 verifier: Counts re-measured: 9th, Flow 4, Narset 4, Chant 4, Discharge 4, Teferi 4, Wrath 4, Counterspell 2, Consult 0; core overlap 0.71. Same standing as 7586."
jeskai,Jeskai Control,modern-league-2026-07-0610847#Valident,mtgo,2026-07-06,Modern League,Valident,,false-negative,low,post,pass2,keep,in: UWr Control is the Teferi and Wrath shell on any engine; Discharge names the Jeskai version,"angle 1: Valident's Flow State Chant build, no Consult. Proposed rule: Drop Consult from the Jeskai signature: moves 39 store lists, 13 not the deck; flagged for a ruling.","angle 1 verifier: Counts re-measured: Flow 4, Narset 4, Chant 4, Discharge 4, Teferi 4, Wrath 4, Counterspell 2, Consult 0; core overlap 0.71. Same standing as 7586."
jeskai,Jeskai Control,modern-league-2026-07-1810847#IlProfessore,mtgo,2026-07-18,Modern League,IlProfessore,,false-negative,low,post,pass2,keep,in: UWr Control is the Teferi and Wrath shell on any engine; Discharge names the Jeskai version,"angle 1: IlProfessore's Thundertrap and Stock Up build, no Consult. Proposed rule: Drop Consult from the Jeskai signature: moves 39 store lists, 13 not the deck; flagged for a ruling.","angle 1 verifier: Counts re-measured: Trainer 4, Stock Up 3, Narset 4, Chant 4, Discharge 4, Teferi 4, Wrath 4, Consult 0; core overlap 0.76. Same standing as 9243."
jeskai,Jeskai Control,modern-challenge-64-2026-07-2612848217#IlProfessore,mtgo,2026-07-26,Modern Challenge 64,IlProfessore,,false-negative,low,post,pass2,keep,in: UWr Control is the Teferi and Wrath shell on any engine; Discharge names the Jeskai version,"angle 1: 9th. Jeskai control on Thundertrap Trainer and Stock Up: 4 Trainer, 3 Stock Up, 4 Narset, 4 Chant, 4 Discharge, 4 Teferi, 4 Wrath, 4 Solitude, no Consult. Proposed rule: Drop Consult from the Jeskai signature: moves 39 store lists, 13 not the deck; flagged for a ruling.","angle 1 verifier: Re-read: 9th, 4 Thundertrap Trainer (0 members), 3 Stock Up (21 members), 4 Narset, 4 Chant, 4 Discharge, 4 Teferi, 4 Wrath, 4 Solitude, 2 Supreme Verdict, no Consult; core overlap 0.76. The Chant and Narset plan with Trainer and Stock Up as the draw engine. Same standing as 7586."
jeskai,Jeskai Control,modern-league-2026-08-1310983#IlProfessore,mtgo,2026-08-13,Modern League,IlProfessore,,false-negative,low,post,pass2,keep,in: UWr Control is the Teferi and Wrath shell on any engine; Discharge names the Jeskai version,"angle 1: IlProfessore's Thundertrap and Stock Up build, no Consult. Proposed rule: Drop Consult from the Jeskai signature: moves 39 store lists, 13 not the deck; flagged for a ruling.","angle 1 verifier: Counts re-measured: Trainer 4, Stock Up 3, Narset 4, Chant 4, Discharge 4, Teferi 4, Wrath 4, Consult 0; core overlap 0.76. Same standing as 9243."
jeskai,Jeskai Control,modern-league-2026-08-2010983#IlProfessore,mtgo,2026-08-20,Modern League,IlProfessore,,false-negative,low,post,pass2,keep,in: UWr Control is the Teferi and Wrath shell on any engine; Discharge names the Jeskai version,"angle 1: IlProfessore's Thundertrap and Stock Up build: 4 Trainer, 3 Stock Up, 4 Narset, 4 Chant, 4 Discharge, 4 Teferi, 4 Wrath, 4 Solitude, no Consult; core overlap 0.76. Proposed rule: Drop Consult from the Jeskai signature: moves 39 store lists, 13 not the deck; flagged for a ruling.","angle 1 verifier: Counts re-measured: Trainer 4, Stock Up 3, Narset 4, Chant 4, Discharge 4, Teferi 4, Wrath 4, Solitude 4, Consult 0; core overlap 0.76. Same standing as 9243."
jeskai,Jeskai Control,modern-league-2026-09-1110983#Valident,mtgo,2026-09-11,Modern League,Valident,,false-negative,low,post,pass2,keep,in: UWr Control is the Teferi and Wrath shell on any engine; Discharge names the Jeskai version,"angle 1: Valident's latest: 4 Narset, 4 Chant, 4 Discharge, 4 Solitude, Teferi, Wrath, no Flow State and no Consult. Proposed rule: Drop Consult from the Jeskai signature: moves 39 store lists, 13 not the deck; flagged for a ruling.","angle 1 verifier: Re-read: 4 Narset, 4 Chant, 4 Discharge, 4 Solitude, 4 Teferi, 4 Wrath, 3 Tune the Narrative (27 members), 4 Riddler, 4 Ephemerate, no Flow State, no Consult; core overlap 0.67. The Chant plan with a Riddler and Ephemerate draw engine. Same standing as 7586."
jeskai,Jeskai Control,modern-league-2026-05-2610628#MrCafouillette,mtgo,2026-05-26,Modern League,MrCafouillette,,false-negative,low,post,pass2,drop,in: UWr Control is the Teferi and Wrath shell on any engine; Discharge names the Jeskai version,"angle 1: 3 Thundertrap Trainer, 4 Counterspell, 4 Discharge, Teferi, Wrath, no Consult. Proposed rule: Drop Consult from the Jeskai signature: moves 39 store lists, 13 not the deck; flagged for a ruling.","angle 1 verifier: Re-read: 3 Trainer, 4 Flame of Anor, 4 Counterspell, 3 Snapcaster, 3 Spell Snare, 3 Tune the Narrative, 2 Cryptic Command, 4 Discharge, 3 Wrath, 1 Teferi, no Consult, Chant (1 in the sideboard), Scepter or Narset; core overlap 0.67. Same reasoning as 4573: none of the deck's engine cards."
jeskai,Jeskai Control,modern-challenge-32-2026-06-2812845682#viktor_von_muerte,mtgo,2026-06-28,Modern Challenge 32,viktor_von_muerte,,false-negative,low,post,pass2,drop,in: UWr Control is the Teferi and Wrath shell on any engine; Discharge names the Jeskai version,"angle 1: 13th. 4 Thundertrap Trainer, 4 Counterspell, 3 Discharge, 3 Solitude, Teferi, Wrath, no Consult or Chant. Proposed rule: Drop Consult from the Jeskai signature: moves 39 store lists, 13 not the deck; flagged for a ruling.","angle 1 verifier: Re-read: 13th, 4 Thundertrap Trainer, 4 Flame of Anor, 4 Counterspell, 3 Flare of Denial, 2 Murktide, 2 Snapcaster, 3 Discharge, 3 Solitude, 3 Teferi, 4 Wrath, and none of Consult (148 of 148 members), Orim's Chant (137), Isochron Scepter (136) or Narset (104); core overlap 0.71 on the generic staples alone. A Jeskai Trainer control deck with no part of the tracked deck's engine, not the Chant and Consult deck missing one card; under the pass-one pattern it carries a different engine."
jeskai,Jeskai Control,modern-challenge-96-2026-06-2912845943#viktor_von_muerte,mtgo,2026-06-29,Modern Challenge 96,viktor_von_muerte,,false-negative,low,post,pass2,drop,in: UWr Control is the Teferi and Wrath shell on any engine; Discharge names the Jeskai version,"angle 1: 6th. viktor's Thundertrap Trainer control, no Consult. Proposed rule: Drop Consult from the Jeskai signature: moves 39 store lists, 13 not the deck; flagged for a ruling.","angle 1 verifier: Counts re-measured: 6th, Trainer 4, Counterspell 4, Discharge 3, Solitude 3, Teferi 3, Wrath 4, and Consult 0, Chant 0, Scepter 0, Narset 0; core overlap 0.71. Same reasoning as 4573."
jeskai,Jeskai Control,modern-league-2026-07-2710847#Casey130o,mtgo,2026-07-27,Modern League,Casey130o,,false-negative,low,post,pass2,,in: UWr Control is the Teferi and Wrath shell on any engine; Discharge names the Jeskai version,"angle 1: 4 Dress Down, 4 Tune the Narrative, 4 Chant, 2 Scepter, 4 Discharge, 4 Solitude, 4 Wrath, 3 Teferi, no Consult; core overlap 0.81. Proposed rule: Drop Consult from the Jeskai signature: moves 39 store lists, 13 not the deck; flagged for a ruling.",
