date,event_id,event_class,pilot,placement,swiss_points
2026-05-19,modern-challenge-64-2026-05-1912842532,challenge-64,gazmon48,1,18
2026-05-19,modern-challenge-64-2026-05-1912842532,challenge-64,McWinSauce,2,18
2026-05-19,modern-challenge-64-2026-05-1912842532,challenge-64,Tetsubou,3,18
2026-05-19,modern-challenge-64-2026-05-1912842532,challenge-64,Martin_Dominguez,4,15
2026-05-19,modern-challenge-64-2026-05-1912842532,challenge-64,MdvWin,5,18
2026-05-19,modern-challenge-64-2026-05-1912842532,challenge-64,Rvng,6,18
2026-05-19,modern-challenge-64-2026-05-1912842532,challenge-64,MisterTwin,7,18
2026-05-19,modern-challenge-64-2026-05-1912842532,challenge-64,Johnny_Hobbs,8,15
2026-05-19,modern-challenge-64-2026-05-1912842532,challenge-64,msmayer,9,15
2026-05-19,modern-challenge-64-2026-05-1912842532,challenge-64,SoulStrong,10,15
2026-05-19,modern-challenge-64-2026-05-1912842532,challenge-64,GyaraMos6812,11,15
2026-05-19,modern-challenge-64-2026-05-1912842532,challenge-64,Xsper,12,15
2026-05-19,modern-challenge-64-2026-05-1912842532,challenge-64,klien7,13,15
2026-05-19,modern-challenge-64-2026-05-1912842532,challenge-64,moon11,14,15
2026-05-19,modern-challenge-64-2026-05-1912842532,challenge-64,golden_knights,15,15
2026-05-19,modern-challenge-64-2026-05-1912842532,challenge-64,r0cknati0n,16,15
2026-05-19,modern-challenge-64-2026-05-1912842532,challenge-64,TheWitchKling,17,15
2026-05-19,modern-challenge-64-2026-05-1912842532,challenge-64,Rashek,18,15
2026-05-19,modern-challenge-64-2026-05-1912842532,challenge-64,EightFinity,19,12
2026-05-19,modern-challenge-64-2026-05-1912842532,challenge-64,Goomy_,20,12
2026-05-19,modern-challenge-64-2026-05-1912842532,challenge-64,sgcyrus,21,12
2026-05-19,modern-challenge-64-2026-05-1912842532,challenge-64,Porks,22,12
2026-05-19,modern-challenge-64-2026-05-1912842532,challenge-64,xfile,23,12
2026-05-19,modern-challenge-64-2026-05-1912842532,challenge-64,powered_by_VANYA,24,12
2026-05-19,modern-challenge-64-2026-05-1912842532,challenge-64,AFX,25,12
2026-05-19,modern-challenge-64-2026-05-1912842532,challenge-64,_foobar,26,12
2026-05-19,modern-challenge-64-2026-05-1912842532,challenge-64,nahuel10,27,12
2026-05-19,modern-challenge-64-2026-05-1912842532,challenge-64,KingOfGames1522,28,12
2026-05-19,modern-challenge-64-2026-05-1912842532,challenge-64,MeninooNey,29,12
2026-05-19,modern-challenge-64-2026-05-1912842532,challenge-64,chase00111,30,12
2026-05-19,modern-challenge-64-2026-05-1912842532,challenge-64,Jumba,31,12
2026-05-19,modern-challenge-64-2026-05-1912842532,challenge-64,FulmineVeloce,32,12
2026-05-19,modern-league-2026-05-1910628,league,-Datrevdo,,
2026-05-19,modern-league-2026-05-1910628,league,AUTJohnny,,
2026-05-19,modern-league-2026-05-1910628,league,AlexaYan,,
2026-05-19,modern-league-2026-05-1910628,league,AllanonCEW,,
2026-05-19,modern-league-2026-05-1910628,league,AnibalMTG,,
2026-05-19,modern-league-2026-05-1910628,league,Arcbound_Papi,,
2026-05-19,modern-league-2026-05-1910628,league,BigDadChad,,
2026-05-19,modern-league-2026-05-1910628,league,Bmadman,,
2026-05-19,modern-league-2026-05-1910628,league,Bob49,,
2026-05-19,modern-league-2026-05-1910628,league,Bring_back_affinity,,
2026-05-19,modern-league-2026-05-1910628,league,Cagalli123,,
2026-05-19,modern-league-2026-05-1910628,league,Corkyboyy,,
2026-05-19,modern-league-2026-05-1910628,league,Curryvore,,
2026-05-19,modern-league-2026-05-1910628,league,DB_MasonClark,,
2026-05-19,modern-league-2026-05-1910628,league,Delap91,,
2026-05-19,modern-league-2026-05-1910628,league,Do0mSwitch,,
2026-05-19,modern-league-2026-05-1910628,league,FulmineVeloce,,
2026-05-19,modern-league-2026-05-1910628,league,Giovane_Lupo,,
2026-05-19,modern-league-2026-05-1910628,league,Golgarburr,,
2026-05-19,modern-league-2026-05-1910628,league,Grafec,,
2026-05-19,modern-league-2026-05-1910628,league,Greenbeing,,
2026-05-19,modern-league-2026-05-1910628,league,GrowingPaynes,,
2026-05-19,modern-league-2026-05-1910628,league,HDG_BorisE,,
2026-05-19,modern-league-2026-05-1910628,league,HelpfulHobo,,
2026-05-19,modern-league-2026-05-1910628,league,Jrcitizen,,
2026-05-19,modern-league-2026-05-1910628,league,Junkmener,,
2026-05-19,modern-league-2026-05-1910628,league,KaoRou-TLB,,
2026-05-19,modern-league-2026-05-1910628,league,Katla,,
2026-05-19,modern-league-2026-05-1910628,league,KevinCon,,
2026-05-19,modern-league-2026-05-1910628,league,Laratt,,
2026-05-19,modern-league-2026-05-1910628,league,Limetrout,,
2026-05-19,modern-league-2026-05-1910628,league,MagicDavide96,,
2026-05-19,modern-league-2026-05-1910628,league,MagicDevil666,,
2026-05-19,modern-league-2026-05-1910628,league,MagicDevil666,,
2026-05-19,modern-league-2026-05-1910628,league,Markx_iZZ,,
2026-05-19,modern-league-2026-05-1910628,league,MaxMedeiros,,
2026-05-19,modern-league-2026-05-1910628,league,MeninooNey,,
2026-05-19,modern-league-2026-05-1910628,league,Mikebrav,,
2026-05-19,modern-league-2026-05-1910628,league,Misconduct,,
2026-05-19,modern-league-2026-05-1910628,league,MyrRetriever,,
2026-05-19,modern-league-2026-05-1910628,league,NicDamian,,
2026-05-19,modern-league-2026-05-1910628,league,NickBolas90,,
2026-05-19,modern-league-2026-05-1910628,league,Nowayh,,
2026-05-19,modern-league-2026-05-1910628,league,Odin2015,,
2026-05-19,modern-league-2026-05-1910628,league,Pan0323,,
2026-05-19,modern-league-2026-05-1910628,league,Pascal3000,,
2026-05-19,modern-league-2026-05-1910628,league,Rack,,
2026-05-19,modern-league-2026-05-1910628,league,Reaperss,,
2026-05-19,modern-league-2026-05-1910628,league,ReservoirMog,,
2026-05-19,modern-league-2026-05-1910628,league,RuthlessCorndog21,,
2026-05-19,modern-league-2026-05-1910628,league,Sharkcaster_Mage,,
2026-05-19,modern-league-2026-05-1910628,league,ShzockChan,,
2026-05-19,modern-league-2026-05-1910628,league,SightWinner,,
2026-05-19,modern-league-2026-05-1910628,league,SmoothDawwg,,
2026-05-19,modern-league-2026-05-1910628,league,Thronhart,,
2026-05-19,modern-league-2026-05-1910628,league,Yagu,,
2026-05-19,modern-league-2026-05-1910628,league,Zhengzheng,,
2026-05-19,modern-league-2026-05-1910628,league,alex12609,,
2026-05-19,modern-league-2026-05-1910628,league,aplapp,,
2026-05-19,modern-league-2026-05-1910628,league,betterleavetown,,
2026-05-19,modern-league-2026-05-1910628,league,bluecloud1218,,
2026-05-19,modern-league-2026-05-1910628,league,coastae7,,
2026-05-19,modern-league-2026-05-1910628,league,dack_fayden07,,
2026-05-19,modern-league-2026-05-1910628,league,daddematte,,
2026-05-19,modern-league-2026-05-1910628,league,dmorito,,
2026-05-19,modern-league-2026-05-1910628,league,dorayaki6020,,
2026-05-19,modern-league-2026-05-1910628,league,gavlna,,
2026-05-19,modern-league-2026-05-1910628,league,heredia593,,
2026-05-19,modern-league-2026-05-1910628,league,kenjinsakura,,
2026-05-19,modern-league-2026-05-1910628,league,littlebinboy,,
2026-05-19,modern-league-2026-05-1910628,league,msmayer,,
2026-05-19,modern-league-2026-05-1910628,league,rofelos,,
2026-05-19,modern-league-2026-05-1910628,league,scalo94,,
2026-05-19,modern-league-2026-05-1910628,league,thodoris17,,
2026-05-19,modern-league-2026-05-1910628,league,vMI-NAv,,
2026-05-19,modern-league-2026-05-1910628,league,zhinonono,,
2026-05-20,modern-challenge-64-2026-05-2012842542,challenge-64,MayoDominaria,1,18
2026-05-20,modern-challenge-64-2026-05-2012842542,challenge-64,Bugsy69,2,18
2026-05-20,modern-challenge-64-2026-05-2012842542,challenge-64,SanPop,3,18
2026-05-20,modern-challenge-64-2026-05-2012842542,challenge-64,soggymeatball,4,18
2026-05-20,modern-challenge-64-2026-05-2012842542,challenge-64,tapjoshfor2,5,18
2026-05-20,modern-challenge-64-2026-05-2012842542,challenge-64,Smigui,6,18
2026-05-20,modern-challenge-64-2026-05-2012842542,challenge-64,ShikiXYZ,7,18
2026-05-20,modern-challenge-64-2026-05-2012842542,challenge-64,nahuel10,8,15
2026-05-20,modern-challenge-64-2026-05-2012842542,challenge-64,KelMasterP,9,15
2026-05-20,modern-challenge-64-2026-05-2012842542,challenge-64,Malox11,10,15
2026-05-20,modern-challenge-64-2026-05-2012842542,challenge-64,MeninoNey,11,15
2026-05-20,modern-challenge-64-2026-05-2012842542,challenge-64,OiGachi1,12,15
2026-05-20,modern-challenge-64-2026-05-2012842542,challenge-64,MisterTwin,13,15
2026-05-20,modern-challenge-64-2026-05-2012842542,challenge-64,Marcuzinho,14,15
2026-05-20,modern-challenge-64-2026-05-2012842542,challenge-64,Corkyboyy,15,15
2026-05-20,modern-challenge-64-2026-05-2012842542,challenge-64,RNAPBP1,16,15
2026-05-20,modern-challenge-64-2026-05-2012842542,challenge-64,rastaf,17,15
2026-05-20,modern-challenge-64-2026-05-2012842542,challenge-64,RearrangedAS,18,15
2026-05-20,modern-challenge-64-2026-05-2012842542,challenge-64,hugofreitas1,19,15
2026-05-20,modern-challenge-64-2026-05-2012842542,challenge-64,Nowayh,20,12
2026-05-20,modern-challenge-64-2026-05-2012842542,challenge-64,TentacleFan,21,12
2026-05-20,modern-challenge-64-2026-05-2012842542,challenge-64,powered_by_VANYA,22,12
2026-05-20,modern-challenge-64-2026-05-2012842542,challenge-64,Manatee_Man,23,12
2026-05-20,modern-challenge-64-2026-05-2012842542,challenge-64,LordMendigao,24,12
2026-05-20,modern-challenge-64-2026-05-2012842542,challenge-64,StevveLynx,25,12
2026-05-20,modern-challenge-64-2026-05-2012842542,challenge-64,Rvng,26,12
2026-05-20,modern-challenge-64-2026-05-2012842542,challenge-64,ShadowTitan1,27,12
2026-05-20,modern-challenge-64-2026-05-2012842542,challenge-64,Erik157751,28,12
2026-05-20,modern-challenge-64-2026-05-2012842542,challenge-64,arturcosta,29,12
2026-05-20,modern-challenge-64-2026-05-2012842542,challenge-64,Napoleon_I,30,12
2026-05-20,modern-challenge-64-2026-05-2012842542,challenge-64,_Falcon_,31,12
2026-05-20,modern-challenge-64-2026-05-2012842542,challenge-64,Craig_Long123,32,12
2026-05-20,modern-league-2026-05-2010628,league,1029384756,,
2026-05-20,modern-league-2026-05-2010628,league,Asuteka114,,
2026-05-20,modern-league-2026-05-2010628,league,Athenani,,
2026-05-20,modern-league-2026-05-2010628,league,BENTO_,,
2026-05-20,modern-league-2026-05-2010628,league,Braden_Yates,,
2026-05-20,modern-league-2026-05-2010628,league,CptNixon,,
2026-05-20,modern-league-2026-05-2010628,league,Croco-polarbear,,
2026-05-20,modern-league-2026-05-2010628,league,DB_Mengu,,
2026-05-20,modern-league-2026-05-2010628,league,DB_Mengu,,
2026-05-20,modern-league-2026-05-2010628,league,DenimHero19,,
2026-05-20,modern-league-2026-05-2010628,league,Do0mSwitch,,
2026-05-20,modern-league-2026-05-2010628,league,Efgan3,,
2026-05-20,modern-league-2026-05-2010628,league,Elitism,,
2026-05-20,modern-league-2026-05-2010628,league,Galactus_Pirate,,
2026-05-20,modern-league-2026-05-2010628,league,Giantcupcake,,
2026-05-20,modern-league-2026-05-2010628,league,GirthGod,,
2026-05-20,modern-league-2026-05-2010628,league,Grafec,,
2026-05-20,modern-league-2026-05-2010628,league,ICHI1111,,
2026-05-20,modern-league-2026-05-2010628,league,Ivc,,
2026-05-20,modern-league-2026-05-2010628,league,JackieBrown,,
2026-05-20,modern-league-2026-05-2010628,league,KangXiaotian,,
2026-05-20,modern-league-2026-05-2010628,league,Kaymod,,
2026-05-20,modern-league-2026-05-2010628,league,KevinCon,,
2026-05-20,modern-league-2026-05-2010628,league,KingChainsaw,,
2026-05-20,modern-league-2026-05-2010628,league,Kurusu,,
2026-05-20,modern-league-2026-05-2010628,league,Lloeve,,
2026-05-20,modern-league-2026-05-2010628,league,LordEgg,,
2026-05-20,modern-league-2026-05-2010628,league,MagnumJon,,
2026-05-20,modern-league-2026-05-2010628,league,MikeOxlittle,,
2026-05-20,modern-league-2026-05-2010628,league,MillerMTG,,
2026-05-20,modern-league-2026-05-2010628,league,Misplacedginger,,
2026-05-20,modern-league-2026-05-2010628,league,Mooshack,,
2026-05-20,modern-league-2026-05-2010628,league,NashPeters,,
2026-05-20,modern-league-2026-05-2010628,league,OiGachi1,,
2026-05-20,modern-league-2026-05-2010628,league,Patxi,,
2026-05-20,modern-league-2026-05-2010628,league,PharmD_MTG,,
2026-05-20,modern-league-2026-05-2010628,league,Pizzapiebob,,
2026-05-20,modern-league-2026-05-2010628,league,PsychicFrog08,,
2026-05-20,modern-league-2026-05-2010628,league,Puff-Sun,,
2026-05-20,modern-league-2026-05-2010628,league,Puff-Sun,,
2026-05-20,modern-league-2026-05-2010628,league,RSAX,,
2026-05-20,modern-league-2026-05-2010628,league,ReservoirMog,,
2026-05-20,modern-league-2026-05-2010628,league,RespectTheDog,,
2026-05-20,modern-league-2026-05-2010628,league,RiceTackler,,
2026-05-20,modern-league-2026-05-2010628,league,SaN3,,
2026-05-20,modern-league-2026-05-2010628,league,Sandcry,,
2026-05-20,modern-league-2026-05-2010628,league,SeroPhinz,,
2026-05-20,modern-league-2026-05-2010628,league,Spezzagatti23,,
2026-05-20,modern-league-2026-05-2010628,league,Stealthmagician,,
2026-05-20,modern-league-2026-05-2010628,league,Strydr24,,
2026-05-20,modern-league-2026-05-2010628,league,SvenSveeterSven,,
2026-05-20,modern-league-2026-05-2010628,league,SvenSveeterSven,,
2026-05-20,modern-league-2026-05-2010628,league,Txuris,,
2026-05-20,modern-league-2026-05-2010628,league,Valimoth,,
2026-05-20,modern-league-2026-05-2010628,league,Vollhorst76,,
2026-05-20,modern-league-2026-05-2010628,league,Wesleke27,,
2026-05-20,modern-league-2026-05-2010628,league,Yagu,,
2026-05-20,modern-league-2026-05-2010628,league,_Slunk_,,
2026-05-20,modern-league-2026-05-2010628,league,albey1234,,
2026-05-20,modern-league-2026-05-2010628,league,aspiringspike,,
2026-05-20,modern-league-2026-05-2010628,league,bearland,,
2026-05-20,modern-league-2026-05-2010628,league,bleschat,,
2026-05-20,modern-league-2026-05-2010628,league,bobthedog,,
2026-05-20,modern-league-2026-05-2010628,league,coastae7,,
2026-05-20,modern-league-2026-05-2010628,league,daviddmtg,,
2026-05-20,modern-league-2026-05-2010628,league,fuwyce,,
2026-05-20,modern-league-2026-05-2010628,league,ho-oh,,
2026-05-20,modern-league-2026-05-2010628,league,jbl2311,,
2026-05-20,modern-league-2026-05-2010628,league,kaiszern,,
2026-05-20,modern-league-2026-05-2010628,league,lo_zio_torri,,
2026-05-20,modern-league-2026-05-2010628,league,masakitaro,,
2026-05-20,modern-league-2026-05-2010628,league,medical,,
2026-05-20,modern-league-2026-05-2010628,league,merkadon,,
2026-05-20,modern-league-2026-05-2010628,league,papporockentucara,,
2026-05-20,modern-league-2026-05-2010628,league,photolytic,,
2026-05-20,modern-league-2026-05-2010628,league,ratabruta,,
2026-05-20,modern-league-2026-05-2010628,league,skogsrejv,,
2026-05-20,modern-league-2026-05-2010628,league,woodjt5,,
2026-05-20,modern-league-2026-05-2010628,league,xfile,,
2026-05-20,modern-league-2026-05-2010628,league,yulinl,,
2026-05-21,modern-challenge-64-2026-05-2112842886,challenge-64,jbl2311,1,18
2026-05-21,modern-challenge-64-2026-05-2112842886,challenge-64,MisterTwin,2,18
2026-05-21,modern-challenge-64-2026-05-2112842886,challenge-64,mei0024,3,21
2026-05-21,modern-challenge-64-2026-05-2112842886,challenge-64,LaRougeMTG,4,18
2026-05-21,modern-challenge-64-2026-05-2112842886,challenge-64,Odin2015,5,18
2026-05-21,modern-challenge-64-2026-05-2112842886,challenge-64,KelMasterP,6,18
2026-05-21,modern-challenge-64-2026-05-2112842886,challenge-64,taldoitalo,7,18
2026-05-21,modern-challenge-64-2026-05-2112842886,challenge-64,HumblestRodent,8,15
2026-05-21,modern-challenge-64-2026-05-2112842886,challenge-64,VitoCorleone,9,15
2026-05-21,modern-challenge-64-2026-05-2112842886,challenge-64,groot02,10,15
2026-05-21,modern-challenge-64-2026-05-2112842886,challenge-64,rastaf,11,15
2026-05-21,modern-challenge-64-2026-05-2112842886,challenge-64,Comrade1312,12,15
2026-05-21,modern-challenge-64-2026-05-2112842886,challenge-64,Univerce,13,15
2026-05-21,modern-challenge-64-2026-05-2112842886,challenge-64,xfile,14,15
2026-05-21,modern-challenge-64-2026-05-2112842886,challenge-64,Koala40,15,15
2026-05-21,modern-challenge-64-2026-05-2112842886,challenge-64,Elfu,16,15
2026-05-21,modern-challenge-64-2026-05-2112842886,challenge-64,soggymeatball,17,15
2026-05-21,modern-challenge-64-2026-05-2112842886,challenge-64,Scappie,18,15
2026-05-21,modern-challenge-64-2026-05-2112842886,challenge-64,zarbo,19,15
2026-05-21,modern-challenge-64-2026-05-2112842886,challenge-64,nahuel10,20,15
2026-05-21,modern-challenge-64-2026-05-2112842886,challenge-64,makaaaa,21,15
2026-05-21,modern-challenge-64-2026-05-2112842886,challenge-64,Xenowan,22,15
2026-05-21,modern-challenge-64-2026-05-2112842886,challenge-64,Mistakenn,23,12
2026-05-21,modern-challenge-64-2026-05-2112842886,challenge-64,DavidDaBridges,24,12
2026-05-21,modern-challenge-64-2026-05-2112842886,challenge-64,Masterbeardsman,25,12
2026-05-21,modern-challenge-64-2026-05-2112842886,challenge-64,_Falcon_,26,12
2026-05-21,modern-challenge-64-2026-05-2112842886,challenge-64,DemianDesposito10,27,12
2026-05-21,modern-challenge-64-2026-05-2112842886,challenge-64,Craig_Long123,28,12
2026-05-21,modern-challenge-64-2026-05-2112842886,challenge-64,romstek,29,12
2026-05-21,modern-challenge-64-2026-05-2112842886,challenge-64,Porks,30,12
2026-05-21,modern-challenge-64-2026-05-2112842886,challenge-64,takeInitiative,31,12
2026-05-21,modern-challenge-64-2026-05-2112842886,challenge-64,Ivo_06,32,12
2026-05-21,modern-league-2026-05-2110628,league,1sNabOs,,
2026-05-21,modern-league-2026-05-2110628,league,AbelMolto,,
2026-05-21,modern-league-2026-05-2110628,league,Alan07,,
2026-05-21,modern-league-2026-05-2110628,league,Chuckles1248,,
2026-05-21,modern-league-2026-05-2110628,league,CutySark,,
2026-05-21,modern-league-2026-05-2110628,league,DB_Taracogenius,,
2026-05-21,modern-league-2026-05-2110628,league,DB_cntrlfreak_ttv,,
2026-05-21,modern-league-2026-05-2110628,league,Delap91,,
2026-05-21,modern-league-2026-05-2110628,league,DenimHero19,,
2026-05-21,modern-league-2026-05-2110628,league,Do0mSwitch,,
2026-05-21,modern-league-2026-05-2110628,league,DoomDriver501,,
2026-05-21,modern-league-2026-05-2110628,league,Dopedafi,,
2026-05-21,modern-league-2026-05-2110628,league,EDHplayer,,
2026-05-21,modern-league-2026-05-2110628,league,Fabry97snake,,
2026-05-21,modern-league-2026-05-2110628,league,Fatal_Vlad,,
2026-05-21,modern-league-2026-05-2110628,league,Galaxios,,
2026-05-21,modern-league-2026-05-2110628,league,GreenEminence,,
2026-05-21,modern-league-2026-05-2110628,league,HDG_BorisE,,
2026-05-21,modern-league-2026-05-2110628,league,HornDogs,,
2026-05-21,modern-league-2026-05-2110628,league,JuGene,,
2026-05-21,modern-league-2026-05-2110628,league,Kefwyn,,
2026-05-21,modern-league-2026-05-2110628,league,Kefwyn,,
2026-05-21,modern-league-2026-05-2110628,league,LaturatheLucis,,
2026-05-21,modern-league-2026-05-2110628,league,Legion935,,
2026-05-21,modern-league-2026-05-2110628,league,Libuzzi,,
2026-05-21,modern-league-2026-05-2110628,league,Lloeve,,
2026-05-21,modern-league-2026-05-2110628,league,Lucaspbt,,
2026-05-21,modern-league-2026-05-2110628,league,Lukara77,,
2026-05-21,modern-league-2026-05-2110628,league,MagicDevil666,,
2026-05-21,modern-league-2026-05-2110628,league,MiraiMTG,,
2026-05-21,modern-league-2026-05-2110628,league,Misplacedginger,,
2026-05-21,modern-league-2026-05-2110628,league,MixolydianMagus,,
2026-05-21,modern-league-2026-05-2110628,league,MixolydianMagus,,
2026-05-21,modern-league-2026-05-2110628,league,MoBeatS,,
2026-05-21,modern-league-2026-05-2110628,league,Pascal3000,,
2026-05-21,modern-league-2026-05-2110628,league,Reftisx,,
2026-05-21,modern-league-2026-05-2110628,league,ReservoirMog,,
2026-05-21,modern-league-2026-05-2110628,league,Reyun,,
2026-05-21,modern-league-2026-05-2110628,league,Rudokant,,
2026-05-21,modern-league-2026-05-2110628,league,Samcaster-Mage,,
2026-05-21,modern-league-2026-05-2110628,league,SimoCr,,
2026-05-21,modern-league-2026-05-2110628,league,Slushycard,,
2026-05-21,modern-league-2026-05-2110628,league,SssTwins,,
2026-05-21,modern-league-2026-05-2110628,league,TheMeatMan,,
2026-05-21,modern-league-2026-05-2110628,league,TheVlagh,,
2026-05-21,modern-league-2026-05-2110628,league,Thoughtseize_Bug,,
2026-05-21,modern-league-2026-05-2110628,league,Tirifolix92,,
2026-05-21,modern-league-2026-05-2110628,league,Tripthink,,
2026-05-21,modern-league-2026-05-2110628,league,UninspiredMehjagic,,
2026-05-21,modern-league-2026-05-2110628,league,angelsjeffrey,,
2026-05-21,modern-league-2026-05-2110628,league,badthemost,,
2026-05-21,modern-league-2026-05-2110628,league,casper_x,,
2026-05-21,modern-league-2026-05-2110628,league,dack_fayden07,,
2026-05-21,modern-league-2026-05-2110628,league,daviddmtg,,
2026-05-21,modern-league-2026-05-2110628,league,dww,,
2026-05-21,modern-league-2026-05-2110628,league,fuwyce,,
2026-05-21,modern-league-2026-05-2110628,league,ghandifloss,,
2026-05-21,modern-league-2026-05-2110628,league,gravy98,,
2026-05-21,modern-league-2026-05-2110628,league,ianoss,,
2026-05-21,modern-league-2026-05-2110628,league,ice100,,
2026-05-21,modern-league-2026-05-2110628,league,j_money10,,
2026-05-21,modern-league-2026-05-2110628,league,jbspec3,,
2026-05-21,modern-league-2026-05-2110628,league,josemasalteras,,
2026-05-21,modern-league-2026-05-2110628,league,kenjinsakura,,
2026-05-21,modern-league-2026-05-2110628,league,masakitaro,,
2026-05-21,modern-league-2026-05-2110628,league,mechrataal,,
2026-05-21,modern-league-2026-05-2110628,league,mtgobazaar8,,
2026-05-21,modern-league-2026-05-2110628,league,mylast,,
2026-05-21,modern-league-2026-05-2110628,league,ncowden,,
2026-05-21,modern-league-2026-05-2110628,league,nesple,,
2026-05-21,modern-league-2026-05-2110628,league,nightwitch,,
2026-05-21,modern-league-2026-05-2110628,league,nykthoshah,,
2026-05-21,modern-league-2026-05-2110628,league,pedromansu,,
2026-05-21,modern-league-2026-05-2110628,league,qmcgarry45,,
2026-05-21,modern-league-2026-05-2110628,league,shown117,,
2026-05-21,modern-league-2026-05-2110628,league,sultai4lyfe,,
2026-05-21,modern-league-2026-05-2110628,league,thodoris17,,
2026-05-21,modern-league-2026-05-2110628,league,tilfordl,,
2026-05-21,modern-league-2026-05-2110628,league,vento1223,,
2026-05-21,modern-league-2026-05-2110628,league,yulinl,,
2026-05-22,modern-challenge-64-2026-05-2212842903,challenge-64,Xenowan,1,18
2026-05-22,modern-challenge-64-2026-05-2212842903,challenge-64,ShikiXYZ,2,18
2026-05-22,modern-challenge-64-2026-05-2212842903,challenge-64,Sifui,3,18
2026-05-22,modern-challenge-64-2026-05-2212842903,challenge-64,HisDudeness,4,15
2026-05-22,modern-challenge-64-2026-05-2212842903,challenge-64,Corkyboyy,5,21
2026-05-22,modern-challenge-64-2026-05-2212842903,challenge-64,JPA93,6,18
2026-05-22,modern-challenge-64-2026-05-2212842903,challenge-64,nahuel10,7,18
2026-05-22,modern-challenge-64-2026-05-2212842903,challenge-64,Jsutas,8,15
2026-05-22,modern-challenge-64-2026-05-2212842903,challenge-64,Walker735,9,15
2026-05-22,modern-challenge-64-2026-05-2212842903,challenge-64,Apocalypso,10,15
2026-05-22,modern-challenge-64-2026-05-2212842903,challenge-64,DemianDesposito10,11,15
2026-05-22,modern-challenge-64-2026-05-2212842903,challenge-64,Bosseidon,12,15
2026-05-22,modern-challenge-64-2026-05-2212842903,challenge-64,Barro,13,15
2026-05-22,modern-challenge-64-2026-05-2212842903,challenge-64,powered_by_VANYA,14,15
2026-05-22,modern-challenge-64-2026-05-2212842903,challenge-64,MeninoNey,15,15
2026-05-22,modern-challenge-64-2026-05-2212842903,challenge-64,hermanomlg,16,15
2026-05-22,modern-challenge-64-2026-05-2212842903,challenge-64,St1ffler,17,15
2026-05-22,modern-challenge-64-2026-05-2212842903,challenge-64,D00mwake,18,15
2026-05-22,modern-challenge-64-2026-05-2212842903,challenge-64,Capitano_CL,19,15
2026-05-22,modern-challenge-64-2026-05-2212842903,challenge-64,Danielpena397,20,15
2026-05-22,modern-challenge-64-2026-05-2212842903,challenge-64,Separatist,21,15
2026-05-22,modern-challenge-64-2026-05-2212842903,challenge-64,Porks,22,15
2026-05-22,modern-challenge-64-2026-05-2212842903,challenge-64,Jumba,23,15
2026-05-22,modern-challenge-64-2026-05-2212842903,challenge-64,Smigui,24,12
2026-05-22,modern-challenge-64-2026-05-2212842903,challenge-64,bearland,25,12
2026-05-22,modern-challenge-64-2026-05-2212842903,challenge-64,AgentLion09,26,12
2026-05-22,modern-challenge-64-2026-05-2212842903,challenge-64,McWinSauce,27,12
2026-05-22,modern-challenge-64-2026-05-2212842903,challenge-64,MacIsaac,28,12
2026-05-22,modern-challenge-64-2026-05-2212842903,challenge-64,rastaf,29,12
2026-05-22,modern-challenge-64-2026-05-2212842903,challenge-64,makaaaa,30,12
2026-05-22,modern-challenge-64-2026-05-2212842903,challenge-64,GWT,31,12
2026-05-22,modern-challenge-64-2026-05-2212842903,challenge-64,JakeTMS,32,12
2026-05-22,modern-league-2026-05-2210628,league,Antarctica,,
2026-05-22,modern-league-2026-05-2210628,league,BONK101,,
2026-05-22,modern-league-2026-05-2210628,league,BigD_1992,,
2026-05-22,modern-league-2026-05-2210628,league,Bring_back_affinity,,
2026-05-22,modern-league-2026-05-2210628,league,Collinisimo,,
2026-05-22,modern-league-2026-05-2210628,league,Foxcore,,
2026-05-22,modern-league-2026-05-2210628,league,GanYanCHN,,
2026-05-22,modern-league-2026-05-2210628,league,GhastM4n,,
2026-05-22,modern-league-2026-05-2210628,league,HDG_BorisE,,
2026-05-22,modern-league-2026-05-2210628,league,Ivc,,
2026-05-22,modern-league-2026-05-2210628,league,Jakesbaked,,
2026-05-22,modern-league-2026-05-2210628,league,KevinCon,,
2026-05-22,modern-league-2026-05-2210628,league,Koszul,,
2026-05-22,modern-league-2026-05-2210628,league,KyleP,,
2026-05-22,modern-league-2026-05-2210628,league,Legion935,,
2026-05-22,modern-league-2026-05-2210628,league,Lowndy,,
2026-05-22,modern-league-2026-05-2210628,league,MarmotaStore,,
2026-05-22,modern-league-2026-05-2210628,league,Martin_Dominguez,,
2026-05-22,modern-league-2026-05-2210628,league,MaxMedeiros,,
2026-05-22,modern-league-2026-05-2210628,league,Misconduct,,
2026-05-22,modern-league-2026-05-2210628,league,NashPeters,,
2026-05-22,modern-league-2026-05-2210628,league,Odin2015,,
2026-05-22,modern-league-2026-05-2210628,league,PatrizioSpadoni,,
2026-05-22,modern-league-2026-05-2210628,league,Pigprob,,
2026-05-22,modern-league-2026-05-2210628,league,Quinaroon,,
2026-05-22,modern-league-2026-05-2210628,league,RezerDeDog,,
2026-05-22,modern-league-2026-05-2210628,league,Robin0726,,
2026-05-22,modern-league-2026-05-2210628,league,SFDK,,
2026-05-22,modern-league-2026-05-2210628,league,SlavSlays,,
2026-05-22,modern-league-2026-05-2210628,league,SocorristaEnParo,,
2026-05-22,modern-league-2026-05-2210628,league,Stealthmagician,,
2026-05-22,modern-league-2026-05-2210628,league,Stuhl,,
2026-05-22,modern-league-2026-05-2210628,league,TOP_AI,,
2026-05-22,modern-league-2026-05-2210628,league,TOP_AI,,
2026-05-22,modern-league-2026-05-2210628,league,TibbersAU,,
2026-05-22,modern-league-2026-05-2210628,league,Tw33Ty,,
2026-05-22,modern-league-2026-05-2210628,league,Twinkle04,,
2026-05-22,modern-league-2026-05-2210628,league,Valident,,
2026-05-22,modern-league-2026-05-2210628,league,Xanzure,,
2026-05-22,modern-league-2026-05-2210628,league,XboxGreg,,
2026-05-22,modern-league-2026-05-2210628,league,YAK9k,,
2026-05-22,modern-league-2026-05-2210628,league,Zoob5555,,
2026-05-22,modern-league-2026-05-2210628,league,acelerado440,,
2026-05-22,modern-league-2026-05-2210628,league,alamosmithers,,
2026-05-22,modern-league-2026-05-2210628,league,albybale93,,
2026-05-22,modern-league-2026-05-2210628,league,amin0e,,
2026-05-22,modern-league-2026-05-2210628,league,antwmill,,
2026-05-22,modern-league-2026-05-2210628,league,bokuwakuma,,
2026-05-22,modern-league-2026-05-2210628,league,cigarettesaftershrek,,
2026-05-22,modern-league-2026-05-2210628,league,dehloco,,
2026-05-22,modern-league-2026-05-2210628,league,exoticherman,,
2026-05-22,modern-league-2026-05-2210628,league,golden_knights,,
2026-05-22,modern-league-2026-05-2210628,league,habieh,,
2026-05-22,modern-league-2026-05-2210628,league,iShambler,,
2026-05-22,modern-league-2026-05-2210628,league,laberch,,
2026-05-22,modern-league-2026-05-2210628,league,masakitaro,,
2026-05-22,modern-league-2026-05-2210628,league,mechrataal,,
2026-05-22,modern-league-2026-05-2210628,league,merkadon,,
2026-05-22,modern-league-2026-05-2210628,league,merkadon,,
2026-05-22,modern-league-2026-05-2210628,league,moreno13,,
2026-05-22,modern-league-2026-05-2210628,league,redmogg,,
2026-05-22,modern-league-2026-05-2210628,league,retro_gamer_27,,
2026-05-22,modern-league-2026-05-2210628,league,scalo94,,
2026-05-22,modern-league-2026-05-2210628,league,woopdeloop,,
2026-05-22,modern-league-2026-05-2210628,league,xdd,,
2026-05-22,modern-league-2026-05-2210628,league,zbogames,,
2026-05-23,modern-challenge-32-2026-05-2312842912,challenge-32,yriel,1,18
2026-05-23,modern-challenge-32-2026-05-2312842912,challenge-32,Arcbound_Papi,2,18
2026-05-23,modern-challenge-32-2026-05-2312842912,challenge-32,VampireDiaries,3,18
2026-05-23,modern-challenge-32-2026-05-2312842912,challenge-32,BERNASTORRES,4,18
2026-05-23,modern-challenge-32-2026-05-2312842912,challenge-32,Savior0117,5,18
2026-05-23,modern-challenge-32-2026-05-2312842912,challenge-32,_Falcon_,6,15
2026-05-23,modern-challenge-32-2026-05-2312842912,challenge-32,xerioc,7,15
2026-05-23,modern-challenge-32-2026-05-2312842912,challenge-32,giraffesarentreal,8,15
2026-05-23,modern-challenge-32-2026-05-2312842912,challenge-32,LucasG1ggs,9,15
2026-05-23,modern-challenge-32-2026-05-2312842912,challenge-32,MystikHawk,10,15
2026-05-23,modern-challenge-32-2026-05-2312842912,challenge-32,SvenSveeterSven,11,15
2026-05-23,modern-challenge-32-2026-05-2312842912,challenge-32,katuo079595,12,15
2026-05-23,modern-challenge-32-2026-05-2312842912,challenge-32,MikeEgan,13,15
2026-05-23,modern-challenge-32-2026-05-2312842912,challenge-32,hauterho,14,15
2026-05-23,modern-challenge-32-2026-05-2312842912,challenge-32,ganache1127,15,15
2026-05-23,modern-challenge-32-2026-05-2312842912,challenge-32,Stealthmagician,16,12
2026-05-23,modern-challenge-32-2026-05-2312842912,challenge-32,Jacksonian26,17,12
2026-05-23,modern-challenge-32-2026-05-2312842912,challenge-32,sultai4lyfe,18,12
2026-05-23,modern-challenge-32-2026-05-2312842912,challenge-32,goron27,19,12
2026-05-23,modern-challenge-32-2026-05-2312842912,challenge-32,NJ5030,20,12
2026-05-23,modern-challenge-32-2026-05-2312842912,challenge-32,Ztenod,21,12
2026-05-23,modern-challenge-32-2026-05-2312842912,challenge-32,BrandonVye,22,12
2026-05-23,modern-challenge-32-2026-05-2312842912,challenge-32,VTCLA,23,12
2026-05-23,modern-challenge-32-2026-05-2312842912,challenge-32,OPaZZwiZard,24,12
2026-05-23,modern-challenge-32-2026-05-2312842912,challenge-32,powered_by_VANYA,25,12
2026-05-23,modern-challenge-32-2026-05-2312842912,challenge-32,Dubb,26,12
2026-05-23,modern-challenge-32-2026-05-2312842912,challenge-32,OctillionBees,27,9
2026-05-23,modern-challenge-32-2026-05-2312842912,challenge-32,DemianDesposito10,28,9
2026-05-23,modern-challenge-32-2026-05-2312842912,challenge-32,UninspiredMehjagic,29,9
2026-05-23,modern-challenge-32-2026-05-2312842912,challenge-32,SFDK,30,9
2026-05-23,modern-challenge-32-2026-05-2312842912,challenge-32,Parrotlet,31,9
2026-05-23,modern-challenge-32-2026-05-2312842912,challenge-32,MacIsaac,32,9
2026-05-23,modern-challenge-32-2026-05-2312842914,challenge-32,LordEgg,1,12
2026-05-23,modern-challenge-32-2026-05-2312842914,challenge-32,hugeowl,2,12
2026-05-23,modern-challenge-32-2026-05-2312842914,challenge-32,JV_7777,3,15
2026-05-23,modern-challenge-32-2026-05-2312842914,challenge-32,gazmon48,4,12
2026-05-23,modern-challenge-32-2026-05-2312842914,challenge-32,HelpfulHobo,5,15
2026-05-23,modern-challenge-32-2026-05-2312842914,challenge-32,Boin,6,15
2026-05-23,modern-challenge-32-2026-05-2312842914,challenge-32,GWT,7,15
2026-05-23,modern-challenge-32-2026-05-2312842914,challenge-32,Tyerube1618,8,15
2026-05-23,modern-challenge-32-2026-05-2312842914,challenge-32,JustAnotherGuy83,9,12
2026-05-23,modern-challenge-32-2026-05-2312842914,challenge-32,jev_,10,12
2026-05-23,modern-challenge-32-2026-05-2312842914,challenge-32,eXeliS,11,12
2026-05-23,modern-challenge-32-2026-05-2312842914,challenge-32,HouseOfManaMTG,12,12
2026-05-23,modern-challenge-32-2026-05-2312842914,challenge-32,DemianDesposito10,13,12
2026-05-23,modern-challenge-32-2026-05-2312842914,challenge-32,_Mago_,14,12
2026-05-23,modern-challenge-32-2026-05-2312842914,challenge-32,yriel,15,9
2026-05-23,modern-challenge-32-2026-05-2312842914,challenge-32,lethargicarcher,16,9
2026-05-23,modern-challenge-32-2026-05-2312842914,challenge-32,nahuel10,17,9
2026-05-23,modern-challenge-32-2026-05-2312842914,challenge-32,soggymeatball,18,9
2026-05-23,modern-challenge-32-2026-05-2312842914,challenge-32,Taddy_99,19,9
2026-05-23,modern-challenge-32-2026-05-2312842914,challenge-32,R_Mac,20,9
2026-05-23,modern-challenge-32-2026-05-2312842914,challenge-32,Elfu,21,9
2026-05-23,modern-challenge-32-2026-05-2312842914,challenge-32,MegaSwampert,22,9
2026-05-23,modern-challenge-32-2026-05-2312842914,challenge-32,jvidarte,23,9
2026-05-23,modern-challenge-32-2026-05-2312842914,challenge-32,66yui,24,6
2026-05-23,modern-challenge-32-2026-05-2312842914,challenge-32,selesneal,25,6
2026-05-23,modern-challenge-32-2026-05-2312842914,challenge-32,LuRu,26,6
2026-05-23,modern-challenge-32-2026-05-2312842914,challenge-32,wutey,27,6
2026-05-23,modern-challenge-32-2026-05-2312842914,challenge-32,UomoComune26490,28,6
2026-05-23,modern-challenge-32-2026-05-2312842914,challenge-32,SimoCr,29,6
2026-05-23,modern-challenge-32-2026-05-2312842914,challenge-32,Scappie,30,3
2026-05-23,modern-challenge-32-2026-05-2312842914,challenge-32,gyyby297,31,3
2026-05-23,modern-challenge-32-2026-05-2312842914,challenge-32,TheRightStuff,32,3
2026-05-23,modern-challenge-64-2026-05-2312842918,challenge-64,Denisevich,1,18
2026-05-23,modern-challenge-64-2026-05-2312842918,challenge-64,Selfeisek,2,18
2026-05-23,modern-challenge-64-2026-05-2312842918,challenge-64,flamedragons2,3,18
2026-05-23,modern-challenge-64-2026-05-2312842918,challenge-64,yriel,4,18
2026-05-23,modern-challenge-64-2026-05-2312842918,challenge-64,Jedgi,5,18
2026-05-23,modern-challenge-64-2026-05-2312842918,challenge-64,GWT,6,18
2026-05-23,modern-challenge-64-2026-05-2312842918,challenge-64,jev_,7,15
2026-05-23,modern-challenge-64-2026-05-2312842918,challenge-64,xfile,8,15
2026-05-23,modern-challenge-64-2026-05-2312842918,challenge-64,dormitian,9,15
2026-05-23,modern-challenge-64-2026-05-2312842918,challenge-64,Apocalypso,10,15
2026-05-23,modern-challenge-64-2026-05-2312842918,challenge-64,Nuserdog,11,15
2026-05-23,modern-challenge-64-2026-05-2312842918,challenge-64,surgetemelo,12,15
2026-05-23,modern-challenge-64-2026-05-2312842918,challenge-64,JuanmaAT,13,15
2026-05-23,modern-challenge-64-2026-05-2312842918,challenge-64,Lord_Beerus,14,15
2026-05-23,modern-challenge-64-2026-05-2312842918,challenge-64,Bugsy69,15,15
2026-05-23,modern-challenge-64-2026-05-2312842918,challenge-64,Danielpena397,16,15
2026-05-23,modern-challenge-64-2026-05-2312842918,challenge-64,J0hnWick,17,15
2026-05-23,modern-challenge-64-2026-05-2312842918,challenge-64,yulinl,18,15
2026-05-23,modern-challenge-64-2026-05-2312842918,challenge-64,FrankEG_MTG,19,15
2026-05-23,modern-challenge-64-2026-05-2312842918,challenge-64,ShadowTitan1,20,12
2026-05-23,modern-challenge-64-2026-05-2312842918,challenge-64,PredatorLLM,21,12
2026-05-23,modern-challenge-64-2026-05-2312842918,challenge-64,GiestOfIWin,22,12
2026-05-23,modern-challenge-64-2026-05-2312842918,challenge-64,Aldreen,23,12
2026-05-23,modern-challenge-64-2026-05-2312842918,challenge-64,_Falcon_,24,12
2026-05-23,modern-challenge-64-2026-05-2312842918,challenge-64,HumblestRodent,25,12
2026-05-23,modern-challenge-64-2026-05-2312842918,challenge-64,Hravv,26,12
2026-05-23,modern-challenge-64-2026-05-2312842918,challenge-64,juanjo1313,27,12
2026-05-23,modern-challenge-64-2026-05-2312842918,challenge-64,topdollar,28,12
2026-05-23,modern-challenge-64-2026-05-2312842918,challenge-64,Chaticus,29,12
2026-05-23,modern-challenge-64-2026-05-2312842918,challenge-64,TheColorOfBoom,30,12
2026-05-23,modern-challenge-64-2026-05-2312842918,challenge-64,Terminus0,31,12
2026-05-23,modern-challenge-64-2026-05-2312842918,challenge-64,Craig_Long123,32,12
2026-05-23,modern-league-2026-05-2310628,league,ATXroy,,
2026-05-23,modern-league-2026-05-2310628,league,Alebina1986,,
2026-05-23,modern-league-2026-05-2310628,league,Artemesis,,
2026-05-23,modern-league-2026-05-2310628,league,Aschop,,
2026-05-23,modern-league-2026-05-2310628,league,Booman90,,
2026-05-23,modern-league-2026-05-2310628,league,Brener,,
2026-05-23,modern-league-2026-05-2310628,league,ChefOW,,
2026-05-23,modern-league-2026-05-2310628,league,Dibacabo,,
2026-05-23,modern-league-2026-05-2310628,league,DidSomeoneJustSayBod,,
2026-05-23,modern-league-2026-05-2310628,league,Dogzera30,,
2026-05-23,modern-league-2026-05-2310628,league,Duck_fs,,
2026-05-23,modern-league-2026-05-2310628,league,E90_DeliveryBoy,,
2026-05-23,modern-league-2026-05-2310628,league,ElkVinci,,
2026-05-23,modern-league-2026-05-2310628,league,Fangus87,,
2026-05-23,modern-league-2026-05-2310628,league,Ghan6,,
2026-05-23,modern-league-2026-05-2310628,league,Gniksigerg,,
2026-05-23,modern-league-2026-05-2310628,league,Gods_Shadow,,
2026-05-23,modern-league-2026-05-2310628,league,Grogore,,
2026-05-23,modern-league-2026-05-2310628,league,HappySandwich,,
2026-05-23,modern-league-2026-05-2310628,league,JeromeAlce,,
2026-05-23,modern-league-2026-05-2310628,league,Kurusu,,
2026-05-23,modern-league-2026-05-2310628,league,LindenPaine,,
2026-05-23,modern-league-2026-05-2310628,league,LysergiK002,,
2026-05-23,modern-league-2026-05-2310628,league,MHayashi,,
2026-05-23,modern-league-2026-05-2310628,league,MacIsaac,,
2026-05-23,modern-league-2026-05-2310628,league,MatsOle,,
2026-05-23,modern-league-2026-05-2310628,league,Mattmatic,,
2026-05-23,modern-league-2026-05-2310628,league,MaxMedeiros,,
2026-05-23,modern-league-2026-05-2310628,league,Mistakenn,,
2026-05-23,modern-league-2026-05-2310628,league,MixolydianMagus,,
2026-05-23,modern-league-2026-05-2310628,league,MuffinSwag,,
2026-05-23,modern-league-2026-05-2310628,league,MyrRetriever,,
2026-05-23,modern-league-2026-05-2310628,league,PCW21,,
2026-05-23,modern-league-2026-05-2310628,league,PharmD_MTG,,
2026-05-23,modern-league-2026-05-2310628,league,Phryziel,,
2026-05-23,modern-league-2026-05-2310628,league,Pope-NopeIII,,
2026-05-23,modern-league-2026-05-2310628,league,Prim3Time,,
2026-05-23,modern-league-2026-05-2310628,league,Rastafury,,
2026-05-23,modern-league-2026-05-2310628,league,Robin0726,,
2026-05-23,modern-league-2026-05-2310628,league,Ryuzaki0,,
2026-05-23,modern-league-2026-05-2310628,league,Sebek,,
2026-05-23,modern-league-2026-05-2310628,league,SmoothDawwg,,
2026-05-23,modern-league-2026-05-2310628,league,Spezzagatti23,,
2026-05-23,modern-league-2026-05-2310628,league,SvenSveeterSven,,
2026-05-23,modern-league-2026-05-2310628,league,VampireX_,,
2026-05-23,modern-league-2026-05-2310628,league,Xwhale,,
2026-05-23,modern-league-2026-05-2310628,league,Yumas2,,
2026-05-23,modern-league-2026-05-2310628,league,cg240,,
2026-05-23,modern-league-2026-05-2310628,league,chengyiw,,
2026-05-23,modern-league-2026-05-2310628,league,d0ga,,
2026-05-23,modern-league-2026-05-2310628,league,i_b_TRUE,,
2026-05-23,modern-league-2026-05-2310628,league,jvidarte,,
2026-05-23,modern-league-2026-05-2310628,league,kado222,,
2026-05-23,modern-league-2026-05-2310628,league,katabami2,,
2026-05-23,modern-league-2026-05-2310628,league,kusyusk,,
2026-05-23,modern-league-2026-05-2310628,league,mtbWolf,,
2026-05-23,modern-league-2026-05-2310628,league,sGiuG,,
2026-05-23,modern-league-2026-05-2310628,league,scalo94,,
2026-05-23,modern-league-2026-05-2310628,league,soggymeatball,,
2026-05-23,modern-league-2026-05-2310628,league,sovieto,,
2026-05-23,modern-league-2026-05-2310628,league,tigress,,
2026-05-23,modern-league-2026-05-2310628,league,tyreel04,,
2026-05-23,modern-league-2026-05-2310628,league,wutang08,,
2026-05-24,modern-challenge-32-2026-05-2412842925,challenge-32,Bugsy69,1,18
2026-05-24,modern-challenge-32-2026-05-2412842925,challenge-32,mendyourheart,2,15
2026-05-24,modern-challenge-32-2026-05-2412842925,challenge-32,xfile,3,18
2026-05-24,modern-challenge-32-2026-05-2412842925,challenge-32,magicgatheringbigfan,4,18
2026-05-24,modern-challenge-32-2026-05-2412842925,challenge-32,Barneygumbal,5,18
2026-05-24,modern-challenge-32-2026-05-2412842925,challenge-32,CORESET_OMEGALUL,6,18
2026-05-24,modern-challenge-32-2026-05-2412842925,challenge-32,Stealthmagician,7,15
2026-05-24,modern-challenge-32-2026-05-2412842925,challenge-32,Bigatti,8,15
2026-05-24,modern-challenge-32-2026-05-2412842925,challenge-32,OPaZZwiZard,9,15
2026-05-24,modern-challenge-32-2026-05-2412842925,challenge-32,Sunbird17,10,15
2026-05-24,modern-challenge-32-2026-05-2412842925,challenge-32,Savior0117,11,15
2026-05-24,modern-challenge-32-2026-05-2412842925,challenge-32,Linden_43,12,15
2026-05-24,modern-challenge-32-2026-05-2412842925,challenge-32,BERNASTORRES,13,15
2026-05-24,modern-challenge-32-2026-05-2412842925,challenge-32,eggybenny,14,15
2026-05-24,modern-challenge-32-2026-05-2412842925,challenge-32,The-Magic-Mana,15,12
2026-05-24,modern-challenge-32-2026-05-2412842925,challenge-32,Arcbound_Papi,16,12
2026-05-24,modern-challenge-32-2026-05-2412842925,challenge-32,triosk,17,12
2026-05-24,modern-challenge-32-2026-05-2412842925,challenge-32,DemianDesposito10,18,12
2026-05-24,modern-challenge-32-2026-05-2412842925,challenge-32,Chaticus,19,12
2026-05-24,modern-challenge-32-2026-05-2412842925,challenge-32,bless_von,20,12
2026-05-24,modern-challenge-32-2026-05-2412842925,challenge-32,ChefOW,21,12
2026-05-24,modern-challenge-32-2026-05-2412842925,challenge-32,adebevoise,22,12
2026-05-24,modern-challenge-32-2026-05-2412842925,challenge-32,TomCairns,23,12
2026-05-24,modern-challenge-32-2026-05-2412842925,challenge-32,IanHoff,24,12
2026-05-24,modern-challenge-32-2026-05-2412842925,challenge-32,zturchan,25,12
2026-05-24,modern-challenge-32-2026-05-2412842925,challenge-32,felider,26,12
2026-05-24,modern-challenge-32-2026-05-2412842925,challenge-32,crazybaloth,27,12
2026-05-24,modern-challenge-32-2026-05-2412842925,challenge-32,Trewest,28,12
2026-05-24,modern-challenge-32-2026-05-2412842925,challenge-32,HelpfulHobo,29,9
2026-05-24,modern-challenge-32-2026-05-2412842925,challenge-32,SafetyHazard,30,9
2026-05-24,modern-challenge-32-2026-05-2412842925,challenge-32,DrewEldon,31,9
2026-05-24,modern-challenge-32-2026-05-2412842925,challenge-32,drcoffee,32,9
2026-05-24,modern-challenge-32-2026-05-2412842929,challenge-32,MayoDominaria,1,15
2026-05-24,modern-challenge-32-2026-05-2412842929,challenge-32,bearland,2,15
2026-05-24,modern-challenge-32-2026-05-2412842929,challenge-32,ChaoticMTG,3,18
2026-05-24,modern-challenge-32-2026-05-2412842929,challenge-32,felider,4,15
2026-05-24,modern-challenge-32-2026-05-2412842929,challenge-32,Rashek,5,15
2026-05-24,modern-challenge-32-2026-05-2412842929,challenge-32,KangXiaotian,6,15
2026-05-24,modern-challenge-32-2026-05-2412842929,challenge-32,kaiszern,7,15
2026-05-24,modern-challenge-32-2026-05-2412842929,challenge-32,ShadowTitan1,8,12
2026-05-24,modern-challenge-32-2026-05-2412842929,challenge-32,VampireDiaries,9,12
2026-05-24,modern-challenge-32-2026-05-2412842929,challenge-32,xfile,10,12
2026-05-24,modern-challenge-32-2026-05-2412842929,challenge-32,Tetsubou,11,12
2026-05-24,modern-challenge-32-2026-05-2412842929,challenge-32,Antarctica,12,12
2026-05-24,modern-challenge-32-2026-05-2412842929,challenge-32,bobthedog,13,12
2026-05-24,modern-challenge-32-2026-05-2412842929,challenge-32,cocof,14,12
2026-05-24,modern-challenge-32-2026-05-2412842929,challenge-32,reto_mtg,15,12
2026-05-24,modern-challenge-32-2026-05-2412842929,challenge-32,Jacopogiacomoni,16,12
2026-05-24,modern-challenge-32-2026-05-2412842929,challenge-32,jev_,17,12
2026-05-24,modern-challenge-32-2026-05-2412842929,challenge-32,ehstar,18,12
2026-05-24,modern-challenge-32-2026-05-2412842929,challenge-32,SHUANEEHOG,19,12
2026-05-24,modern-challenge-32-2026-05-2412842929,challenge-32,HealthyEgo,20,12
2026-05-24,modern-challenge-32-2026-05-2412842929,challenge-32,_Batutinha_,21,9
2026-05-24,modern-challenge-32-2026-05-2412842929,challenge-32,eXeliS,22,9
2026-05-24,modern-challenge-32-2026-05-2412842929,challenge-32,yolad,23,9
2026-05-24,modern-challenge-32-2026-05-2412842929,challenge-32,iShambler,24,9
2026-05-24,modern-challenge-32-2026-05-2412842929,challenge-32,Mrityuhara,25,9
2026-05-24,modern-challenge-32-2026-05-2412842929,challenge-32,HideOnShish,26,9
2026-05-24,modern-challenge-32-2026-05-2412842929,challenge-32,kePs,27,9
2026-05-24,modern-challenge-32-2026-05-2412842929,challenge-32,MisterTwin,28,9
2026-05-24,modern-challenge-32-2026-05-2412842929,challenge-32,GLSwadow,29,9
2026-05-24,modern-challenge-32-2026-05-2412842929,challenge-32,AbelMolto,30,9
2026-05-24,modern-challenge-32-2026-05-2412842929,challenge-32,Selfeisek,31,9
2026-05-24,modern-challenge-32-2026-05-2412842929,challenge-32,FraCante,32,6
2026-05-24,modern-league-2026-05-2410628,league,33Benja33,,
2026-05-24,modern-league-2026-05-2410628,league,41krid,,
2026-05-24,modern-league-2026-05-2410628,league,AbelMolto,,
2026-05-24,modern-league-2026-05-2410628,league,AlexaYan,,
2026-05-24,modern-league-2026-05-2410628,league,ArmorCrow,,
2026-05-24,modern-league-2026-05-2410628,league,Azja,,
2026-05-24,modern-league-2026-05-2410628,league,BigDadChad,,
2026-05-24,modern-league-2026-05-2410628,league,BreakSmoke,,
2026-05-24,modern-league-2026-05-2410628,league,BressD1,,
2026-05-24,modern-league-2026-05-2410628,league,CharonsObol,,
2026-05-24,modern-league-2026-05-2410628,league,Darthdog,,
2026-05-24,modern-league-2026-05-2410628,league,ESTABAUSS,,
2026-05-24,modern-league-2026-05-2410628,league,ETBJezus,,
2026-05-24,modern-league-2026-05-2410628,league,Elrube87,,
2026-05-24,modern-league-2026-05-2410628,league,Fatal_Vlad,,
2026-05-24,modern-league-2026-05-2410628,league,Fruechtemann,,
2026-05-24,modern-league-2026-05-2410628,league,Iceblade908,,
2026-05-24,modern-league-2026-05-2410628,league,Jack_Fall,,
2026-05-24,modern-league-2026-05-2410628,league,Jayjay44,,
2026-05-24,modern-league-2026-05-2410628,league,Jeans8bit,,
2026-05-24,modern-league-2026-05-2410628,league,JuanmaAT,,
2026-05-24,modern-league-2026-05-2410628,league,Kaylshh,,
2026-05-24,modern-league-2026-05-2410628,league,Kummins11,,
2026-05-24,modern-league-2026-05-2410628,league,LMKNAO,,
2026-05-24,modern-league-2026-05-2410628,league,MiraiMTG,,
2026-05-24,modern-league-2026-05-2410628,league,MixolydianMagus,,
2026-05-24,modern-league-2026-05-2410628,league,Motor101,,
2026-05-24,modern-league-2026-05-2410628,league,Nauragar,,
2026-05-24,modern-league-2026-05-2410628,league,Rudokant,,
2026-05-24,modern-league-2026-05-2410628,league,Salty_Steve,,
2026-05-24,modern-league-2026-05-2410628,league,Schiapponetor,,
2026-05-24,modern-league-2026-05-2410628,league,SchwiftySchleeps,,
2026-05-24,modern-league-2026-05-2410628,league,ShadowLoom,,
2026-05-24,modern-league-2026-05-2410628,league,ShowTime_,,
2026-05-24,modern-league-2026-05-2410628,league,SmoothDawwg,,
2026-05-24,modern-league-2026-05-2410628,league,Soska,,
2026-05-24,modern-league-2026-05-2410628,league,Soska,,
2026-05-24,modern-league-2026-05-2410628,league,Stoyberg,,
2026-05-24,modern-league-2026-05-2410628,league,TYPEWOG,,
2026-05-24,modern-league-2026-05-2410628,league,TekiAkuma,,
2026-05-24,modern-league-2026-05-2410628,league,TheTunnelingCat,,
2026-05-24,modern-league-2026-05-2410628,league,Tirifolix92,,
2026-05-24,modern-league-2026-05-2410628,league,TokaraStrait,,
2026-05-24,modern-league-2026-05-2410628,league,Trellon,,
2026-05-24,modern-league-2026-05-2410628,league,UlquiorraCuatro,,
2026-05-24,modern-league-2026-05-2410628,league,VampireDiaries,,
2026-05-24,modern-league-2026-05-2410628,league,Zorro7x4,,
2026-05-24,modern-league-2026-05-2410628,league,Zoza,,
2026-05-24,modern-league-2026-05-2410628,league,alamosmithers,,
2026-05-24,modern-league-2026-05-2410628,league,alamosmithers,,
2026-05-24,modern-league-2026-05-2410628,league,arturcosta,,
2026-05-24,modern-league-2026-05-2410628,league,benchsummer,,
2026-05-24,modern-league-2026-05-2410628,league,caerulean-,,
2026-05-24,modern-league-2026-05-2410628,league,chengyiw,,
2026-05-24,modern-league-2026-05-2410628,league,danimaak777,,
2026-05-24,modern-league-2026-05-2410628,league,dch97e,,
2026-05-24,modern-league-2026-05-2410628,league,duba,,
2026-05-24,modern-league-2026-05-2410628,league,fisherinfo,,
2026-05-24,modern-league-2026-05-2410628,league,gabiwabiz,,
2026-05-24,modern-league-2026-05-2410628,league,guiyote,,
2026-05-24,modern-league-2026-05-2410628,league,lsznpa,,
2026-05-24,modern-league-2026-05-2410628,league,masakitaro,,
2026-05-24,modern-league-2026-05-2410628,league,nbdf,,
2026-05-24,modern-league-2026-05-2410628,league,ncowden,,
2026-05-24,modern-league-2026-05-2410628,league,nkai,,
2026-05-24,modern-league-2026-05-2410628,league,pizzabagle92,,
2026-05-24,modern-league-2026-05-2410628,league,psych4tog,,
2026-05-24,modern-league-2026-05-2410628,league,rastaf,,
2026-05-24,modern-league-2026-05-2410628,league,xerioc,,
2026-05-25,modern-challenge-32-2026-05-2512842938,challenge-32,Azja,1,15
2026-05-25,modern-challenge-32-2026-05-2512842938,challenge-32,nahuel10,2,18
2026-05-25,modern-challenge-32-2026-05-2512842938,challenge-32,MacIsaac,3,18
2026-05-25,modern-challenge-32-2026-05-2512842938,challenge-32,kaikas,4,18
2026-05-25,modern-challenge-32-2026-05-2512842938,challenge-32,tigress,5,21
2026-05-25,modern-challenge-32-2026-05-2512842938,challenge-32,E90_DeliveryBoy,6,18
2026-05-25,modern-challenge-32-2026-05-2512842938,challenge-32,sultai4lyfe,7,18
2026-05-25,modern-challenge-32-2026-05-2512842938,challenge-32,pickaxe,8,18
2026-05-25,modern-challenge-32-2026-05-2512842938,challenge-32,Goomy_,9,15
2026-05-25,modern-challenge-32-2026-05-2512842938,challenge-32,Chemist1234,10,15
2026-05-25,modern-challenge-32-2026-05-2512842938,challenge-32,Wagadel,11,15
2026-05-25,modern-challenge-32-2026-05-2512842938,challenge-32,sidisi,12,15
2026-05-25,modern-challenge-32-2026-05-2512842938,challenge-32,NerdDadChad,13,15
2026-05-25,modern-challenge-32-2026-05-2512842938,challenge-32,magikal_juggalo,14,15
2026-05-25,modern-challenge-32-2026-05-2512842938,challenge-32,rastaf,15,15
2026-05-25,modern-challenge-32-2026-05-2512842938,challenge-32,sicsmoo,16,15
2026-05-25,modern-challenge-32-2026-05-2512842938,challenge-32,Devoured,17,15
2026-05-25,modern-challenge-32-2026-05-2512842938,challenge-32,Arcbound_Papi,18,15
2026-05-25,modern-challenge-32-2026-05-2512842938,challenge-32,Kummins11,19,15
2026-05-25,modern-challenge-32-2026-05-2512842938,challenge-32,xfile,20,12
2026-05-25,modern-challenge-32-2026-05-2512842938,challenge-32,oOMegaGenesis,21,12
2026-05-25,modern-challenge-32-2026-05-2512842938,challenge-32,Game_Night,22,12
2026-05-25,modern-challenge-32-2026-05-2512842938,challenge-32,Moorehardcore,23,12
2026-05-25,modern-challenge-32-2026-05-2512842938,challenge-32,Scappie,24,12
2026-05-25,modern-challenge-32-2026-05-2512842938,challenge-32,DidSomeoneJustSayBod,25,12
2026-05-25,modern-challenge-32-2026-05-2512842938,challenge-32,Crawdaddy23,26,12
2026-05-25,modern-challenge-32-2026-05-2512842938,challenge-32,zturchan,27,12
2026-05-25,modern-challenge-32-2026-05-2512842938,challenge-32,Masterbeardsman,28,12
2026-05-25,modern-challenge-32-2026-05-2512842938,challenge-32,VTCLA,29,12
2026-05-25,modern-challenge-32-2026-05-2512842938,challenge-32,Hawkfrost000,30,12
2026-05-25,modern-challenge-32-2026-05-2512842938,challenge-32,ETBJezus,31,12
2026-05-25,modern-challenge-32-2026-05-2512842938,challenge-32,N0000000B,32,12
2026-05-25,modern-challenge-64-2026-05-2512842942,challenge-64,Ardonas,1,18
2026-05-25,modern-challenge-64-2026-05-2512842942,challenge-64,MayoDominaria,2,21
2026-05-25,modern-challenge-64-2026-05-2512842942,challenge-64,Capitano_CL,3,18
2026-05-25,modern-challenge-64-2026-05-2512842942,challenge-64,Rvng,4,18
2026-05-25,modern-challenge-64-2026-05-2512842942,challenge-64,aspiringspike,5,18
2026-05-25,modern-challenge-64-2026-05-2512842942,challenge-64,handaqi,6,15
2026-05-25,modern-challenge-64-2026-05-2512842942,challenge-64,surgetemelo,7,15
2026-05-25,modern-challenge-64-2026-05-2512842942,challenge-64,DcNo,8,15
2026-05-25,modern-challenge-64-2026-05-2512842942,challenge-64,Scappie,9,15
2026-05-25,modern-challenge-64-2026-05-2512842942,challenge-64,Arca_de_Karn,10,15
2026-05-25,modern-challenge-64-2026-05-2512842942,challenge-64,KelMasterP,11,15
2026-05-25,modern-challenge-64-2026-05-2512842942,challenge-64,Walker735,12,15
2026-05-25,modern-challenge-64-2026-05-2512842942,challenge-64,Masterbeardsman,13,15
2026-05-25,modern-challenge-64-2026-05-2512842942,challenge-64,Selfeisek,14,15
2026-05-25,modern-challenge-64-2026-05-2512842942,challenge-64,e0068,15,15
2026-05-25,modern-challenge-64-2026-05-2512842942,challenge-64,xfile,16,15
2026-05-25,modern-challenge-64-2026-05-2512842942,challenge-64,justFeather,17,15
2026-05-25,modern-challenge-64-2026-05-2512842942,challenge-64,PulpSlayer,18,15
2026-05-25,modern-challenge-64-2026-05-2512842942,challenge-64,Chonado30,19,15
2026-05-25,modern-challenge-64-2026-05-2512842942,challenge-64,sioutis_kk,20,12
2026-05-25,modern-challenge-64-2026-05-2512842942,challenge-64,SpecterTurtle,21,12
2026-05-25,modern-challenge-64-2026-05-2512842942,challenge-64,magikal_juggalo,22,12
2026-05-25,modern-challenge-64-2026-05-2512842942,challenge-64,yriel,23,12
2026-05-25,modern-challenge-64-2026-05-2512842942,challenge-64,DFrank,24,12
2026-05-25,modern-challenge-64-2026-05-2512842942,challenge-64,Mikol_,25,12
2026-05-25,modern-challenge-64-2026-05-2512842942,challenge-64,sgcyrus,26,12
2026-05-25,modern-challenge-64-2026-05-2512842942,challenge-64,NathanOfTheGiltLeaf,27,12
2026-05-25,modern-challenge-64-2026-05-2512842942,challenge-64,OctillionBees,28,12
2026-05-25,modern-challenge-64-2026-05-2512842942,challenge-64,_theMoonSage_,29,12
2026-05-25,modern-challenge-64-2026-05-2512842942,challenge-64,frodomochas,30,12
2026-05-25,modern-challenge-64-2026-05-2512842942,challenge-64,Dingo34,31,12
2026-05-25,modern-challenge-64-2026-05-2512842942,challenge-64,Alondite,32,12
2026-05-25,modern-league-2026-05-2510628,league,AldenCates,,
2026-05-25,modern-league-2026-05-2510628,league,AlfL,,
2026-05-25,modern-league-2026-05-2510628,league,Alondite,,
2026-05-25,modern-league-2026-05-2510628,league,AngeredPanda,,
2026-05-25,modern-league-2026-05-2510628,league,AwesomPossum,,
2026-05-25,modern-league-2026-05-2510628,league,AzNsOuL,,
2026-05-25,modern-league-2026-05-2510628,league,BigD_1992,,
2026-05-25,modern-league-2026-05-2510628,league,BlueLips,,
2026-05-25,modern-league-2026-05-2510628,league,BosiumStrip,,
2026-05-25,modern-league-2026-05-2510628,league,Ch3nnn,,
2026-05-25,modern-league-2026-05-2510628,league,ChuckNoris43,,
2026-05-25,modern-league-2026-05-2510628,league,DB_cntrlfreak_ttv,,
2026-05-25,modern-league-2026-05-2510628,league,DJ_Samurai,,
2026-05-25,modern-league-2026-05-2510628,league,Enter,,
2026-05-25,modern-league-2026-05-2510628,league,Highzac,,
2026-05-25,modern-league-2026-05-2510628,league,Jack_Fall,,
2026-05-25,modern-league-2026-05-2510628,league,Jack_Fall,,
2026-05-25,modern-league-2026-05-2510628,league,Jack_Fall,,
2026-05-25,modern-league-2026-05-2510628,league,JeromeAlce,,
2026-05-25,modern-league-2026-05-2510628,league,Jokersrwild,,
2026-05-25,modern-league-2026-05-2510628,league,Jrcitizen,,
2026-05-25,modern-league-2026-05-2510628,league,KapoUzumaki11,,
2026-05-25,modern-league-2026-05-2510628,league,Kritik,,
2026-05-25,modern-league-2026-05-2510628,league,Legras,,
2026-05-25,modern-league-2026-05-2510628,league,LordMendigao,,
2026-05-25,modern-league-2026-05-2510628,league,MHayashi,,
2026-05-25,modern-league-2026-05-2510628,league,MHayashi,,
2026-05-25,modern-league-2026-05-2510628,league,MarcusMPV,,
2026-05-25,modern-league-2026-05-2510628,league,MaxMedeiros,,
2026-05-25,modern-league-2026-05-2510628,league,Mazzakre,,
2026-05-25,modern-league-2026-05-2510628,league,Mistakenn,,
2026-05-25,modern-league-2026-05-2510628,league,MixolydianMagus,,
2026-05-25,modern-league-2026-05-2510628,league,Moniz0801,,
2026-05-25,modern-league-2026-05-2510628,league,NMT_Sco94,,
2026-05-25,modern-league-2026-05-2510628,league,Nowayh,,
2026-05-25,modern-league-2026-05-2510628,league,Patxi,,
2026-05-25,modern-league-2026-05-2510628,league,PsychicFrog08,,
2026-05-25,modern-league-2026-05-2510628,league,Reaperss,,
2026-05-25,modern-league-2026-05-2510628,league,Robin0726,,
2026-05-25,modern-league-2026-05-2510628,league,SaltyCardboard,,
2026-05-25,modern-league-2026-05-2510628,league,SocorristaEnParo,,
2026-05-25,modern-league-2026-05-2510628,league,Sr-Donal,,
2026-05-25,modern-league-2026-05-2510628,league,TOP_AI,,
2026-05-25,modern-league-2026-05-2510628,league,TexasWarrior,,
2026-05-25,modern-league-2026-05-2510628,league,Tomi87,,
2026-05-25,modern-league-2026-05-2510628,league,TripleQ,,
2026-05-25,modern-league-2026-05-2510628,league,Xenowan,,
2026-05-25,modern-league-2026-05-2510628,league,XorKoS,,
2026-05-25,modern-league-2026-05-2510628,league,YAK9k,,
2026-05-25,modern-league-2026-05-2510628,league,Zoza,,
2026-05-25,modern-league-2026-05-2510628,league,_Vladishew,,
2026-05-25,modern-league-2026-05-2510628,league,alessandro81,,
2026-05-25,modern-league-2026-05-2510628,league,badthemost,,
2026-05-25,modern-league-2026-05-2510628,league,comicbookday,,
2026-05-25,modern-league-2026-05-2510628,league,dsnavely13,,
2026-05-25,modern-league-2026-05-2510628,league,hudo9921,,
2026-05-25,modern-league-2026-05-2510628,league,jbl2311,,
2026-05-25,modern-league-2026-05-2510628,league,kado222,,
2026-05-25,modern-league-2026-05-2510628,league,kaiszern,,
2026-05-25,modern-league-2026-05-2510628,league,kogamo,,
2026-05-25,modern-league-2026-05-2510628,league,mtgobazaar8,,
2026-05-25,modern-league-2026-05-2510628,league,ncowden,,
2026-05-25,modern-league-2026-05-2510628,league,p00pInMyFacex3,,
2026-05-25,modern-league-2026-05-2510628,league,phillydrew215,,
2026-05-25,modern-league-2026-05-2510628,league,pickaxe,,
2026-05-25,modern-league-2026-05-2510628,league,rofelos,,
2026-05-25,modern-league-2026-05-2510628,league,scalo94,,
2026-05-25,modern-league-2026-05-2510628,league,squidify,,
2026-05-25,modern-league-2026-05-2510628,league,stealthy-,,
2026-05-25,modern-league-2026-05-2510628,league,stephenrice_1,,
2026-05-25,modern-league-2026-05-2510628,league,swff,,
2026-05-25,modern-league-2026-05-2510628,league,tabulartony1,,
2026-05-25,modern-league-2026-05-2510628,league,teichou_aisu,,
2026-05-25,modern-league-2026-05-2510628,league,tery29,,
2026-05-25,modern-league-2026-05-2510628,league,thodoris17,,
2026-05-25,modern-league-2026-05-2510628,league,toyasaku,,
2026-05-25,modern-league-2026-05-2510628,league,wolf2222,,
2026-05-25,modern-league-2026-05-2510628,league,wutang08,,
2026-05-25,modern-league-2026-05-2510628,league,yulinl,,
2026-05-26,modern-challenge-64-2026-05-2612842958,challenge-64,i_b_TRUE,1,18
2026-05-26,modern-challenge-64-2026-05-2612842958,challenge-64,NashEquilibrium1950,2,18
2026-05-26,modern-challenge-64-2026-05-2612842958,challenge-64,justFeather,3,18
2026-05-26,modern-challenge-64-2026-05-2612842958,challenge-64,aBlueRaven,4,15
2026-05-26,modern-challenge-64-2026-05-2612842958,challenge-64,selesneal,5,18
2026-05-26,modern-challenge-64-2026-05-2612842958,challenge-64,Kollslaw,6,18
2026-05-26,modern-challenge-64-2026-05-2612842958,challenge-64,daxerz,7,18
2026-05-26,modern-challenge-64-2026-05-2612842958,challenge-64,DylanGregory,8,18
2026-05-26,modern-challenge-64-2026-05-2612842958,challenge-64,karatedom,9,15
2026-05-26,modern-challenge-64-2026-05-2612842958,challenge-64,Wesleke27,10,15
2026-05-26,modern-challenge-64-2026-05-2612842958,challenge-64,duke12,11,15
2026-05-26,modern-challenge-64-2026-05-2612842958,challenge-64,McWinSauce,12,15
2026-05-26,modern-challenge-64-2026-05-2612842958,challenge-64,ShikiXYZ,13,15
2026-05-26,modern-challenge-64-2026-05-2612842958,challenge-64,NJ5030,14,15
2026-05-26,modern-challenge-64-2026-05-2612842958,challenge-64,Sparky165,15,15
2026-05-26,modern-challenge-64-2026-05-2612842958,challenge-64,Omegauo,16,15
2026-05-26,modern-challenge-64-2026-05-2612842958,challenge-64,MisterTwin,17,15
2026-05-26,modern-challenge-64-2026-05-2612842958,challenge-64,HouseOfManaMTG,18,15
2026-05-26,modern-challenge-64-2026-05-2612842958,challenge-64,Martin_Dominguez,19,15
2026-05-26,modern-challenge-64-2026-05-2612842958,challenge-64,Richie727,20,12
2026-05-26,modern-challenge-64-2026-05-2612842958,challenge-64,tapjoshfor2,21,12
2026-05-26,modern-challenge-64-2026-05-2612842958,challenge-64,mahou_54331,22,12
2026-05-26,modern-challenge-64-2026-05-2612842958,challenge-64,jvidarte,23,12
2026-05-26,modern-challenge-64-2026-05-2612842958,challenge-64,RNicoF,24,12
2026-05-26,modern-challenge-64-2026-05-2612842958,challenge-64,Sprouts,25,12
2026-05-26,modern-challenge-64-2026-05-2612842958,challenge-64,SafetyHazard,26,12
2026-05-26,modern-challenge-64-2026-05-2612842958,challenge-64,Xenowan,27,12
2026-05-26,modern-challenge-64-2026-05-2612842958,challenge-64,MacIsaac,28,12
2026-05-26,modern-challenge-64-2026-05-2612842958,challenge-64,mendyourheart,29,12
2026-05-26,modern-challenge-64-2026-05-2612842958,challenge-64,bananadisaster,30,12
2026-05-26,modern-challenge-64-2026-05-2612842958,challenge-64,krixtijan,31,12
2026-05-26,modern-challenge-64-2026-05-2612842958,challenge-64,gazmon48,32,12
2026-05-26,modern-league-2026-05-2610628,league,Athenani,,
2026-05-26,modern-league-2026-05-2610628,league,Auron12,,
2026-05-26,modern-league-2026-05-2610628,league,Ceius,,
2026-05-26,modern-league-2026-05-2610628,league,Collinisimo,,
2026-05-26,modern-league-2026-05-2610628,league,Craig_Long123,,
2026-05-26,modern-league-2026-05-2610628,league,DLCabelo,,
2026-05-26,modern-league-2026-05-2610628,league,DavidDaBridges,,
2026-05-26,modern-league-2026-05-2610628,league,Dioferreira,,
2026-05-26,modern-league-2026-05-2610628,league,DrKatz11,,
2026-05-26,modern-league-2026-05-2610628,league,Flamie_Oliver,,
2026-05-26,modern-league-2026-05-2610628,league,Fruechtemann,,
2026-05-26,modern-league-2026-05-2610628,league,HDG_BorisE,,
2026-05-26,modern-league-2026-05-2610628,league,Isael,,
2026-05-26,modern-league-2026-05-2610628,league,Jrcitizen,,
2026-05-26,modern-league-2026-05-2610628,league,KaoRou-TLB,,
2026-05-26,modern-league-2026-05-2610628,league,KingChainsaw,,
2026-05-26,modern-league-2026-05-2610628,league,KingChainsaw,,
2026-05-26,modern-league-2026-05-2610628,league,Loga_rithm,,
2026-05-26,modern-league-2026-05-2610628,league,Lucaspbt,,
2026-05-26,modern-league-2026-05-2610628,league,Marvin_Dalkiri,,
2026-05-26,modern-league-2026-05-2610628,league,Marxelo,,
2026-05-26,modern-league-2026-05-2610628,league,MikeOxlittle,,
2026-05-26,modern-league-2026-05-2610628,league,Mistakenn,,
2026-05-26,modern-league-2026-05-2610628,league,MrCafouillette,,
2026-05-26,modern-league-2026-05-2610628,league,Nataran,,
2026-05-26,modern-league-2026-05-2610628,league,Nikilazio,,
2026-05-26,modern-league-2026-05-2610628,league,Nowayh,,
2026-05-26,modern-league-2026-05-2610628,league,Patxi,,
2026-05-26,modern-league-2026-05-2610628,league,Profnatedogsc,,
2026-05-26,modern-league-2026-05-2610628,league,Reskar,,
2026-05-26,modern-league-2026-05-2610628,league,Sandcry,,
2026-05-26,modern-league-2026-05-2610628,league,Shoreline,,
2026-05-26,modern-league-2026-05-2610628,league,SkyllaMTG,,
2026-05-26,modern-league-2026-05-2610628,league,Skywords24,,
2026-05-26,modern-league-2026-05-2610628,league,Spoofy_Cat,,
2026-05-26,modern-league-2026-05-2610628,league,TYPEWOG,,
2026-05-26,modern-league-2026-05-2610628,league,TheColorOfBoom,,
2026-05-26,modern-league-2026-05-2610628,league,TheGrandPoisson,,
2026-05-26,modern-league-2026-05-2610628,league,TheTunnelingCat,,
2026-05-26,modern-league-2026-05-2610628,league,TonyBerts,,
2026-05-26,modern-league-2026-05-2610628,league,TripleQ,,
2026-05-26,modern-league-2026-05-2610628,league,UnbanUroPlease,,
2026-05-26,modern-league-2026-05-2610628,league,Zeb1ngt0n,,
2026-05-26,modern-league-2026-05-2610628,league,Zoza,,
2026-05-26,modern-league-2026-05-2610628,league,_DG_,,
2026-05-26,modern-league-2026-05-2610628,league,_pmo_,,
2026-05-26,modern-league-2026-05-2610628,league,aichi86,,
2026-05-26,modern-league-2026-05-2610628,league,ameaki,,
2026-05-26,modern-league-2026-05-2610628,league,aspiringspike,,
2026-05-26,modern-league-2026-05-2610628,league,bloscott220,,
2026-05-26,modern-league-2026-05-2610628,league,bluecloud1218,,
2026-05-26,modern-league-2026-05-2610628,league,bubblywubblytubbler,,
2026-05-26,modern-league-2026-05-2610628,league,dack_fayden07,,
2026-05-26,modern-league-2026-05-2610628,league,dack_fayden07,,
2026-05-26,modern-league-2026-05-2610628,league,eat111,,
2026-05-26,modern-league-2026-05-2610628,league,gartuyzz,,
2026-05-26,modern-league-2026-05-2610628,league,goron27,,
2026-05-26,modern-league-2026-05-2610628,league,kalla87,,
2026-05-26,modern-league-2026-05-2610628,league,kite_,,
2026-05-26,modern-league-2026-05-2610628,league,kpasatio,,
2026-05-26,modern-league-2026-05-2610628,league,krixtijan,,
2026-05-26,modern-league-2026-05-2610628,league,kyrre2013,,
2026-05-26,modern-league-2026-05-2610628,league,leoolisan,,
2026-05-26,modern-league-2026-05-2610628,league,littlebinboy,,
2026-05-26,modern-league-2026-05-2610628,league,mahou_54331,,
2026-05-26,modern-league-2026-05-2610628,league,masakitaro,,
2026-05-26,modern-league-2026-05-2610628,league,masakitaro,,
2026-05-26,modern-league-2026-05-2610628,league,masakitaro,,
2026-05-26,modern-league-2026-05-2610628,league,mashirorc,,
2026-05-26,modern-league-2026-05-2610628,league,nagas4,,
2026-05-26,modern-league-2026-05-2610628,league,reto_mtg,,
2026-05-26,modern-league-2026-05-2610628,league,rip_hopscotch,,
2026-05-26,modern-league-2026-05-2610628,league,rpgalex349,,
2026-05-26,modern-league-2026-05-2610628,league,sioutis_kk,,
2026-05-26,modern-league-2026-05-2610628,league,stephenrice_1,,
2026-05-26,modern-league-2026-05-2610628,league,super_squirrel,,
2026-05-26,modern-league-2026-05-2610628,league,swff,,
2026-05-26,modern-league-2026-05-2610628,league,tchuco,,
2026-05-26,modern-league-2026-05-2610628,league,yorito1,,
2026-05-27,modern-challenge-64-2026-05-2712842969,challenge-64,GregorV,1,18
2026-05-27,modern-challenge-64-2026-05-2712842969,challenge-64,ShadowTitan1,2,18
2026-05-27,modern-challenge-64-2026-05-2712842969,challenge-64,Rashek,3,21
2026-05-27,modern-challenge-64-2026-05-2712842969,challenge-64,hugofreitas1,4,15
2026-05-27,modern-challenge-64-2026-05-2712842969,challenge-64,Johnny_Hobbs,5,18
2026-05-27,modern-challenge-64-2026-05-2712842969,challenge-64,rastaf,6,18
2026-05-27,modern-challenge-64-2026-05-2712842969,challenge-64,pottinkx,7,18
2026-05-27,modern-challenge-64-2026-05-2712842969,challenge-64,Slyvester3,8,15
2026-05-27,modern-challenge-64-2026-05-2712842969,challenge-64,Golgarburr,9,15
2026-05-27,modern-challenge-64-2026-05-2712842969,challenge-64,Mistakenn,10,15
2026-05-27,modern-challenge-64-2026-05-2712842969,challenge-64,Martin_Dominguez,11,15
2026-05-27,modern-challenge-64-2026-05-2712842969,challenge-64,Navigator_2505,12,15
2026-05-27,modern-challenge-64-2026-05-2712842969,challenge-64,haveaboavida,13,15
2026-05-27,modern-challenge-64-2026-05-2712842969,challenge-64,Phryziel,14,15
2026-05-27,modern-challenge-64-2026-05-2712842969,challenge-64,MayoDominaria,15,15
2026-05-27,modern-challenge-64-2026-05-2712842969,challenge-64,Xsper,16,15
2026-05-27,modern-challenge-64-2026-05-2712842969,challenge-64,Galathehutt,17,15
2026-05-27,modern-challenge-64-2026-05-2712842969,challenge-64,Craig_Long123,18,15
2026-05-27,modern-challenge-64-2026-05-2712842969,challenge-64,Tobizzle83,19,15
2026-05-27,modern-challenge-64-2026-05-2712842969,challenge-64,Siniture,20,15
2026-05-27,modern-challenge-64-2026-05-2712842969,challenge-64,Malox11,21,12
2026-05-27,modern-challenge-64-2026-05-2712842969,challenge-64,Giacomellus7,22,12
2026-05-27,modern-challenge-64-2026-05-2712842969,challenge-64,DcNo,23,12
2026-05-27,modern-challenge-64-2026-05-2712842969,challenge-64,Ch3nnn,24,12
2026-05-27,modern-challenge-64-2026-05-2712842969,challenge-64,Jumba,25,12
2026-05-27,modern-challenge-64-2026-05-2712842969,challenge-64,ShikiXYZ,26,12
2026-05-27,modern-challenge-64-2026-05-2712842969,challenge-64,Scappie,27,12
2026-05-27,modern-challenge-64-2026-05-2712842969,challenge-64,Greenbeing,28,12
2026-05-27,modern-challenge-64-2026-05-2712842969,challenge-64,MAFS,29,12
2026-05-27,modern-challenge-64-2026-05-2712842969,challenge-64,Elitism,30,12
2026-05-27,modern-challenge-64-2026-05-2712842969,challenge-64,AeonLock,31,12
2026-05-27,modern-challenge-64-2026-05-2712842969,challenge-64,RagingTiltMonster,32,12
2026-05-27,modern-league-2026-05-2710628,league,Alpha_Go,,
2026-05-27,modern-league-2026-05-2710628,league,AngelicBroverseer,,
2026-05-27,modern-league-2026-05-2710628,league,CharonsObol,,
2026-05-27,modern-league-2026-05-2710628,league,DB_Mistakenn,,
2026-05-27,modern-league-2026-05-2710628,league,DFrank,,
2026-05-27,modern-league-2026-05-2710628,league,Deburca,,
2026-05-27,modern-league-2026-05-2710628,league,DeepDisherino,,
2026-05-27,modern-league-2026-05-2710628,league,DougieJones,,
2026-05-27,modern-league-2026-05-2710628,league,GGBuffon,,
2026-05-27,modern-league-2026-05-2710628,league,Galanator,,
2026-05-27,modern-league-2026-05-2710628,league,Galathehutt,,
2026-05-27,modern-league-2026-05-2710628,league,Gideon_BB,,
2026-05-27,modern-league-2026-05-2710628,league,Giltspire,,
2026-05-27,modern-league-2026-05-2710628,league,Grafec,,
2026-05-27,modern-league-2026-05-2710628,league,Greenbeing,,
2026-05-27,modern-league-2026-05-2710628,league,IkeanWarlord,,
2026-05-27,modern-league-2026-05-2710628,league,Jack-Z,,
2026-05-27,modern-league-2026-05-2710628,league,Jrcitizen,,
2026-05-27,modern-league-2026-05-2710628,league,Junkmener,,
2026-05-27,modern-league-2026-05-2710628,league,KangXiaotian,,
2026-05-27,modern-league-2026-05-2710628,league,KevinCon,,
2026-05-27,modern-league-2026-05-2710628,league,LeandroKopke,,
2026-05-27,modern-league-2026-05-2710628,league,Ling_,,
2026-05-27,modern-league-2026-05-2710628,league,Marcalzer,,
2026-05-27,modern-league-2026-05-2710628,league,MatsOle,,
2026-05-27,modern-league-2026-05-2710628,league,Mooshack,,
2026-05-27,modern-league-2026-05-2710628,league,Nikilazio,,
2026-05-27,modern-league-2026-05-2710628,league,Retsaot,,
2026-05-27,modern-league-2026-05-2710628,league,Rvng,,
2026-05-27,modern-league-2026-05-2710628,league,Siniture,,
2026-05-27,modern-league-2026-05-2710628,league,Sixth,,
2026-05-27,modern-league-2026-05-2710628,league,Sunbird17,,
2026-05-27,modern-league-2026-05-2710628,league,The_Catfin,,
2026-05-27,modern-league-2026-05-2710628,league,Themata,,
2026-05-27,modern-league-2026-05-2710628,league,Tjarem,,
2026-05-27,modern-league-2026-05-2710628,league,VampireX_,,
2026-05-27,modern-league-2026-05-2710628,league,Zeect,,
2026-05-27,modern-league-2026-05-2710628,league,Zeect,,
2026-05-27,modern-league-2026-05-2710628,league,Zoza,,
2026-05-27,modern-league-2026-05-2710628,league,ameaki,,
2026-05-27,modern-league-2026-05-2710628,league,azax,,
2026-05-27,modern-league-2026-05-2710628,league,batikang,,
2026-05-27,modern-league-2026-05-2710628,league,betterleavetown,,
2026-05-27,modern-league-2026-05-2710628,league,chinotron23,,
2026-05-27,modern-league-2026-05-2710628,league,danlogan,,
2026-05-27,modern-league-2026-05-2710628,league,fart_sniffer_93,,
2026-05-27,modern-league-2026-05-2710628,league,gerfingel,,
2026-05-27,modern-league-2026-05-2710628,league,gyyby297,,
2026-05-27,modern-league-2026-05-2710628,league,jussupinator,,
2026-05-27,modern-league-2026-05-2710628,league,littlebinboy,,
2026-05-27,modern-league-2026-05-2710628,league,loganandmrk,,
2026-05-27,modern-league-2026-05-2710628,league,mat918,,
2026-05-27,modern-league-2026-05-2710628,league,monkofwar,,
2026-05-27,modern-league-2026-05-2710628,league,nbdf,,
2026-05-27,modern-league-2026-05-2710628,league,seafox311,,
2026-05-27,modern-league-2026-05-2710628,league,strgn7,,
2026-05-27,modern-league-2026-05-2710628,league,supertommyfe,,
2026-05-27,modern-league-2026-05-2710628,league,surgetemelo,,
2026-05-27,modern-league-2026-05-2710628,league,tA326_,,
2026-05-27,modern-league-2026-05-2710628,league,tehmadc247,,
2026-05-27,modern-league-2026-05-2710628,league,temur4life,,
2026-05-27,modern-league-2026-05-2710628,league,terrorunveil,,
2026-05-27,modern-league-2026-05-2710628,league,tvincent,,
2026-05-27,modern-league-2026-05-2710628,league,volpert,,
2026-05-27,modern-league-2026-05-2710628,league,xbetax,,
2026-05-27,modern-league-2026-05-2710628,league,zhangkh,,
2026-05-28,modern-challenge-64-2026-05-2812843376,challenge-64,Souze6,1,15
2026-05-28,modern-challenge-64-2026-05-2812843376,challenge-64,magicgatheringbigfan,2,15
2026-05-28,modern-challenge-64-2026-05-2812843376,challenge-64,hugofreitas1,3,18
2026-05-28,modern-challenge-64-2026-05-2812843376,challenge-64,KelMasterP,4,18
2026-05-28,modern-challenge-64-2026-05-2812843376,challenge-64,NuBlkAu,5,18
2026-05-28,modern-challenge-64-2026-05-2812843376,challenge-64,Pleyboy,6,18
2026-05-28,modern-challenge-64-2026-05-2812843376,challenge-64,SanPop,7,18
2026-05-28,modern-challenge-64-2026-05-2812843376,challenge-64,VampireDiaries,8,18
2026-05-28,modern-challenge-64-2026-05-2812843376,challenge-64,Bawer,9,15
2026-05-28,modern-challenge-64-2026-05-2812843376,challenge-64,Kritik,10,15
2026-05-28,modern-challenge-64-2026-05-2812843376,challenge-64,MacIsaac,11,15
2026-05-28,modern-challenge-64-2026-05-2812843376,challenge-64,Takayama,12,15
2026-05-28,modern-challenge-64-2026-05-2812843376,challenge-64,DrPP,13,15
2026-05-28,modern-challenge-64-2026-05-2812843376,challenge-64,Xenowan,14,15
2026-05-28,modern-challenge-64-2026-05-2812843376,challenge-64,ls149950,15,15
2026-05-28,modern-challenge-64-2026-05-2812843376,challenge-64,Nicopanico,16,15
2026-05-28,modern-challenge-64-2026-05-2812843376,challenge-64,none_mtg,17,15
2026-05-28,modern-challenge-64-2026-05-2812843376,challenge-64,pottinkx,18,15
2026-05-28,modern-challenge-64-2026-05-2812843376,challenge-64,Jumba,19,12
2026-05-28,modern-challenge-64-2026-05-2812843376,challenge-64,Tinker_deck,20,12
2026-05-28,modern-challenge-64-2026-05-2812843376,challenge-64,Galathehutt,21,12
2026-05-28,modern-challenge-64-2026-05-2812843376,challenge-64,Martin_Dominguez,22,12
2026-05-28,modern-challenge-64-2026-05-2812843376,challenge-64,Tyerube1618,23,12
2026-05-28,modern-challenge-64-2026-05-2812843376,challenge-64,aarrgh,24,12
2026-05-28,modern-challenge-64-2026-05-2812843376,challenge-64,bearland,25,12
2026-05-28,modern-challenge-64-2026-05-2812843376,challenge-64,ice_nine_BIGFAN,26,12
2026-05-28,modern-challenge-64-2026-05-2812843376,challenge-64,McWinSauce,27,12
2026-05-28,modern-challenge-64-2026-05-2812843376,challenge-64,Selfeisek,28,12
2026-05-28,modern-challenge-64-2026-05-2812843376,challenge-64,echecetmat35,29,12
2026-05-28,modern-challenge-64-2026-05-2812843376,challenge-64,NJ5030,30,12
2026-05-28,modern-challenge-64-2026-05-2812843376,challenge-64,Kvothe_De_Arrascaeta,31,12
2026-05-28,modern-challenge-64-2026-05-2812843376,challenge-64,rastaf,32,12
2026-05-28,modern-league-2026-05-2810628,league,Alan07,,
2026-05-28,modern-league-2026-05-2810628,league,Arglex,,
2026-05-28,modern-league-2026-05-2810628,league,Azja,,
2026-05-28,modern-league-2026-05-2810628,league,Big Dan Teague,,
2026-05-28,modern-league-2026-05-2810628,league,BrimazDragon,,
2026-05-28,modern-league-2026-05-2810628,league,CharLy,,
2026-05-28,modern-league-2026-05-2810628,league,DB_Mengu,,
2026-05-28,modern-league-2026-05-2810628,league,DJac,,
2026-05-28,modern-league-2026-05-2810628,league,Elitism,,
2026-05-28,modern-league-2026-05-2810628,league,EthanDaniely,,
2026-05-28,modern-league-2026-05-2810628,league,FreeBobby315,,
2026-05-28,modern-league-2026-05-2810628,league,FunkyBrewster,,
2026-05-28,modern-league-2026-05-2810628,league,Gnargoyles,,
2026-05-28,modern-league-2026-05-2810628,league,Gods_Shadow,,
2026-05-28,modern-league-2026-05-2810628,league,Highzac,,
2026-05-28,modern-league-2026-05-2810628,league,Hybrid7,,
2026-05-28,modern-league-2026-05-2810628,league,Hypsh,,
2026-05-28,modern-league-2026-05-2810628,league,KingDuck15,,
2026-05-28,modern-league-2026-05-2810628,league,Kritik,,
2026-05-28,modern-league-2026-05-2810628,league,LeFuego,,
2026-05-28,modern-league-2026-05-2810628,league,Mooshack,,
2026-05-28,modern-league-2026-05-2810628,league,Nitreglyze,,
2026-05-28,modern-league-2026-05-2810628,league,OZ_Senpai,,
2026-05-28,modern-league-2026-05-2810628,league,Patxi,,
2026-05-28,modern-league-2026-05-2810628,league,Rack,,
2026-05-28,modern-league-2026-05-2810628,league,SaltyCardboard,,
2026-05-28,modern-league-2026-05-2810628,league,Skavout,,
2026-05-28,modern-league-2026-05-2810628,league,Sleete,,
2026-05-28,modern-league-2026-05-2810628,league,Snoff,,
2026-05-28,modern-league-2026-05-2810628,league,Tomi87,,
2026-05-28,modern-league-2026-05-2810628,league,Yumas2,,
2026-05-28,modern-league-2026-05-2810628,league,Zeb1ngt0n,,
2026-05-28,modern-league-2026-05-2810628,league,aarrgh,,
2026-05-28,modern-league-2026-05-2810628,league,azax,,
2026-05-28,modern-league-2026-05-2810628,league,banned-ravager,,
2026-05-28,modern-league-2026-05-2810628,league,bokuwakuma,,
2026-05-28,modern-league-2026-05-2810628,league,danimaak777,,
2026-05-28,modern-league-2026-05-2810628,league,darikun,,
2026-05-28,modern-league-2026-05-2810628,league,doctor-x,,
2026-05-28,modern-league-2026-05-2810628,league,egirlshmu,,
2026-05-28,modern-league-2026-05-2810628,league,ejk,,
2026-05-28,modern-league-2026-05-2810628,league,eresopacaso,,
2026-05-28,modern-league-2026-05-2810628,league,haoqinglangou,,
2026-05-28,modern-league-2026-05-2810628,league,henhen3000,,
2026-05-28,modern-league-2026-05-2810628,league,homsar52,,
2026-05-28,modern-league-2026-05-2810628,league,ice_nine_BIGFAN,,
2026-05-28,modern-league-2026-05-2810628,league,ichi-roku,,
2026-05-28,modern-league-2026-05-2810628,league,ipshow,,
2026-05-28,modern-league-2026-05-2810628,league,keyzoo,,
2026-05-28,modern-league-2026-05-2810628,league,kpasatio,,
2026-05-28,modern-league-2026-05-2810628,league,littlebinboy,,
2026-05-28,modern-league-2026-05-2810628,league,littlebinboy,,
2026-05-28,modern-league-2026-05-2810628,league,maximusdee,,
2026-05-28,modern-league-2026-05-2810628,league,muyufengchun,,
2026-05-28,modern-league-2026-05-2810628,league,nikkuniku,,
2026-05-28,modern-league-2026-05-2810628,league,nv_goblin,,
2026-05-28,modern-league-2026-05-2810628,league,porterops,,
2026-05-28,modern-league-2026-05-2810628,league,ratabruta,,
2026-05-28,modern-league-2026-05-2810628,league,reto_mtg,,
2026-05-28,modern-league-2026-05-2810628,league,scalo94,,
2026-05-28,modern-league-2026-05-2810628,league,strgn7,,
2026-05-28,modern-league-2026-05-2810628,league,twangygnome,,
2026-05-28,modern-league-2026-05-2810628,league,virp13,,
2026-05-28,modern-league-2026-05-2810628,league,volopt,,
2026-05-28,modern-league-2026-05-2810628,league,woopdeloop,,
2026-05-28,modern-league-2026-05-2810628,league,xbetax,,
2026-05-29,modern-challenge-64-2026-05-2912843394,challenge-64,DFrank,1,15
2026-05-29,modern-challenge-64-2026-05-2912843394,challenge-64,Jacro,2,18
2026-05-29,modern-challenge-64-2026-05-2912843394,challenge-64,ShzockChan,3,18
2026-05-29,modern-challenge-64-2026-05-2912843394,challenge-64,Apeliotes,4,18
2026-05-29,modern-challenge-64-2026-05-2912843394,challenge-64,Xenowan,5,21
2026-05-29,modern-challenge-64-2026-05-2912843394,challenge-64,hugeowl,6,18
2026-05-29,modern-challenge-64-2026-05-2912843394,challenge-64,Mooshack,7,18
2026-05-29,modern-challenge-64-2026-05-2912843394,challenge-64,rastaf,8,15
2026-05-29,modern-challenge-64-2026-05-2912843394,challenge-64,Mistakenn,9,15
2026-05-29,modern-challenge-64-2026-05-2912843394,challenge-64,MAFS,10,15
2026-05-29,modern-challenge-64-2026-05-2912843394,challenge-64,Edel,11,15
2026-05-29,modern-challenge-64-2026-05-2912843394,challenge-64,Kvothe_De_Arrascaeta,12,15
2026-05-29,modern-challenge-64-2026-05-2912843394,challenge-64,DeepDisherino,13,15
2026-05-29,modern-challenge-64-2026-05-2912843394,challenge-64,MeninooNey,14,15
2026-05-29,modern-challenge-64-2026-05-2912843394,challenge-64,hugofreitas1,15,15
2026-05-29,modern-challenge-64-2026-05-2912843394,challenge-64,Junkmener,16,15
2026-05-29,modern-challenge-64-2026-05-2912843394,challenge-64,Cool_Wave,17,15
2026-05-29,modern-challenge-64-2026-05-2912843394,challenge-64,Apocalypso,18,12
2026-05-29,modern-challenge-64-2026-05-2912843394,challenge-64,Walker735,19,12
2026-05-29,modern-challenge-64-2026-05-2912843394,challenge-64,Porks,20,12
2026-05-29,modern-challenge-64-2026-05-2912843394,challenge-64,Galathehutt,21,12
2026-05-29,modern-challenge-64-2026-05-2912843394,challenge-64,magicgatheringbigfan,22,12
2026-05-29,modern-challenge-64-2026-05-2912843394,challenge-64,Isael,23,12
2026-05-29,modern-challenge-64-2026-05-2912843394,challenge-64,PulpSlayer,24,12
2026-05-29,modern-challenge-64-2026-05-2912843394,challenge-64,klien7,25,12
2026-05-29,modern-challenge-64-2026-05-2912843394,challenge-64,-=Alfa=-,26,12
2026-05-29,modern-challenge-64-2026-05-2912843394,challenge-64,VTCLA,27,12
2026-05-29,modern-challenge-64-2026-05-2912843394,challenge-64,NoFunPolice,28,12
2026-05-29,modern-challenge-64-2026-05-2912843394,challenge-64,Capitano_CL,29,12
2026-05-29,modern-challenge-64-2026-05-2912843394,challenge-64,Danielpena397,30,12
2026-05-29,modern-challenge-64-2026-05-2912843394,challenge-64,peter780108,31,12
2026-05-29,modern-challenge-64-2026-05-2912843394,challenge-64,_Falcon_,32,12
2026-05-29,modern-league-2026-05-2910628,league,Alan07,,
2026-05-29,modern-league-2026-05-2910628,league,Aschop,,
2026-05-29,modern-league-2026-05-2910628,league,CharLy,,
2026-05-29,modern-league-2026-05-2910628,league,Chef_Chuy,,
2026-05-29,modern-league-2026-05-2910628,league,ChessAndMagic,,
2026-05-29,modern-league-2026-05-2910628,league,Collinisimo,,
2026-05-29,modern-league-2026-05-2910628,league,Crovax90,,
2026-05-29,modern-league-2026-05-2910628,league,DJStillio,,
2026-05-29,modern-league-2026-05-2910628,league,DJac,,
2026-05-29,modern-league-2026-05-2910628,league,Da_Ruas7,,
2026-05-29,modern-league-2026-05-2910628,league,Dingo34,,
2026-05-29,modern-league-2026-05-2910628,league,Do0mSwitch,,
2026-05-29,modern-league-2026-05-2910628,league,E2d3T,,
2026-05-29,modern-league-2026-05-2910628,league,Elfu,,
2026-05-29,modern-league-2026-05-2910628,league,Esayex,,
2026-05-29,modern-league-2026-05-2910628,league,EthanB,,
2026-05-29,modern-league-2026-05-2910628,league,Fatal_Vlad,,
2026-05-29,modern-league-2026-05-2910628,league,Galathehutt,,
2026-05-29,modern-league-2026-05-2910628,league,Galathehutt,,
2026-05-29,modern-league-2026-05-2910628,league,Giovane_Lupo,,
2026-05-29,modern-league-2026-05-2910628,league,HouseOfManaMTG,,
2026-05-29,modern-league-2026-05-2910628,league,Hybrid7,,
2026-05-29,modern-league-2026-05-2910628,league,Ironbolt,,
2026-05-29,modern-league-2026-05-2910628,league,JeromeAlce,,
2026-05-29,modern-league-2026-05-2910628,league,Joy1,,
2026-05-29,modern-league-2026-05-2910628,league,KingDuck15,,
2026-05-29,modern-league-2026-05-2910628,league,Lirek154,,
2026-05-29,modern-league-2026-05-2910628,league,Mattx1995,,
2026-05-29,modern-league-2026-05-2910628,league,MixolydianMagus,,
2026-05-29,modern-league-2026-05-2910628,league,Nedense,,
2026-05-29,modern-league-2026-05-2910628,league,Nekrohero,,
2026-05-29,modern-league-2026-05-2910628,league,NeoEvolution,,
2026-05-29,modern-league-2026-05-2910628,league,OZ_Senpai,,
2026-05-29,modern-league-2026-05-2910628,league,Poderosisimo,,
2026-05-29,modern-league-2026-05-2910628,league,Polikasoll,,
2026-05-29,modern-league-2026-05-2910628,league,Quarterdragon,,
2026-05-29,modern-league-2026-05-2910628,league,RealG_MTG,,
2026-05-29,modern-league-2026-05-2910628,league,RiceTackler,,
2026-05-29,modern-league-2026-05-2910628,league,S1fall0r,,
2026-05-29,modern-league-2026-05-2910628,league,SightWinner,,
2026-05-29,modern-league-2026-05-2910628,league,SystematicSlug,,
2026-05-29,modern-league-2026-05-2910628,league,TheGrandPoisson,,
2026-05-29,modern-league-2026-05-2910628,league,TheSandwichKing,,
2026-05-29,modern-league-2026-05-2910628,league,TheUnderworldBrewer,,
2026-05-29,modern-league-2026-05-2910628,league,The_Tank,,
2026-05-29,modern-league-2026-05-2910628,league,Thronhart,,
2026-05-29,modern-league-2026-05-2910628,league,TomCairns,,
2026-05-29,modern-league-2026-05-2910628,league,TonyBerts,,
2026-05-29,modern-league-2026-05-2910628,league,TuxedoRose,,
2026-05-29,modern-league-2026-05-2910628,league,Xenowan,,
2026-05-29,modern-league-2026-05-2910628,league,aarrgh,,
2026-05-29,modern-league-2026-05-2910628,league,albertoSD,,
2026-05-29,modern-league-2026-05-2910628,league,batikang,,
2026-05-29,modern-league-2026-05-2910628,league,bearland,,
2026-05-29,modern-league-2026-05-2910628,league,casper_x,,
2026-05-29,modern-league-2026-05-2910628,league,chachibuoh,,
2026-05-29,modern-league-2026-05-2910628,league,darbsoma,,
2026-05-29,modern-league-2026-05-2910628,league,doom580,,
2026-05-29,modern-league-2026-05-2910628,league,goron27,,
2026-05-29,modern-league-2026-05-2910628,league,grinderA,,
2026-05-29,modern-league-2026-05-2910628,league,jmar834,,
2026-05-29,modern-league-2026-05-2910628,league,k2slice,,
2026-05-29,modern-league-2026-05-2910628,league,mechrataal,,
2026-05-29,modern-league-2026-05-2910628,league,nanab30,,
2026-05-29,modern-league-2026-05-2910628,league,nanab30,,
2026-05-29,modern-league-2026-05-2910628,league,none_mtg,,
2026-05-29,modern-league-2026-05-2910628,league,stormcoming,,
2026-05-29,modern-league-2026-05-2910628,league,thomper90,,
2026-05-29,modern-league-2026-05-2910628,league,uoshua,,
2026-05-29,modern-league-2026-05-2910628,league,valentinaaaa,,
2026-05-29,modern-league-2026-05-2910628,league,xdd,,
2026-05-30,modern-challenge-32-2026-05-3012843403,challenge-32,Bigatti,1,15
2026-05-30,modern-challenge-32-2026-05-3012843403,challenge-32,HelpfulHobo,2,18
2026-05-30,modern-challenge-32-2026-05-3012843403,challenge-32,cigarettesaftershrek,3,18
2026-05-30,modern-challenge-32-2026-05-3012843403,challenge-32,EthanBird,4,15
2026-05-30,modern-challenge-32-2026-05-3012843403,challenge-32,tigress,5,21
2026-05-30,modern-challenge-32-2026-05-3012843403,challenge-32,Epreez,6,18
2026-05-30,modern-challenge-32-2026-05-3012843403,challenge-32,Squiggy686,7,15
2026-05-30,modern-challenge-32-2026-05-3012843403,challenge-32,TerminalJustice,8,15
2026-05-30,modern-challenge-32-2026-05-3012843403,challenge-32,TheSchnook,9,15
2026-05-30,modern-challenge-32-2026-05-3012843403,challenge-32,gazmon48,10,15
2026-05-30,modern-challenge-32-2026-05-3012843403,challenge-32,AnthoTrep,11,15
2026-05-30,modern-challenge-32-2026-05-3012843403,challenge-32,xfile,12,15
2026-05-30,modern-challenge-32-2026-05-3012843403,challenge-32,Mogg_Flunkies,13,15
2026-05-30,modern-challenge-32-2026-05-3012843403,challenge-32,Mistakenn,14,12
2026-05-30,modern-challenge-32-2026-05-3012843403,challenge-32,_Batutinha_,15,12
2026-05-30,modern-challenge-32-2026-05-3012843403,challenge-32,C_S_W____,16,12
2026-05-30,modern-challenge-32-2026-05-3012843403,challenge-32,YAK9k,17,12
2026-05-30,modern-challenge-32-2026-05-3012843403,challenge-32,Pnutz47,18,12
2026-05-30,modern-challenge-32-2026-05-3012843403,challenge-32,sultai4lyfe,19,12
2026-05-30,modern-challenge-32-2026-05-3012843403,challenge-32,VampireDiaries,20,12
2026-05-30,modern-challenge-32-2026-05-3012843403,challenge-32,zturchan,21,12
2026-05-30,modern-challenge-32-2026-05-3012843403,challenge-32,Arcbound_Papi,22,12
2026-05-30,modern-challenge-32-2026-05-3012843403,challenge-32,E_Kaminuma,23,12
2026-05-30,modern-challenge-32-2026-05-3012843403,challenge-32,DemianDesposito10,24,12
2026-05-30,modern-challenge-32-2026-05-3012843403,challenge-32,RUBAO_oDonoDoMundo,25,12
2026-05-30,modern-challenge-32-2026-05-3012843403,challenge-32,MDSoccer35,26,12
2026-05-30,modern-challenge-32-2026-05-3012843403,challenge-32,lillo6,27,9
2026-05-30,modern-challenge-32-2026-05-3012843403,challenge-32,TheMeatMan,28,9
2026-05-30,modern-challenge-32-2026-05-3012843403,challenge-32,GigaChadSigmaMale,29,9
2026-05-30,modern-challenge-32-2026-05-3012843403,challenge-32,Tamarindo,30,9
2026-05-30,modern-challenge-32-2026-05-3012843403,challenge-32,hauterho,31,9
2026-05-30,modern-challenge-32-2026-05-3012843403,challenge-32,Ztenod,32,9
2026-05-30,modern-challenge-32-2026-05-3012843405,challenge-32,ls149950,1,15
2026-05-30,modern-challenge-32-2026-05-3012843405,challenge-32,Denisevich,2,12
2026-05-30,modern-challenge-32-2026-05-3012843405,challenge-32,gazmon48,3,18
2026-05-30,modern-challenge-32-2026-05-3012843405,challenge-32,LuRu,4,15
2026-05-30,modern-challenge-32-2026-05-3012843405,challenge-32,ganache1127,5,15
2026-05-30,modern-challenge-32-2026-05-3012843405,challenge-32,Polikasoll,6,15
2026-05-30,modern-challenge-32-2026-05-3012843405,challenge-32,hyoooga,7,12
2026-05-30,modern-challenge-32-2026-05-3012843405,challenge-32,BERNASTORRES,8,12
2026-05-30,modern-challenge-32-2026-05-3012843405,challenge-32,yriel,9,12
2026-05-30,modern-challenge-32-2026-05-3012843405,challenge-32,groot02,10,12
2026-05-30,modern-challenge-32-2026-05-3012843405,challenge-32,SimoCr,11,12
2026-05-30,modern-challenge-32-2026-05-3012843405,challenge-32,sidisi,12,12
2026-05-30,modern-challenge-32-2026-05-3012843405,challenge-32,unagieel,13,12
2026-05-30,modern-challenge-32-2026-05-3012843405,challenge-32,topdollar,14,12
2026-05-30,modern-challenge-32-2026-05-3012843405,challenge-32,E_Kaminuma,15,12
2026-05-30,modern-challenge-32-2026-05-3012843405,challenge-32,KeasbyKnight,16,9
2026-05-30,modern-challenge-32-2026-05-3012843405,challenge-32,kaiszern,17,9
2026-05-30,modern-challenge-32-2026-05-3012843405,challenge-32,Junkmener,18,9
2026-05-30,modern-challenge-32-2026-05-3012843405,challenge-32,Kritik,19,9
2026-05-30,modern-challenge-32-2026-05-3012843405,challenge-32,DemianDesposito10,20,9
2026-05-30,modern-challenge-32-2026-05-3012843405,challenge-32,SanPop,21,9
2026-05-30,modern-challenge-32-2026-05-3012843405,challenge-32,peter780108,22,9
2026-05-30,modern-challenge-32-2026-05-3012843405,challenge-32,Taddy_99,23,9
2026-05-30,modern-challenge-32-2026-05-3012843405,challenge-32,svessesvv,24,9
2026-05-30,modern-challenge-32-2026-05-3012843405,challenge-32,pablohotdog,25,6
2026-05-30,modern-challenge-32-2026-05-3012843405,challenge-32,E90_DeliveryBoy,26,6
2026-05-30,modern-challenge-32-2026-05-3012843405,challenge-32,Tyerube1618,27,6
2026-05-30,modern-challenge-32-2026-05-3012843405,challenge-32,_Babbuja_,28,6
2026-05-30,modern-challenge-32-2026-05-3012843405,challenge-32,Hernan72,29,6
2026-05-30,modern-challenge-32-2026-05-3012843405,challenge-32,MegaSwampert,30,6
2026-05-30,modern-challenge-32-2026-05-3012843405,challenge-32,choobes,31,6
2026-05-30,modern-challenge-32-2026-05-3012843405,challenge-32,MyPotatoes,32,6
2026-05-30,modern-challenge-64-2026-05-3012843409,challenge-64,Aldreen,1,15
2026-05-30,modern-challenge-64-2026-05-3012843409,challenge-64,JPA93,2,15
2026-05-30,modern-challenge-64-2026-05-3012843409,challenge-64,TheTaxCollector,3,18
2026-05-30,modern-challenge-64-2026-05-3012843409,challenge-64,mhc2cd40,4,18
2026-05-30,modern-challenge-64-2026-05-3012843409,challenge-64,Johnny_Hobbs,5,21
2026-05-30,modern-challenge-64-2026-05-3012843409,challenge-64,LucasG1ggs,6,18
2026-05-30,modern-challenge-64-2026-05-3012843409,challenge-64,SanPop,7,18
2026-05-30,modern-challenge-64-2026-05-3012843409,challenge-64,Ztenod,8,18
2026-05-30,modern-challenge-64-2026-05-3012843409,challenge-64,DarksteelWelder,9,15
2026-05-30,modern-challenge-64-2026-05-3012843409,challenge-64,Manuel_Danninger,10,15
2026-05-30,modern-challenge-64-2026-05-3012843409,challenge-64,bobthedog,11,15
2026-05-30,modern-challenge-64-2026-05-3012843409,challenge-64,CrispyFrog,12,15
2026-05-30,modern-challenge-64-2026-05-3012843409,challenge-64,Mogg_Flunkies,13,15
2026-05-30,modern-challenge-64-2026-05-3012843409,challenge-64,Kritik,14,15
2026-05-30,modern-challenge-64-2026-05-3012843409,challenge-64,Edel,15,15
2026-05-30,modern-challenge-64-2026-05-3012843409,challenge-64,peter780108,16,15
2026-05-30,modern-challenge-64-2026-05-3012843409,challenge-64,Walri,17,15
2026-05-30,modern-challenge-64-2026-05-3012843409,challenge-64,Yanti,18,15
2026-05-30,modern-challenge-64-2026-05-3012843409,challenge-64,GWT,19,12
2026-05-30,modern-challenge-64-2026-05-3012843409,challenge-64,BressD1,20,12
2026-05-30,modern-challenge-64-2026-05-3012843409,challenge-64,yriel,21,12
2026-05-30,modern-challenge-64-2026-05-3012843409,challenge-64,zturchan,22,12
2026-05-30,modern-challenge-64-2026-05-3012843409,challenge-64,bozo2112,23,12
2026-05-30,modern-challenge-64-2026-05-3012843409,challenge-64,reidq7,24,12
2026-05-30,modern-challenge-64-2026-05-3012843409,challenge-64,rather_confused,25,12
2026-05-30,modern-challenge-64-2026-05-3012843409,challenge-64,Zoob5555,26,12
2026-05-30,modern-challenge-64-2026-05-3012843409,challenge-64,Misplacedginger,27,12
2026-05-30,modern-challenge-64-2026-05-3012843409,challenge-64,Gartxot,28,12
2026-05-30,modern-challenge-64-2026-05-3012843409,challenge-64,frodomochas,29,12
2026-05-30,modern-challenge-64-2026-05-3012843409,challenge-64,McWinSauce,30,12
2026-05-30,modern-challenge-64-2026-05-3012843409,challenge-64,AlexEvans,31,12
2026-05-30,modern-challenge-64-2026-05-3012843409,challenge-64,Stealthmagician,32,12
2026-05-30,modern-league-2026-05-3010628,league,AffinityForWinning,,
2026-05-30,modern-league-2026-05-3010628,league,AngeredPanda,,
2026-05-30,modern-league-2026-05-3010628,league,BrPestana,,
2026-05-30,modern-league-2026-05-3010628,league,CptNixon,,
2026-05-30,modern-league-2026-05-3010628,league,DB_Nikachu,,
2026-05-30,modern-league-2026-05-3010628,league,DaftendirektMTG,,
2026-05-30,modern-league-2026-05-3010628,league,GuildMasterboros7,,
2026-05-30,modern-league-2026-05-3010628,league,HDG_BorisE,,
2026-05-30,modern-league-2026-05-3010628,league,HDG_BorisE,,
2026-05-30,modern-league-2026-05-3010628,league,Hixar,,
2026-05-30,modern-league-2026-05-3010628,league,Hyper,,
2026-05-30,modern-league-2026-05-3010628,league,Izzy90,,
2026-05-30,modern-league-2026-05-3010628,league,JeromeAlce,,
2026-05-30,modern-league-2026-05-3010628,league,Kalendae_MTG,,
2026-05-30,modern-league-2026-05-3010628,league,Kritik,,
2026-05-30,modern-league-2026-05-3010628,league,Lumek,,
2026-05-30,modern-league-2026-05-3010628,league,LysergiK002,,
2026-05-30,modern-league-2026-05-3010628,league,MHayashi,,
2026-05-30,modern-league-2026-05-3010628,league,Mattatoio,,
2026-05-30,modern-league-2026-05-3010628,league,MegaSwampert,,
2026-05-30,modern-league-2026-05-3010628,league,OdawG54,,
2026-05-30,modern-league-2026-05-3010628,league,PapaThiccc,,
2026-05-30,modern-league-2026-05-3010628,league,RespectTheDog,,
2026-05-30,modern-league-2026-05-3010628,league,RiuuK1,,
2026-05-30,modern-league-2026-05-3010628,league,Selfeisek,,
2026-05-30,modern-league-2026-05-3010628,league,Silversane,,
2026-05-30,modern-league-2026-05-3010628,league,Snoff,,
2026-05-30,modern-league-2026-05-3010628,league,Tinker_deck,,
2026-05-30,modern-league-2026-05-3010628,league,_SonBes_,,
2026-05-30,modern-league-2026-05-3010628,league,aichi86,,
2026-05-30,modern-league-2026-05-3010628,league,avishai-elma,,
2026-05-30,modern-league-2026-05-3010628,league,daddematte,,
2026-05-30,modern-league-2026-05-3010628,league,deftjad,,
2026-05-30,modern-league-2026-05-3010628,league,gartuyzz,,
2026-05-30,modern-league-2026-05-3010628,league,jbspec3,,
2026-05-30,modern-league-2026-05-3010628,league,jussupinator,,
2026-05-30,modern-league-2026-05-3010628,league,masakitaro,,
2026-05-30,modern-league-2026-05-3010628,league,mashirorc,,
2026-05-30,modern-league-2026-05-3010628,league,nikkuniku,,
2026-05-30,modern-league-2026-05-3010628,league,rather_confused,,
2026-05-30,modern-league-2026-05-3010628,league,rpgalex349,,
2026-05-30,modern-league-2026-05-3010628,league,sidisi,,
2026-05-30,modern-league-2026-05-3010628,league,therockfriend,,
2026-05-30,modern-league-2026-05-3010628,league,tigress,,
2026-05-30,modern-league-2026-05-3010628,league,tvincent,,
2026-05-30,modern-league-2026-05-3010628,league,undique,,
2026-05-31,modern-challenge-32-2026-05-3112843416,challenge-32,Savior0117,1,18
2026-05-31,modern-challenge-32-2026-05-3112843416,challenge-32,jontih,2,18
2026-05-31,modern-challenge-32-2026-05-3112843416,challenge-32,t-v,3,18
2026-05-31,modern-challenge-32-2026-05-3112843416,challenge-32,Relieve,4,15
2026-05-31,modern-challenge-32-2026-05-3112843416,challenge-32,NJ5030,5,21
2026-05-31,modern-challenge-32-2026-05-3112843416,challenge-32,jessy_samek,6,15
2026-05-31,modern-challenge-32-2026-05-3112843416,challenge-32,termidor,7,15
2026-05-31,modern-challenge-32-2026-05-3112843416,challenge-32,bigallan22,8,15
2026-05-31,modern-challenge-32-2026-05-3112843416,challenge-32,mchlpp,9,15
2026-05-31,modern-challenge-32-2026-05-3112843416,challenge-32,Arcbound_Papi,10,15
2026-05-31,modern-challenge-32-2026-05-3112843416,challenge-32,henhen3000,11,15
2026-05-31,modern-challenge-32-2026-05-3112843416,challenge-32,goron27,12,15
2026-05-31,modern-challenge-32-2026-05-3112843416,challenge-32,niuwaid001,13,15
2026-05-31,modern-challenge-32-2026-05-3112843416,challenge-32,Zeb1ngt0n,14,15
2026-05-31,modern-challenge-32-2026-05-3112843416,challenge-32,Mogg_Flunkies,15,15
2026-05-31,modern-challenge-32-2026-05-3112843416,challenge-32,MAFS,16,12
2026-05-31,modern-challenge-32-2026-05-3112843416,challenge-32,GDS-in-modern,17,12
2026-05-31,modern-challenge-32-2026-05-3112843416,challenge-32,Bugsy69,18,12
2026-05-31,modern-challenge-32-2026-05-3112843416,challenge-32,Braychap,19,12
2026-05-31,modern-challenge-32-2026-05-3112843416,challenge-32,EthanBird,20,12
2026-05-31,modern-challenge-32-2026-05-3112843416,challenge-32,WaynePlays,21,12
2026-05-31,modern-challenge-32-2026-05-3112843416,challenge-32,OrnatePuzzles,22,12
2026-05-31,modern-challenge-32-2026-05-3112843416,challenge-32,sicsmoo,23,12
2026-05-31,modern-challenge-32-2026-05-3112843416,challenge-32,echecetmat35,24,12
2026-05-31,modern-challenge-32-2026-05-3112843416,challenge-32,AmosMoses,25,12
2026-05-31,modern-challenge-32-2026-05-3112843416,challenge-32,TheSchnook,26,12
2026-05-31,modern-challenge-32-2026-05-3112843416,challenge-32,Silk_lobelia,27,9
2026-05-31,modern-challenge-32-2026-05-3112843416,challenge-32,brianorwhatever,28,9
2026-05-31,modern-challenge-32-2026-05-3112843416,challenge-32,topdollar,29,9
2026-05-31,modern-challenge-32-2026-05-3112843416,challenge-32,Da_manndom72,30,9
2026-05-31,modern-challenge-32-2026-05-3112843416,challenge-32,claudioh,31,9
2026-05-31,modern-challenge-32-2026-05-3112843416,challenge-32,Wesleke27,32,9
2026-05-31,modern-challenge-32-2026-05-3112843420,challenge-32,whatisl0v3,1,15
2026-05-31,modern-challenge-32-2026-05-3112843420,challenge-32,kokubo,2,12
2026-05-31,modern-challenge-32-2026-05-3112843420,challenge-32,jgunner21,3,15
2026-05-31,modern-challenge-32-2026-05-3112843420,challenge-32,ratabruta,4,15
2026-05-31,modern-challenge-32-2026-05-3112843420,challenge-32,bobthedog,5,18
2026-05-31,modern-challenge-32-2026-05-3112843420,challenge-32,undique,6,15
2026-05-31,modern-challenge-32-2026-05-3112843420,challenge-32,Denisevich,7,15
2026-05-31,modern-challenge-32-2026-05-3112843420,challenge-32,GWT,8,15
2026-05-31,modern-challenge-32-2026-05-3112843420,challenge-32,Im_Badnewz,9,12
2026-05-31,modern-challenge-32-2026-05-3112843420,challenge-32,GazzMTG,10,12
2026-05-31,modern-challenge-32-2026-05-3112843420,challenge-32,hugeowl,11,12
2026-05-31,modern-challenge-32-2026-05-3112843420,challenge-32,_cage_,12,12
2026-05-31,modern-challenge-32-2026-05-3112843420,challenge-32,Atagomax,13,12
2026-05-31,modern-challenge-32-2026-05-3112843420,challenge-32,surgetemelo,14,12
2026-05-31,modern-challenge-32-2026-05-3112843420,challenge-32,yolad,15,12
2026-05-31,modern-challenge-32-2026-05-3112843420,challenge-32,MayoDominaria,16,12
2026-05-31,modern-challenge-32-2026-05-3112843420,challenge-32,klien7,17,12
2026-05-31,modern-challenge-32-2026-05-3112843420,challenge-32,RiceTackler,18,12
2026-05-31,modern-challenge-32-2026-05-3112843420,challenge-32,ls149950,19,12
2026-05-31,modern-challenge-32-2026-05-3112843420,challenge-32,ganache1127,20,12
2026-05-31,modern-challenge-32-2026-05-3112843420,challenge-32,DiukWolpe,21,9
2026-05-31,modern-challenge-32-2026-05-3112843420,challenge-32,GigaChadSigmaMale,22,9
2026-05-31,modern-challenge-32-2026-05-3112843420,challenge-32,Aldreen,23,9
2026-05-31,modern-challenge-32-2026-05-3112843420,challenge-32,jps_17,24,9
2026-05-31,modern-challenge-32-2026-05-3112843420,challenge-32,John1111,25,9
2026-05-31,modern-challenge-32-2026-05-3112843420,challenge-32,gyyby297,26,9
2026-05-31,modern-challenge-32-2026-05-3112843420,challenge-32,albybale93,27,9
2026-05-31,modern-challenge-32-2026-05-3112843420,challenge-32,Poily,28,9
2026-05-31,modern-challenge-32-2026-05-3112843420,challenge-32,Gartxot,29,9
2026-05-31,modern-challenge-32-2026-05-3112843420,challenge-32,Kritik,30,9
2026-05-31,modern-challenge-32-2026-05-3112843420,challenge-32,bbotonline,31,9
2026-05-31,modern-challenge-32-2026-05-3112843420,challenge-32,reto_mtg,32,9
2026-05-31,modern-league-2026-05-3110628,league,A_0,,
2026-05-31,modern-league-2026-05-3110628,league,Amfet4,,
2026-05-31,modern-league-2026-05-3110628,league,ArmorCrow,,
2026-05-31,modern-league-2026-05-3110628,league,AwesomPossum,,
2026-05-31,modern-league-2026-05-3110628,league,Baurong,,
2026-05-31,modern-league-2026-05-3110628,league,BeoulveHeart,,
2026-05-31,modern-league-2026-05-3110628,league,BigMode,,
2026-05-31,modern-league-2026-05-3110628,league,Bunbuneru,,
2026-05-31,modern-league-2026-05-3110628,league,Carcara,,
2026-05-31,modern-league-2026-05-3110628,league,Do0mSwitch,,
2026-05-31,modern-league-2026-05-3110628,league,DoomDriver501,,
2026-05-31,modern-league-2026-05-3110628,league,Ex_BlooGhiso96,,
2026-05-31,modern-league-2026-05-3110628,league,Fateseal_MTG,,
2026-05-31,modern-league-2026-05-3110628,league,Hazarsta,,
2026-05-31,modern-league-2026-05-3110628,league,HelpfulHobo,,
2026-05-31,modern-league-2026-05-3110628,league,Iltamburodipaglia,,
2026-05-31,modern-league-2026-05-3110628,league,Imaeda,,
2026-05-31,modern-league-2026-05-3110628,league,John1111,,
2026-05-31,modern-league-2026-05-3110628,league,Kakoijelev,,
2026-05-31,modern-league-2026-05-3110628,league,KangXiaotian,,
2026-05-31,modern-league-2026-05-3110628,league,KingDuck15,,
2026-05-31,modern-league-2026-05-3110628,league,Kokonoerin,,
2026-05-31,modern-league-2026-05-3110628,league,LarvaFlacida,,
2026-05-31,modern-league-2026-05-3110628,league,Lumek,,
2026-05-31,modern-league-2026-05-3110628,league,Martin_Dominguez,,
2026-05-31,modern-league-2026-05-3110628,league,Matts,,
2026-05-31,modern-league-2026-05-3110628,league,Otifex,,
2026-05-31,modern-league-2026-05-3110628,league,ROUTER_SMITER,,
2026-05-31,modern-league-2026-05-3110628,league,Reaperss,,
2026-05-31,modern-league-2026-05-3110628,league,RiceTackler,,
2026-05-31,modern-league-2026-05-3110628,league,Ritak13,,
2026-05-31,modern-league-2026-05-3110628,league,Rudokant,,
2026-05-31,modern-league-2026-05-3110628,league,Shoreline,,
2026-05-31,modern-league-2026-05-3110628,league,SlavSlays,,
2026-05-31,modern-league-2026-05-3110628,league,Sonkerz,,
2026-05-31,modern-league-2026-05-3110628,league,St1ffler,,
2026-05-31,modern-league-2026-05-3110628,league,Terminus0,,
2026-05-31,modern-league-2026-05-3110628,league,Thagol,,
2026-05-31,modern-league-2026-05-3110628,league,TheeMacSheezy,,
2026-05-31,modern-league-2026-05-3110628,league,Valident,,
2026-05-31,modern-league-2026-05-3110628,league,Wiltron92,,
2026-05-31,modern-league-2026-05-3110628,league,Xinchuanguofu,,
2026-05-31,modern-league-2026-05-3110628,league,YopopMTG,,
2026-05-31,modern-league-2026-05-3110628,league,Zabots,,
2026-05-31,modern-league-2026-05-3110628,league,Zoru,,
2026-05-31,modern-league-2026-05-3110628,league,acelerado440,,
2026-05-31,modern-league-2026-05-3110628,league,ashame,,
2026-05-31,modern-league-2026-05-3110628,league,betterleavetown,,
2026-05-31,modern-league-2026-05-3110628,league,daviddmtg,,
2026-05-31,modern-league-2026-05-3110628,league,edm3d,,
2026-05-31,modern-league-2026-05-3110628,league,haoqinglangou,,
2026-05-31,modern-league-2026-05-3110628,league,harlouuk,,
2026-05-31,modern-league-2026-05-3110628,league,ice100,,
2026-05-31,modern-league-2026-05-3110628,league,ichi-roku,,
2026-05-31,modern-league-2026-05-3110628,league,katabami2,,
2026-05-31,modern-league-2026-05-3110628,league,maear,,
2026-05-31,modern-league-2026-05-3110628,league,masakitaro,,
2026-05-31,modern-league-2026-05-3110628,league,masakitaro,,
2026-05-31,modern-league-2026-05-3110628,league,maximusdee,,
2026-05-31,modern-league-2026-05-3110628,league,mechrataal,,
2026-05-31,modern-league-2026-05-3110628,league,metabolicbug522,,
2026-05-31,modern-league-2026-05-3110628,league,mh7lucky,,
2026-05-31,modern-league-2026-05-3110628,league,nRAnyOne,,
2026-05-31,modern-league-2026-05-3110628,league,nikolajandmango,,
2026-05-31,modern-league-2026-05-3110628,league,pooopywet,,
2026-05-31,modern-league-2026-05-3110628,league,snacklepackle,,
2026-05-31,modern-league-2026-05-3110628,league,stormcoming,,
2026-05-31,modern-league-2026-05-3110628,league,sultai4lyfe,,
2026-05-31,modern-league-2026-05-3110628,league,takeInitiative,,
2026-05-31,modern-league-2026-05-3110628,league,undique,,
2026-05-31,modern-league-2026-05-3110628,league,yogaliberal,,
2026-05-31,modern-league-2026-05-3110628,league,yunk3r,,
2026-06-01,modern-challenge-32-2026-06-0112843430,challenge-32,ashame,1,18
2026-06-01,modern-challenge-32-2026-06-0112843430,challenge-32,Corkyboyy,2,18
2026-06-01,modern-challenge-32-2026-06-0112843430,challenge-32,eggybenny,3,15
2026-06-01,modern-challenge-32-2026-06-0112843430,challenge-32,SaltyCardboard,4,15
2026-06-01,modern-challenge-32-2026-06-0112843430,challenge-32,Lightspirit,5,18
2026-06-01,modern-challenge-32-2026-06-0112843430,challenge-32,Linden_43,6,18
2026-06-01,modern-challenge-32-2026-06-0112843430,challenge-32,Thronhart,7,18
2026-06-01,modern-challenge-32-2026-06-0112843430,challenge-32,littlebinboy,8,15
2026-06-01,modern-challenge-32-2026-06-0112843430,challenge-32,taku123,9,15
2026-06-01,modern-challenge-32-2026-06-0112843430,challenge-32,Stoyberg,10,15
2026-06-01,modern-challenge-32-2026-06-0112843430,challenge-32,Keggers,11,15
2026-06-01,modern-challenge-32-2026-06-0112843430,challenge-32,jussupinator,12,15
2026-06-01,modern-challenge-32-2026-06-0112843430,challenge-32,Tinker_deck,13,15
2026-06-01,modern-challenge-32-2026-06-0112843430,challenge-32,NerdDadChad,14,15
2026-06-01,modern-challenge-32-2026-06-0112843430,challenge-32,Xsper,15,15
2026-06-01,modern-challenge-32-2026-06-0112843430,challenge-32,Dubb,16,15
2026-06-01,modern-challenge-32-2026-06-0112843430,challenge-32,rastaf,17,12
2026-06-01,modern-challenge-32-2026-06-0112843430,challenge-32,Dioferreira,18,12
2026-06-01,modern-challenge-32-2026-06-0112843430,challenge-32,DeviousPenguin666,19,12
2026-06-01,modern-challenge-32-2026-06-0112843430,challenge-32,gazmon48,20,12
2026-06-01,modern-challenge-32-2026-06-0112843430,challenge-32,Jk-kruger,21,12
2026-06-01,modern-challenge-32-2026-06-0112843430,challenge-32,bozo2112,22,12
2026-06-01,modern-challenge-32-2026-06-0112843430,challenge-32,reidq7,23,12
2026-06-01,modern-challenge-32-2026-06-0112843430,challenge-32,LucasG1ggs,24,12
2026-06-01,modern-challenge-32-2026-06-0112843430,challenge-32,Porks,25,12
2026-06-01,modern-challenge-32-2026-06-0112843430,challenge-32,Greenbeing,26,12
2026-06-01,modern-challenge-32-2026-06-0112843430,challenge-32,xfile,27,12
2026-06-01,modern-challenge-32-2026-06-0112843430,challenge-32,indianpancake,28,12
2026-06-01,modern-challenge-32-2026-06-0112843430,challenge-32,peter780108,29,12
2026-06-01,modern-challenge-32-2026-06-0112843430,challenge-32,floatius,30,12
2026-06-01,modern-challenge-32-2026-06-0112843430,challenge-32,SaltySushi6,31,12
2026-06-01,modern-challenge-32-2026-06-0112843430,challenge-32,sicsmoo,32,9
2026-06-01,modern-challenge-64-2026-06-0112843434,challenge-64,McWinSauce,1,15
2026-06-01,modern-challenge-64-2026-06-0112843434,challenge-64,MarcusMPV,2,18
2026-06-01,modern-challenge-64-2026-06-0112843434,challenge-64,Nuserdog,3,18
2026-06-01,modern-challenge-64-2026-06-0112843434,challenge-64,Takayama,4,18
2026-06-01,modern-challenge-64-2026-06-0112843434,challenge-64,Salty_Orange,5,21
2026-06-01,modern-challenge-64-2026-06-0112843434,challenge-64,Savior0117,6,18
2026-06-01,modern-challenge-64-2026-06-0112843434,challenge-64,Rashek,7,18
2026-06-01,modern-challenge-64-2026-06-0112843434,challenge-64,DelverOfBolts,8,18
2026-06-01,modern-challenge-64-2026-06-0112843434,challenge-64,Ettore09,9,15
2026-06-01,modern-challenge-64-2026-06-0112843434,challenge-64,mhc2cd40,10,15
2026-06-01,modern-challenge-64-2026-06-0112843434,challenge-64,Jeans8bit,11,15
2026-06-01,modern-challenge-64-2026-06-0112843434,challenge-64,BiIIyBruto,12,15
2026-06-01,modern-challenge-64-2026-06-0112843434,challenge-64,Asa_Akira,13,15
2026-06-01,modern-challenge-64-2026-06-0112843434,challenge-64,Gniksigerg,14,15
2026-06-01,modern-challenge-64-2026-06-0112843434,challenge-64,Rvng,15,15
2026-06-01,modern-challenge-64-2026-06-0112843434,challenge-64,soggymeatball,16,15
2026-06-01,modern-challenge-64-2026-06-0112843434,challenge-64,MayoDominaria,17,15
2026-06-01,modern-challenge-64-2026-06-0112843434,challenge-64,GWT,18,15
2026-06-01,modern-challenge-64-2026-06-0112843434,challenge-64,makaaaa,19,15
2026-06-01,modern-challenge-64-2026-06-0112843434,challenge-64,Terracotta99,20,15
2026-06-01,modern-challenge-64-2026-06-0112843434,challenge-64,harlouuk,21,15
2026-06-01,modern-challenge-64-2026-06-0112843434,challenge-64,Ghan6,22,12
2026-06-01,modern-challenge-64-2026-06-0112843434,challenge-64,_cage_,23,12
2026-06-01,modern-challenge-64-2026-06-0112843434,challenge-64,terlollo04,24,12
2026-06-01,modern-challenge-64-2026-06-0112843434,challenge-64,Mistakenn,25,12
2026-06-01,modern-challenge-64-2026-06-0112843434,challenge-64,Lightspirit,26,12
2026-06-01,modern-challenge-64-2026-06-0112843434,challenge-64,magicgatheringbigfan,27,12
2026-06-01,modern-challenge-64-2026-06-0112843434,challenge-64,Kritik,28,12
2026-06-01,modern-challenge-64-2026-06-0112843434,challenge-64,MeninooNey,29,12
2026-06-01,modern-challenge-64-2026-06-0112843434,challenge-64,DFrank,30,12
2026-06-01,modern-challenge-64-2026-06-0112843434,challenge-64,Stoyberg,31,12
2026-06-01,modern-challenge-64-2026-06-0112843434,challenge-64,Odin2015,32,12
2026-06-01,modern-league-2026-06-0110628,league,-Snorlax-,,
2026-06-01,modern-league-2026-06-0110628,league,4FunNoWin,,
2026-06-01,modern-league-2026-06-0110628,league,Alan07,,
2026-06-01,modern-league-2026-06-0110628,league,Bl4ckdragon,,
2026-06-01,modern-league-2026-06-0110628,league,Blinkmoth-Nexus,,
2026-06-01,modern-league-2026-06-0110628,league,Ceius,,
2026-06-01,modern-league-2026-06-0110628,league,CharonsObol,,
2026-06-01,modern-league-2026-06-0110628,league,Darth_Vaner,,
2026-06-01,modern-league-2026-06-0110628,league,Dioferreira,,
2026-06-01,modern-league-2026-06-0110628,league,Elitism,,
2026-06-01,modern-league-2026-06-0110628,league,FartingCat,,
2026-06-01,modern-league-2026-06-0110628,league,GLince,,
2026-06-01,modern-league-2026-06-0110628,league,GanYanCHN,,
2026-06-01,modern-league-2026-06-0110628,league,HDG_BorisE,,
2026-06-01,modern-league-2026-06-0110628,league,House565,,
2026-06-01,modern-league-2026-06-0110628,league,JJ,,
2026-06-01,modern-league-2026-06-0110628,league,Jaraxxus,,
2026-06-01,modern-league-2026-06-0110628,league,Jiobimbo,,
2026-06-01,modern-league-2026-06-0110628,league,Johnny_Hobbs,,
2026-06-01,modern-league-2026-06-0110628,league,KingDuck15,,
2026-06-01,modern-league-2026-06-0110628,league,Kuisteri,,
2026-06-01,modern-league-2026-06-0110628,league,LalauWBA,,
2026-06-01,modern-league-2026-06-0110628,league,MChoq,,
2026-06-01,modern-league-2026-06-0110628,league,MHayashi,,
2026-06-01,modern-league-2026-06-0110628,league,Marvin_Dalkiri,,
2026-06-01,modern-league-2026-06-0110628,league,Mattatoio,,
2026-06-01,modern-league-2026-06-0110628,league,MercurialChemister,,
2026-06-01,modern-league-2026-06-0110628,league,MicAncona,,
2026-06-01,modern-league-2026-06-0110628,league,MixolydianMagus,,
2026-06-01,modern-league-2026-06-0110628,league,MyrRetriever,,
2026-06-01,modern-league-2026-06-0110628,league,NMT_Sco94,,
2026-06-01,modern-league-2026-06-0110628,league,Odich,,
2026-06-01,modern-league-2026-06-0110628,league,Sawter,,
2026-06-01,modern-league-2026-06-0110628,league,Svendkj2,,
2026-06-01,modern-league-2026-06-0110628,league,Tasigurr,,
2026-06-01,modern-league-2026-06-0110628,league,TheArena522,,
2026-06-01,modern-league-2026-06-0110628,league,Trustmeimatroll,,
2026-06-01,modern-league-2026-06-0110628,league,Valident,,
2026-06-01,modern-league-2026-06-0110628,league,Weedland,,
2026-06-01,modern-league-2026-06-0110628,league,XboxGreg,,
2026-06-01,modern-league-2026-06-0110628,league,_Atogatog_,,
2026-06-01,modern-league-2026-06-0110628,league,_Atogatog_,,
2026-06-01,modern-league-2026-06-0110628,league,_DrB_,,
2026-06-01,modern-league-2026-06-0110628,league,_cage_,,
2026-06-01,modern-league-2026-06-0110628,league,bozo2112,,
2026-06-01,modern-league-2026-06-0110628,league,constructed,,
2026-06-01,modern-league-2026-06-0110628,league,dack_fayden07,,
2026-06-01,modern-league-2026-06-0110628,league,daxerz,,
2026-06-01,modern-league-2026-06-0110628,league,henhen3000,,
2026-06-01,modern-league-2026-06-0110628,league,iGetNervous,,
2026-06-01,modern-league-2026-06-0110628,league,jk1592,,
2026-06-01,modern-league-2026-06-0110628,league,joohyun,,
2026-06-01,modern-league-2026-06-0110628,league,joohyun,,
2026-06-01,modern-league-2026-06-0110628,league,jpopster,,
2026-06-01,modern-league-2026-06-0110628,league,lilcreacher,,
2026-06-01,modern-league-2026-06-0110628,league,magicgatheringbigfan,,
2026-06-01,modern-league-2026-06-0110628,league,mashirorc,,
2026-06-01,modern-league-2026-06-0110628,league,merfolkgod,,
2026-06-01,modern-league-2026-06-0110628,league,mommydom_manifesto,,
2026-06-01,modern-league-2026-06-0110628,league,occulticplus,,
2026-06-01,modern-league-2026-06-0110628,league,pickaxe,,
2026-06-01,modern-league-2026-06-0110628,league,rather_confused,,
2026-06-01,modern-league-2026-06-0110628,league,rerere,,
2026-06-01,modern-league-2026-06-0110628,league,rinri-,,
2026-06-01,modern-league-2026-06-0110628,league,russell_wilson,,
2026-06-01,modern-league-2026-06-0110628,league,serajh,,
2026-06-01,modern-league-2026-06-0110628,league,sgcyrus,,
2026-06-01,modern-league-2026-06-0110628,league,snietse,,
2026-06-01,modern-league-2026-06-0110628,league,yang2399,,
2026-06-01,modern-league-2026-06-0110628,league,zpikduM,,
2026-06-02,modern-challenge-64-2026-06-0212843449,challenge-64,RNicoF,1,18
2026-06-02,modern-challenge-64-2026-06-0212843449,challenge-64,chanel-santini,2,21
2026-06-02,modern-challenge-64-2026-06-0212843449,challenge-64,nahuel10,3,18
2026-06-02,modern-challenge-64-2026-06-0212843449,challenge-64,ho-oh,4,18
2026-06-02,modern-challenge-64-2026-06-0212843449,challenge-64,ShikiXYZ,5,18
2026-06-02,modern-challenge-64-2026-06-0212843449,challenge-64,Gobern,6,18
2026-06-02,modern-challenge-64-2026-06-0212843449,challenge-64,ShowTime_,7,15
2026-06-02,modern-challenge-64-2026-06-0212843449,challenge-64,MeninoNey,8,15
2026-06-02,modern-challenge-64-2026-06-0212843449,challenge-64,Valident,9,15
2026-06-02,modern-challenge-64-2026-06-0212843449,challenge-64,Univerce,10,15
2026-06-02,modern-challenge-64-2026-06-0212843449,challenge-64,Grogore,11,15
2026-06-02,modern-challenge-64-2026-06-0212843449,challenge-64,Mikol_,12,15
2026-06-02,modern-challenge-64-2026-06-0212843449,challenge-64,MyrRetriever,13,15
2026-06-02,modern-challenge-64-2026-06-0212843449,challenge-64,Xenowan,14,15
2026-06-02,modern-challenge-64-2026-06-0212843449,challenge-64,YSZzz,15,15
2026-06-02,modern-challenge-64-2026-06-0212843449,challenge-64,DeviousPenguin666,16,15
2026-06-02,modern-challenge-64-2026-06-0212843449,challenge-64,taldoitalo,17,15
2026-06-02,modern-challenge-64-2026-06-0212843449,challenge-64,SomethinStupid,18,15
2026-06-02,modern-challenge-64-2026-06-0212843449,challenge-64,HouseOfManaMTG,19,15
2026-06-02,modern-challenge-64-2026-06-0212843449,challenge-64,LucasG1ggs,20,12
2026-06-02,modern-challenge-64-2026-06-0212843449,challenge-64,Martin_Dominguez,21,12
2026-06-02,modern-challenge-64-2026-06-0212843449,challenge-64,Spellyp,22,12
2026-06-02,modern-challenge-64-2026-06-0212843449,challenge-64,MAFS,23,12
2026-06-02,modern-challenge-64-2026-06-0212843449,challenge-64,Jumba,24,12
2026-06-02,modern-challenge-64-2026-06-0212843449,challenge-64,LegacyGrinder,25,12
2026-06-02,modern-challenge-64-2026-06-0212843449,challenge-64,jvidarte,26,12
2026-06-02,modern-challenge-64-2026-06-0212843449,challenge-64,dedav,27,12
2026-06-02,modern-challenge-64-2026-06-0212843449,challenge-64,SHUANEEHOG,28,12
2026-06-02,modern-challenge-64-2026-06-0212843449,challenge-64,MisterTwin,29,12
2026-06-02,modern-challenge-64-2026-06-0212843449,challenge-64,klien7,30,12
2026-06-02,modern-challenge-64-2026-06-0212843449,challenge-64,Nowayh,31,12
2026-06-02,modern-challenge-64-2026-06-0212843449,challenge-64,GenericUser48,32,12
2026-06-02,modern-league-2026-06-0210628,league,Alozzk,,
2026-06-02,modern-league-2026-06-0210628,league,Amfet4,,
2026-06-02,modern-league-2026-06-0210628,league,Asmut16,,
2026-06-02,modern-league-2026-06-0210628,league,Awalps,,
2026-06-02,modern-league-2026-06-0210628,league,Babzez,,
2026-06-02,modern-league-2026-06-0210628,league,Bazaar_mati,,
2026-06-02,modern-league-2026-06-0210628,league,BeoulveHeart,,
2026-06-02,modern-league-2026-06-0210628,league,BrainsickHater,,
2026-06-02,modern-league-2026-06-0210628,league,Bubblepopper,,
2026-06-02,modern-league-2026-06-0210628,league,Corkyboyy,,
2026-06-02,modern-league-2026-06-0210628,league,CrazyBoni,,
2026-06-02,modern-league-2026-06-0210628,league,DB_MasonClark,,
2026-06-02,modern-league-2026-06-0210628,league,Daxel,,
2026-06-02,modern-league-2026-06-0210628,league,DemianDesposito10,,
2026-06-02,modern-league-2026-06-0210628,league,DestinyDeferred,,
2026-06-02,modern-league-2026-06-0210628,league,Diub,,
2026-06-02,modern-league-2026-06-0210628,league,Dragonfly99,,
2026-06-02,modern-league-2026-06-0210628,league,Edel,,
2026-06-02,modern-league-2026-06-0210628,league,GenericUser48,,
2026-06-02,modern-league-2026-06-0210628,league,Gods_Shadow,,
2026-06-02,modern-league-2026-06-0210628,league,Haunter56,,
2026-06-02,modern-league-2026-06-0210628,league,HyPPeR,,
2026-06-02,modern-league-2026-06-0210628,league,ItsMagicJuan,,
2026-06-02,modern-league-2026-06-0210628,league,Jacksonian26,,
2026-06-02,modern-league-2026-06-0210628,league,Jamthan,,
2026-06-02,modern-league-2026-06-0210628,league,JuanNavarro14,,
2026-06-02,modern-league-2026-06-0210628,league,Kevincito,,
2026-06-02,modern-league-2026-06-0210628,league,Kurusu,,
2026-06-02,modern-league-2026-06-0210628,league,Limes7,,
2026-06-02,modern-league-2026-06-0210628,league,MHayashi,,
2026-06-02,modern-league-2026-06-0210628,league,MacSchnuddel,,
2026-06-02,modern-league-2026-06-0210628,league,Marvelman123,,
2026-06-02,modern-league-2026-06-0210628,league,McYorka,,
2026-06-02,modern-league-2026-06-0210628,league,MeninooNey,,
2026-06-02,modern-league-2026-06-0210628,league,MessedThoughts,,
2026-06-02,modern-league-2026-06-0210628,league,MikeOxlittle,,
2026-06-02,modern-league-2026-06-0210628,league,MrDubu,,
2026-06-02,modern-league-2026-06-0210628,league,MyrRetriever,,
2026-06-02,modern-league-2026-06-0210628,league,NathanOfTheGiltLeaf,,
2026-06-02,modern-league-2026-06-0210628,league,Nuserdog,,
2026-06-02,modern-league-2026-06-0210628,league,Olars18,,
2026-06-02,modern-league-2026-06-0210628,league,Reaperss,,
2026-06-02,modern-league-2026-06-0210628,league,RespectTheCat,,
2026-06-02,modern-league-2026-06-0210628,league,RezerDeDog,,
2026-06-02,modern-league-2026-06-0210628,league,RiceTackler,,
2026-06-02,modern-league-2026-06-0210628,league,Risen_Grief,,
2026-06-02,modern-league-2026-06-0210628,league,Rvng,,
2026-06-02,modern-league-2026-06-0210628,league,ShikiXYZ,,
2026-06-02,modern-league-2026-06-0210628,league,SvenSveeterSven,,
2026-06-02,modern-league-2026-06-0210628,league,TomCairns,,
2026-06-02,modern-league-2026-06-0210628,league,VTCLA,,
2026-06-02,modern-league-2026-06-0210628,league,Yanley,,
2026-06-02,modern-league-2026-06-0210628,league,Yarfangel,,
2026-06-02,modern-league-2026-06-0210628,league,Zoza,,
2026-06-02,modern-league-2026-06-0210628,league,ZzTop90,,
2026-06-02,modern-league-2026-06-0210628,league,_ZNT_,,
2026-06-02,modern-league-2026-06-0210628,league,arturcosta,,
2026-06-02,modern-league-2026-06-0210628,league,blademagician,,
2026-06-02,modern-league-2026-06-0210628,league,cgouldner,,
2026-06-02,modern-league-2026-06-0210628,league,drew3141,,
2026-06-02,modern-league-2026-06-0210628,league,eduardojmp,,
2026-06-02,modern-league-2026-06-0210628,league,egadd2894,,
2026-06-02,modern-league-2026-06-0210628,league,fdriku98,,
2026-06-02,modern-league-2026-06-0210628,league,floatius,,
2026-06-02,modern-league-2026-06-0210628,league,hyoooga,,
2026-06-02,modern-league-2026-06-0210628,league,kablewire,,
2026-06-02,modern-league-2026-06-0210628,league,katabami2,,
2026-06-02,modern-league-2026-06-0210628,league,ls149950,,
2026-06-02,modern-league-2026-06-0210628,league,ls149950,,
2026-06-02,modern-league-2026-06-0210628,league,malattia96,,
2026-06-02,modern-league-2026-06-0210628,league,oskiyaa,,
2026-06-02,modern-league-2026-06-0210628,league,porterops,,
2026-06-02,modern-league-2026-06-0210628,league,retro_gamer_27,,
2026-06-02,modern-league-2026-06-0210628,league,retro_gamer_27,,
2026-06-02,modern-league-2026-06-0210628,league,sgcyrus,,
2026-06-02,modern-league-2026-06-0210628,league,swff,,
2026-06-02,modern-league-2026-06-0210628,league,temur4life,,
2026-06-02,modern-league-2026-06-0210628,league,zbogames,,
2026-06-02,modern-league-2026-06-0210628,league,zulzaa,,
2026-06-03,modern-challenge-64-2026-06-0312843459,challenge-64,MayoDominaria,1,21
2026-06-03,modern-challenge-64-2026-06-0312843459,challenge-64,toondoslav,2,18
2026-06-03,modern-challenge-64-2026-06-0312843459,challenge-64,pizzangry,3,18
2026-06-03,modern-challenge-64-2026-06-0312843459,challenge-64,Porks,4,18
2026-06-03,modern-challenge-64-2026-06-0312843459,challenge-64,Walker735,5,18
2026-06-03,modern-challenge-64-2026-06-0312843459,challenge-64,ratabruta,6,18
2026-06-03,modern-challenge-64-2026-06-0312843459,challenge-64,ls149950,7,18
2026-06-03,modern-challenge-64-2026-06-0312843459,challenge-64,wyxczjm,8,15
2026-06-03,modern-challenge-64-2026-06-0312843459,challenge-64,ekulking,9,15
2026-06-03,modern-challenge-64-2026-06-0312843459,challenge-64,Edel,10,15
2026-06-03,modern-challenge-64-2026-06-0312843459,challenge-64,Takayama,11,15
2026-06-03,modern-challenge-64-2026-06-0312843459,challenge-64,MrPippin,12,15
2026-06-03,modern-challenge-64-2026-06-0312843459,challenge-64,aarrgh,13,15
2026-06-03,modern-challenge-64-2026-06-0312843459,challenge-64,ResponsiblyStupid,14,15
2026-06-03,modern-challenge-64-2026-06-0312843459,challenge-64,chuyingfei,15,15
2026-06-03,modern-challenge-64-2026-06-0312843459,challenge-64,Savior0117,16,15
2026-06-03,modern-challenge-64-2026-06-0312843459,challenge-64,JPA93,17,15
2026-06-03,modern-challenge-64-2026-06-0312843459,challenge-64,TheKG,18,15
2026-06-03,modern-challenge-64-2026-06-0312843459,challenge-64,hermanomlg,19,15
2026-06-03,modern-challenge-64-2026-06-0312843459,challenge-64,ShadowTitan1,20,15
2026-06-03,modern-challenge-64-2026-06-0312843459,challenge-64,Valident,21,15
2026-06-03,modern-challenge-64-2026-06-0312843459,challenge-64,DelverOfBolts,22,15
2026-06-03,modern-challenge-64-2026-06-0312843459,challenge-64,TSPJendrek,23,15
2026-06-03,modern-challenge-64-2026-06-0312843459,challenge-64,C_S_W____,24,15
2026-06-03,modern-challenge-64-2026-06-0312843459,challenge-64,Rvng,25,12
2026-06-03,modern-challenge-64-2026-06-0312843459,challenge-64,Terminus0,26,12
2026-06-03,modern-challenge-64-2026-06-0312843459,challenge-64,ziofrancone,27,12
2026-06-03,modern-challenge-64-2026-06-0312843459,challenge-64,pepeteam,28,12
2026-06-03,modern-challenge-64-2026-06-0312843459,challenge-64,magicgatheringbigfan,29,12
2026-06-03,modern-challenge-64-2026-06-0312843459,challenge-64,Andeloth,30,12
2026-06-03,modern-challenge-64-2026-06-0312843459,challenge-64,RespectTheCat,31,12
2026-06-03,modern-challenge-64-2026-06-0312843459,challenge-64,HotspringsGames,32,12
2026-06-03,modern-league-2026-06-0310628,league,Apeliotes,,
2026-06-03,modern-league-2026-06-0310628,league,Backoff,,
2026-06-03,modern-league-2026-06-0310628,league,Blinkmoth-Nexus,,
2026-06-03,modern-league-2026-06-0310628,league,Blinkmoth-Nexus,,
2026-06-03,modern-league-2026-06-0310628,league,BoyToyTroy,,
2026-06-03,modern-league-2026-06-0310628,league,Chillbais,,
2026-06-03,modern-league-2026-06-0310628,league,CptNixon,,
2026-06-03,modern-league-2026-06-0310628,league,DB_rCASTIELLO,,
2026-06-03,modern-league-2026-06-0310628,league,DJac,,
2026-06-03,modern-league-2026-06-0310628,league,DraagOn,,
2026-06-03,modern-league-2026-06-0310628,league,Eaglelicious,,
2026-06-03,modern-league-2026-06-0310628,league,Eaglelicious,,
2026-06-03,modern-league-2026-06-0310628,league,Edel,,
2026-06-03,modern-league-2026-06-0310628,league,GMFischer,,
2026-06-03,modern-league-2026-06-0310628,league,Gods_Shadow,,
2026-06-03,modern-league-2026-06-0310628,league,HDG_BorisE,,
2026-06-03,modern-league-2026-06-0310628,league,JahBoodle,,
2026-06-03,modern-league-2026-06-0310628,league,Kakoijelev,,
2026-06-03,modern-league-2026-06-0310628,league,KangXiaotian,,
2026-06-03,modern-league-2026-06-0310628,league,Kritik,,
2026-06-03,modern-league-2026-06-0310628,league,MagicDevil666,,
2026-06-03,modern-league-2026-06-0310628,league,Makitren,,
2026-06-03,modern-league-2026-06-0310628,league,Marxelo,,
2026-06-03,modern-league-2026-06-0310628,league,Mattorenticopedro1,,
2026-06-03,modern-league-2026-06-0310628,league,MaxMedeiros,,
2026-06-03,modern-league-2026-06-0310628,league,Mr_Conor_Hughes,,
2026-06-03,modern-league-2026-06-0310628,league,Nematic,,
2026-06-03,modern-league-2026-06-0310628,league,Nicopanico,,
2026-06-03,modern-league-2026-06-0310628,league,Nowayh,,
2026-06-03,modern-league-2026-06-0310628,league,Pardub,,
2026-06-03,modern-league-2026-06-0310628,league,Phil_emc2,,
2026-06-03,modern-league-2026-06-0310628,league,Rebellion1308,,
2026-06-03,modern-league-2026-06-0310628,league,ResponsiblyStupid,,
2026-06-03,modern-league-2026-06-0310628,league,RiceTackler,,
2026-06-03,modern-league-2026-06-0310628,league,SaltyCardboard,,
2026-06-03,modern-league-2026-06-0310628,league,Snoff,,
2026-06-03,modern-league-2026-06-0310628,league,Snoobie,,
2026-06-03,modern-league-2026-06-0310628,league,Swagavin1,,
2026-06-03,modern-league-2026-06-0310628,league,TedBoosley,,
2026-06-03,modern-league-2026-06-0310628,league,The_Catfin,,
2026-06-03,modern-league-2026-06-0310628,league,VTCLA,,
2026-06-03,modern-league-2026-06-0310628,league,VentoAureo,,
2026-06-03,modern-league-2026-06-0310628,league,Xanzure,,
2026-06-03,modern-league-2026-06-0310628,league,YoonYoon,,
2026-06-03,modern-league-2026-06-0310628,league,_DG_,,
2026-06-03,modern-league-2026-06-0310628,league,aru_int,,
2026-06-03,modern-league-2026-06-0310628,league,cahlorena,,
2026-06-03,modern-league-2026-06-0310628,league,constructed,,
2026-06-03,modern-league-2026-06-0310628,league,doctor-x,,
2026-06-03,modern-league-2026-06-0310628,league,flushpuppyTRB,,
2026-06-03,modern-league-2026-06-0310628,league,gerfingel,,
2026-06-03,modern-league-2026-06-0310628,league,haoqinglangou,,
2026-06-03,modern-league-2026-06-0310628,league,ho-oh,,
2026-06-03,modern-league-2026-06-0310628,league,jakupsmydl,,
2026-06-03,modern-league-2026-06-0310628,league,kenjinsakura,,
2026-06-03,modern-league-2026-06-0310628,league,kokoko098,,
2026-06-03,modern-league-2026-06-0310628,league,littlebinboy,,
2026-06-03,modern-league-2026-06-0310628,league,medical,,
2026-06-03,modern-league-2026-06-0310628,league,moissanite,,
2026-06-03,modern-league-2026-06-0310628,league,mtbWolf,,
2026-06-03,modern-league-2026-06-0310628,league,mtbWolf,,
2026-06-03,modern-league-2026-06-0310628,league,mtgobazaar8,,
2026-06-03,modern-league-2026-06-0310628,league,percussion_mike,,
2026-06-03,modern-league-2026-06-0310628,league,porterops,,
2026-06-03,modern-league-2026-06-0310628,league,soggymeatball,,
2026-06-03,modern-league-2026-06-0310628,league,ssnelson,,
2026-06-03,modern-league-2026-06-0310628,league,stefansson30952,,
2026-06-03,modern-league-2026-06-0310628,league,toondoslav,,
2026-06-03,modern-league-2026-06-0310628,league,twofootbanana,,
2026-06-03,modern-league-2026-06-0310628,league,vection,,
2026-06-03,modern-league-2026-06-0310628,league,walshi4life,,
2026-06-03,modern-league-2026-06-0310628,league,walshi4life,,
2026-06-03,modern-league-2026-06-0310628,league,xl_snapcaster,,
2026-06-03,modern-league-2026-06-0310628,league,zhangkh,,
2026-06-04,modern-challenge-64-2026-06-0412843768,challenge-64,slaxx,1,15
2026-06-04,modern-challenge-64-2026-06-0412843768,challenge-64,RCMerriam,2,18
2026-06-04,modern-challenge-64-2026-06-0412843768,challenge-64,Brunes,3,18
2026-06-04,modern-challenge-64-2026-06-0412843768,challenge-64,TSPJendrek,4,18
2026-06-04,modern-challenge-64-2026-06-0412843768,challenge-64,mhc2cd40,5,21
2026-06-04,modern-challenge-64-2026-06-0412843768,challenge-64,JPA93,6,18
2026-06-04,modern-challenge-64-2026-06-0412843768,challenge-64,Sodeq,7,18
2026-06-04,modern-challenge-64-2026-06-0412843768,challenge-64,Rvng,8,18
2026-06-04,modern-challenge-64-2026-06-0412843768,challenge-64,ClaymoreTobi,9,15
2026-06-04,modern-challenge-64-2026-06-0412843768,challenge-64,_Tia93_,10,15
2026-06-04,modern-challenge-64-2026-06-0412843768,challenge-64,Young_Shaman,11,15
2026-06-04,modern-challenge-64-2026-06-0412843768,challenge-64,hermanomlg,12,15
2026-06-04,modern-challenge-64-2026-06-0412843768,challenge-64,Erik157751,13,15
2026-06-04,modern-challenge-64-2026-06-0412843768,challenge-64,Martin_Dominguez,14,15
2026-06-04,modern-challenge-64-2026-06-0412843768,challenge-64,MarcusMPV,15,15
2026-06-04,modern-challenge-64-2026-06-0412843768,challenge-64,Malox11,16,15
2026-06-04,modern-challenge-64-2026-06-0412843768,challenge-64,Thunus,17,15
2026-06-04,modern-challenge-64-2026-06-0412843768,challenge-64,Gavin5499,18,15
2026-06-04,modern-challenge-64-2026-06-0412843768,challenge-64,ehstar,19,15
2026-06-04,modern-challenge-64-2026-06-0412843768,challenge-64,GenericUser48,20,15
2026-06-04,modern-challenge-64-2026-06-0412843768,challenge-64,HotspringsGames,21,15
2026-06-04,modern-challenge-64-2026-06-0412843768,challenge-64,unagieel,22,15
2026-06-04,modern-challenge-64-2026-06-0412843768,challenge-64,levunga21,23,12
2026-06-04,modern-challenge-64-2026-06-0412843768,challenge-64,soggymeatball,24,12
2026-06-04,modern-challenge-64-2026-06-0412843768,challenge-64,HyPPeR,25,12
2026-06-04,modern-challenge-64-2026-06-0412843768,challenge-64,rastaf,26,12
2026-06-04,modern-challenge-64-2026-06-0412843768,challenge-64,i_b_TRUE,27,12
2026-06-04,modern-challenge-64-2026-06-0412843768,challenge-64,Pallocchia314,28,12
2026-06-04,modern-challenge-64-2026-06-0412843768,challenge-64,katuo079595,29,12
2026-06-04,modern-challenge-64-2026-06-0412843768,challenge-64,JackSparr0w,30,12
2026-06-04,modern-challenge-64-2026-06-0412843768,challenge-64,Dubb,31,12
2026-06-04,modern-challenge-64-2026-06-0412843768,challenge-64,aarrgh,32,12
2026-06-04,modern-league-2026-06-0410628,league,66yui,,
2026-06-04,modern-league-2026-06-0410628,league,Alozzk,,
2026-06-04,modern-league-2026-06-0410628,league,Boland,,
2026-06-04,modern-league-2026-06-0410628,league,CSanbo,,
2026-06-04,modern-league-2026-06-0410628,league,CliffBoyardee,,
2026-06-04,modern-league-2026-06-0410628,league,Corkyboyy,,
2026-06-04,modern-league-2026-06-0410628,league,Corkyboyy,,
2026-06-04,modern-league-2026-06-0410628,league,DB_Dafore,,
2026-06-04,modern-league-2026-06-0410628,league,DMLK,,
2026-06-04,modern-league-2026-06-0410628,league,Da_Ruas7,,
2026-06-04,modern-league-2026-06-0410628,league,Daanmtg,,
2026-06-04,modern-league-2026-06-0410628,league,Diub,,
2026-06-04,modern-league-2026-06-0410628,league,Do0mSwitch,,
2026-06-04,modern-league-2026-06-0410628,league,Do0mSwitch,,
2026-06-04,modern-league-2026-06-0410628,league,Dragonfly99,,
2026-06-04,modern-league-2026-06-0410628,league,Enter,,
2026-06-04,modern-league-2026-06-0410628,league,EspressoIntenso,,
2026-06-04,modern-league-2026-06-0410628,league,Freeky_16,,
2026-06-04,modern-league-2026-06-0410628,league,Gabriell86,,
2026-06-04,modern-league-2026-06-0410628,league,Gartxot,,
2026-06-04,modern-league-2026-06-0410628,league,HDG_BorisE,,
2026-06-04,modern-league-2026-06-0410628,league,HotspringsGames,,
2026-06-04,modern-league-2026-06-0410628,league,IWikittiorI,,
2026-06-04,modern-league-2026-06-0410628,league,IntrepidZero,,
2026-06-04,modern-league-2026-06-0410628,league,Irenicus_Mfs,,
2026-06-04,modern-league-2026-06-0410628,league,ItsMagicJuan,,
2026-06-04,modern-league-2026-06-0410628,league,JaceDiLie,,
2026-06-04,modern-league-2026-06-0410628,league,Kakoijelev,,
2026-06-04,modern-league-2026-06-0410628,league,KangXiaotian,,
2026-06-04,modern-league-2026-06-0410628,league,KingDuck15,,
2026-06-04,modern-league-2026-06-0410628,league,LangeBastian,,
2026-06-04,modern-league-2026-06-0410628,league,Lukara77,,
2026-06-04,modern-league-2026-06-0410628,league,Misplacedginger,,
2026-06-04,modern-league-2026-06-0410628,league,Mooshack,,
2026-06-04,modern-league-2026-06-0410628,league,Nuserdog,,
2026-06-04,modern-league-2026-06-0410628,league,Nuserdog,,
2026-06-04,modern-league-2026-06-0410628,league,Occultatum,,
2026-06-04,modern-league-2026-06-0410628,league,Phyrexiankill,,
2026-06-04,modern-league-2026-06-0410628,league,Smurfyyy,,
2026-06-04,modern-league-2026-06-0410628,league,TYPEWOG,,
2026-06-04,modern-league-2026-06-0410628,league,TerminalJustice,,
2026-06-04,modern-league-2026-06-0410628,league,Thunus,,
2026-06-04,modern-league-2026-06-0410628,league,Thunus,,
2026-06-04,modern-league-2026-06-0410628,league,Yulios99,,
2026-06-04,modern-league-2026-06-0410628,league,Zoru,,
2026-06-04,modern-league-2026-06-0410628,league,_ZNT_,,
2026-06-04,modern-league-2026-06-0410628,league,albey1234,,
2026-06-04,modern-league-2026-06-0410628,league,aljce,,
2026-06-04,modern-league-2026-06-0410628,league,bokk,,
2026-06-04,modern-league-2026-06-0410628,league,cambrey,,
2026-06-04,modern-league-2026-06-0410628,league,chapaking8,,
2026-06-04,modern-league-2026-06-0410628,league,chase00111,,
2026-06-04,modern-league-2026-06-0410628,league,chemimea,,
2026-06-04,modern-league-2026-06-0410628,league,chicagofan,,
2026-06-04,modern-league-2026-06-0410628,league,daddematte,,
2026-06-04,modern-league-2026-06-0410628,league,darikun,,
2026-06-04,modern-league-2026-06-0410628,league,darikun,,
2026-06-04,modern-league-2026-06-0410628,league,dizzy_,,
2026-06-04,modern-league-2026-06-0410628,league,doctor-x,,
2026-06-04,modern-league-2026-06-0410628,league,doejurko,,
2026-06-04,modern-league-2026-06-0410628,league,doom580,,
2026-06-04,modern-league-2026-06-0410628,league,fullerluke30,,
2026-06-04,modern-league-2026-06-0410628,league,groot02,,
2026-06-04,modern-league-2026-06-0410628,league,haoqinglangou,,
2026-06-04,modern-league-2026-06-0410628,league,ipshow,,
2026-06-04,modern-league-2026-06-0410628,league,jdenora,,
2026-06-04,modern-league-2026-06-0410628,league,lorex996,,
2026-06-04,modern-league-2026-06-0410628,league,lyz050915,,
2026-06-04,modern-league-2026-06-0410628,league,mogis67,,
2026-06-04,modern-league-2026-06-0410628,league,mrchocolate,,
2026-06-04,modern-league-2026-06-0410628,league,mymt,,
2026-06-04,modern-league-2026-06-0410628,league,nanab30,,
2026-06-04,modern-league-2026-06-0410628,league,pedromansu,,
2026-06-04,modern-league-2026-06-0410628,league,rafp,,
2026-06-04,modern-league-2026-06-0410628,league,reidq7,,
2026-06-04,modern-league-2026-06-0410628,league,s1zz,,
2026-06-04,modern-league-2026-06-0410628,league,taldoitalo,,
2026-06-04,modern-league-2026-06-0410628,league,tery29,,
2026-06-04,modern-league-2026-06-0410628,league,tuckedaway,,
2026-06-04,modern-league-2026-06-0410628,league,wingedamber,,
2026-06-05,modern-challenge-64-2026-06-0512843785,challenge-64,PieGonti,1,18
2026-06-05,modern-challenge-64-2026-06-0512843785,challenge-64,Rvng,2,18
2026-06-05,modern-challenge-64-2026-06-0512843785,challenge-64,strgn7,3,21
2026-06-05,modern-challenge-64-2026-06-0512843785,challenge-64,Phryziel,4,18
2026-06-05,modern-challenge-64-2026-06-0512843785,challenge-64,Mldyss,5,18
2026-06-05,modern-challenge-64-2026-06-0512843785,challenge-64,JohnTag667,6,18
2026-06-05,modern-challenge-64-2026-06-0512843785,challenge-64,hugofreitas1,7,18
2026-06-05,modern-challenge-64-2026-06-0512843785,challenge-64,hugeowl,8,15
2026-06-05,modern-challenge-64-2026-06-0512843785,challenge-64,aarrgh,9,15
2026-06-05,modern-challenge-64-2026-06-0512843785,challenge-64,ashame,10,15
2026-06-05,modern-challenge-64-2026-06-0512843785,challenge-64,tuckedaway,11,15
2026-06-05,modern-challenge-64-2026-06-0512843785,challenge-64,Danielpena397,12,15
2026-06-05,modern-challenge-64-2026-06-0512843785,challenge-64,Porks,13,15
2026-06-05,modern-challenge-64-2026-06-0512843785,challenge-64,Thunus,14,15
2026-06-05,modern-challenge-64-2026-06-0512843785,challenge-64,TheKG,15,15
2026-06-05,modern-challenge-64-2026-06-0512843785,challenge-64,St1ffler,16,15
2026-06-05,modern-challenge-64-2026-06-0512843785,challenge-64,nitang,17,15
2026-06-05,modern-challenge-64-2026-06-0512843785,challenge-64,Gobern,18,15
2026-06-05,modern-challenge-64-2026-06-0512843785,challenge-64,nedyahiske,19,15
2026-06-05,modern-challenge-64-2026-06-0512843785,challenge-64,sgcyrus,20,15
2026-06-05,modern-challenge-64-2026-06-0512843785,challenge-64,Mistakenn,21,15
2026-06-05,modern-challenge-64-2026-06-0512843785,challenge-64,sioutis_kk,22,15
2026-06-05,modern-challenge-64-2026-06-0512843785,challenge-64,Deathmaxx,23,15
2026-06-05,modern-challenge-64-2026-06-0512843785,challenge-64,TrueHero,24,15
2026-06-05,modern-challenge-64-2026-06-0512843785,challenge-64,Thunderstriker7,25,12
2026-06-05,modern-challenge-64-2026-06-0512843785,challenge-64,LordOfTheLeash,26,12
2026-06-05,modern-challenge-64-2026-06-0512843785,challenge-64,Jumba,27,12
2026-06-05,modern-challenge-64-2026-06-0512843785,challenge-64,dormitian,28,12
2026-06-05,modern-challenge-64-2026-06-0512843785,challenge-64,LukeBrandes,29,12
2026-06-05,modern-challenge-64-2026-06-0512843785,challenge-64,Malox11,30,12
2026-06-05,modern-challenge-64-2026-06-0512843785,challenge-64,Scorpion100,31,12
2026-06-05,modern-challenge-64-2026-06-0512843785,challenge-64,Walker735,32,12
2026-06-05,modern-league-2026-06-0510628,league,Ahusga,,
2026-06-05,modern-league-2026-06-0510628,league,AzureMoon,,
2026-06-05,modern-league-2026-06-0510628,league,Baku_91,,
2026-06-05,modern-league-2026-06-0510628,league,Big Dan Teague,,
2026-06-05,modern-league-2026-06-0510628,league,Binas_seth,,
2026-06-05,modern-league-2026-06-0510628,league,Blinkmoth-Nexus,,
2026-06-05,modern-league-2026-06-0510628,league,Chadderk,,
2026-06-05,modern-league-2026-06-0510628,league,Chichichi,,
2026-06-05,modern-league-2026-06-0510628,league,Corwinkko,,
2026-06-05,modern-league-2026-06-0510628,league,CrisMTG77,,
2026-06-05,modern-league-2026-06-0510628,league,CrusherBotBG,,
2026-06-05,modern-league-2026-06-0510628,league,Cyberpunker,,
2026-06-05,modern-league-2026-06-0510628,league,DB_BARNYARD,,
2026-06-05,modern-league-2026-06-0510628,league,Darkdawson123,,
2026-06-05,modern-league-2026-06-0510628,league,Deathmaxx,,
2026-06-05,modern-league-2026-06-0510628,league,Dumpring,,
2026-06-05,modern-league-2026-06-0510628,league,EL_Zanetti,,
2026-06-05,modern-league-2026-06-0510628,league,EthanB,,
2026-06-05,modern-league-2026-06-0510628,league,Farkozy,,
2026-06-05,modern-league-2026-06-0510628,league,Fencerkid,,
2026-06-05,modern-league-2026-06-0510628,league,HDG_BorisE,,
2026-06-05,modern-league-2026-06-0510628,league,JuGene,,
2026-06-05,modern-league-2026-06-0510628,league,Keggers,,
2026-06-05,modern-league-2026-06-0510628,league,Koala40,,
2026-06-05,modern-league-2026-06-0510628,league,Lollopollo2001,,
2026-06-05,modern-league-2026-06-0510628,league,Luo_Mew,,
2026-06-05,modern-league-2026-06-0510628,league,Madiba,,
2026-06-05,modern-league-2026-06-0510628,league,Magnus93,,
2026-06-05,modern-league-2026-06-0510628,league,MahfuzVanGogh,,
2026-06-05,modern-league-2026-06-0510628,league,MattTumavitch13,,
2026-06-05,modern-league-2026-06-0510628,league,Mazun0,,
2026-06-05,modern-league-2026-06-0510628,league,MixolydianMagus,,
2026-06-05,modern-league-2026-06-0510628,league,MixolydianMagus,,
2026-06-05,modern-league-2026-06-0510628,league,MurcianPlayer,,
2026-06-05,modern-league-2026-06-0510628,league,Nicopanico,,
2026-06-05,modern-league-2026-06-0510628,league,NotSnype315,,
2026-06-05,modern-league-2026-06-0510628,league,Ouranos139,,
2026-06-05,modern-league-2026-06-0510628,league,PtyLtd,,
2026-06-05,modern-league-2026-06-0510628,league,Pugface,,
2026-06-05,modern-league-2026-06-0510628,league,PumpFake,,
2026-06-05,modern-league-2026-06-0510628,league,RCMerriam,,
2026-06-05,modern-league-2026-06-0510628,league,S1D,,
2026-06-05,modern-league-2026-06-0510628,league,SakingMTG,,
2026-06-05,modern-league-2026-06-0510628,league,SchwiftySchleeps,,
2026-06-05,modern-league-2026-06-0510628,league,Sehia,,
2026-06-05,modern-league-2026-06-0510628,league,ShikiXYZ,,
2026-06-05,modern-league-2026-06-0510628,league,Takasago,,
2026-06-05,modern-league-2026-06-0510628,league,Theflotist,,
2026-06-05,modern-league-2026-06-0510628,league,Thunderstriker7,,
2026-06-05,modern-league-2026-06-0510628,league,TuxedoRose,,
2026-06-05,modern-league-2026-06-0510628,league,WanderingOnes,,
2026-06-05,modern-league-2026-06-0510628,league,XboxGreg,,
2026-06-05,modern-league-2026-06-0510628,league,Yakoo,,
2026-06-05,modern-league-2026-06-0510628,league,ZeeGamesTTV,,
2026-06-05,modern-league-2026-06-0510628,league,Zorratsu,,
2026-06-05,modern-league-2026-06-0510628,league,ashmosus,,
2026-06-05,modern-league-2026-06-0510628,league,brag1,,
2026-06-05,modern-league-2026-06-0510628,league,brag1,,
2026-06-05,modern-league-2026-06-0510628,league,bubblywubblytubbler,,
2026-06-05,modern-league-2026-06-0510628,league,dack_fayden07,,
2026-06-05,modern-league-2026-06-0510628,league,darikun,,
2026-06-05,modern-league-2026-06-0510628,league,daviddmtg,,
2026-06-05,modern-league-2026-06-0510628,league,gm_95,,
2026-06-05,modern-league-2026-06-0510628,league,gnarnaut,,
2026-06-05,modern-league-2026-06-0510628,league,jbspec3,,
2026-06-05,modern-league-2026-06-0510628,league,jbspec3,,
2026-06-05,modern-league-2026-06-0510628,league,johnmtg,,
2026-06-05,modern-league-2026-06-0510628,league,kokubo,,
2026-06-05,modern-league-2026-06-0510628,league,kyuby899,,
2026-06-05,modern-league-2026-06-0510628,league,ls149950,,
2026-06-05,modern-league-2026-06-0510628,league,marcofabrizi,,
2026-06-05,modern-league-2026-06-0510628,league,morijun0315,,
2026-06-05,modern-league-2026-06-0510628,league,oeni,,
2026-06-05,modern-league-2026-06-0510628,league,rumrum1995,,
2026-06-05,modern-league-2026-06-0510628,league,sioutis_kk,,
2026-06-05,modern-league-2026-06-0510628,league,tchuco,,
2026-06-05,modern-league-2026-06-0510628,league,thodoris17,,
2026-06-05,modern-league-2026-06-0510628,league,toothymtg,,
2026-06-05,modern-league-2026-06-0510628,league,zlod,,
2026-06-05,modern-league-2026-06-0510628,league,zturchan,,
2026-06-06,modern-challenge-32-2026-06-0612843794,challenge-32,Denisevich,1,18
2026-06-06,modern-challenge-32-2026-06-0612843794,challenge-32,MeninooNey,2,15
2026-06-06,modern-challenge-32-2026-06-0612843794,challenge-32,Scorpion100,3,18
2026-06-06,modern-challenge-32-2026-06-0612843794,challenge-32,Lord_Beerus,4,15
2026-06-06,modern-challenge-32-2026-06-0612843794,challenge-32,ShikiXYZ,5,18
2026-06-06,modern-challenge-32-2026-06-0612843794,challenge-32,GigaChadSigmaMale,6,18
2026-06-06,modern-challenge-32-2026-06-0612843794,challenge-32,hugofreitas1,7,18
2026-06-06,modern-challenge-32-2026-06-0612843794,challenge-32,reidq7,8,15
2026-06-06,modern-challenge-32-2026-06-0612843794,challenge-32,toothymtg,9,15
2026-06-06,modern-challenge-32-2026-06-0612843794,challenge-32,Mistakenn,10,15
2026-06-06,modern-challenge-32-2026-06-0612843794,challenge-32,ryuumei,11,15
2026-06-06,modern-challenge-32-2026-06-0612843794,challenge-32,ShadowTitan1,12,15
2026-06-06,modern-challenge-32-2026-06-0612843794,challenge-32,UninspiredMehjagic,13,15
2026-06-06,modern-challenge-32-2026-06-0612843794,challenge-32,painhuman,14,15
2026-06-06,modern-challenge-32-2026-06-0612843794,challenge-32,AwesomPossum,15,12
2026-06-06,modern-challenge-32-2026-06-0612843794,challenge-32,EthanBird,16,12
2026-06-06,modern-challenge-32-2026-06-0612843794,challenge-32,Hawkfrost000,17,12
2026-06-06,modern-challenge-32-2026-06-0612843794,challenge-32,OrnatePuzzles,18,12
2026-06-06,modern-challenge-32-2026-06-0612843794,challenge-32,Pugface,19,12
2026-06-06,modern-challenge-32-2026-06-0612843794,challenge-32,Stealthmagician,20,12
2026-06-06,modern-challenge-32-2026-06-0612843794,challenge-32,kablewire,21,12
2026-06-06,modern-challenge-32-2026-06-0612843794,challenge-32,MarcoBelacca95,22,12
2026-06-06,modern-challenge-32-2026-06-0612843794,challenge-32,DemianDesposito10,23,12
2026-06-06,modern-challenge-32-2026-06-0612843794,challenge-32,jvidarte,24,12
2026-06-06,modern-challenge-32-2026-06-0612843794,challenge-32,nahuel10,25,12
2026-06-06,modern-challenge-32-2026-06-0612843794,challenge-32,Waggyy,26,12
2026-06-06,modern-challenge-32-2026-06-0612843794,challenge-32,Tinker_deck,27,12
2026-06-06,modern-challenge-32-2026-06-0612843794,challenge-32,hermesthenerd,28,12
2026-06-06,modern-challenge-32-2026-06-0612843794,challenge-32,HouseOfManaMTG,29,9
2026-06-06,modern-challenge-32-2026-06-0612843794,challenge-32,andycsoto,30,9
2026-06-06,modern-challenge-32-2026-06-0612843794,challenge-32,stefansson30952,31,9
2026-06-06,modern-challenge-32-2026-06-0612843794,challenge-32,LukeBrandes,32,9
2026-06-06,modern-challenge-32-2026-06-0612843796,challenge-32,Suechtler,1,15
2026-06-06,modern-challenge-32-2026-06-0612843796,challenge-32,TheKG,2,12
2026-06-06,modern-challenge-32-2026-06-0612843796,challenge-32,JV_7777,3,15
2026-06-06,modern-challenge-32-2026-06-0612843796,challenge-32,jvidarte,4,12
2026-06-06,modern-challenge-32-2026-06-0612843796,challenge-32,MacIsaac,5,18
2026-06-06,modern-challenge-32-2026-06-0612843796,challenge-32,Nicopanico,6,15
2026-06-06,modern-challenge-32-2026-06-0612843796,challenge-32,GWT,7,15
2026-06-06,modern-challenge-32-2026-06-0612843796,challenge-32,HelpfulHobo,8,12
2026-06-06,modern-challenge-32-2026-06-0612843796,challenge-32,felider,9,12
2026-06-06,modern-challenge-32-2026-06-0612843796,challenge-32,SanPop,10,12
2026-06-06,modern-challenge-32-2026-06-0612843796,challenge-32,Jumba,11,12
2026-06-06,modern-challenge-32-2026-06-0612843796,challenge-32,wutey,12,12
2026-06-06,modern-challenge-32-2026-06-0612843796,challenge-32,gyyby297,13,12
2026-06-06,modern-challenge-32-2026-06-0612843796,challenge-32,SimoCr,14,12
2026-06-06,modern-challenge-32-2026-06-0612843796,challenge-32,nahuel10,15,12
2026-06-06,modern-challenge-32-2026-06-0612843796,challenge-32,surgetemelo,16,12
2026-06-06,modern-challenge-32-2026-06-0612843796,challenge-32,NickPuiKia,17,9
2026-06-06,modern-challenge-32-2026-06-0612843796,challenge-32,sioutis_kk,18,9
2026-06-06,modern-challenge-32-2026-06-0612843796,challenge-32,MrProff,19,9
2026-06-06,modern-challenge-32-2026-06-0612843796,challenge-32,pablohotdog,20,9
2026-06-06,modern-challenge-32-2026-06-0612843796,challenge-32,MegaSwampert,21,9
2026-06-06,modern-challenge-32-2026-06-0612843796,challenge-32,Clamavus,22,9
2026-06-06,modern-challenge-32-2026-06-0612843796,challenge-32,Chos1npm,23,9
2026-06-06,modern-challenge-32-2026-06-0612843796,challenge-32,soggymeatball,24,9
2026-06-06,modern-challenge-32-2026-06-0612843796,challenge-32,_Stream,25,9
2026-06-06,modern-challenge-32-2026-06-0612843796,challenge-32,gurig,26,9
2026-06-06,modern-challenge-32-2026-06-0612843796,challenge-32,Selfeisek,27,6
2026-06-06,modern-challenge-32-2026-06-0612843796,challenge-32,svessesvv,28,6
2026-06-06,modern-challenge-32-2026-06-0612843796,challenge-32,klien7,29,6
2026-06-06,modern-challenge-32-2026-06-0612843796,challenge-32,Junkmener,30,6
2026-06-06,modern-challenge-32-2026-06-0612843796,challenge-32,eXeliS,31,6
2026-06-06,modern-challenge-32-2026-06-0612843796,challenge-32,Dreddybajs,32,6
2026-06-06,modern-challenge-64-2026-06-0612843801,challenge-64,rastaf,1,18
2026-06-06,modern-challenge-64-2026-06-0612843801,challenge-64,unagieel,2,18
2026-06-06,modern-challenge-64-2026-06-0612843801,challenge-64,Young_Shaman,3,21
2026-06-06,modern-challenge-64-2026-06-0612843801,challenge-64,GWT,4,15
2026-06-06,modern-challenge-64-2026-06-0612843801,challenge-64,PharmD_MTG,5,18
2026-06-06,modern-challenge-64-2026-06-0612843801,challenge-64,Ettore09,6,15
2026-06-06,modern-challenge-64-2026-06-0612843801,challenge-64,Durotan97,7,15
2026-06-06,modern-challenge-64-2026-06-0612843801,challenge-64,LordEgg,8,15
2026-06-06,modern-challenge-64-2026-06-0612843801,challenge-64,Erik157751,9,15
2026-06-06,modern-challenge-64-2026-06-0612843801,challenge-64,Tinker_deck,10,15
2026-06-06,modern-challenge-64-2026-06-0612843801,challenge-64,Selfeisek,11,15
2026-06-06,modern-challenge-64-2026-06-0612843801,challenge-64,SkyllaMTG,12,15
2026-06-06,modern-challenge-64-2026-06-0612843801,challenge-64,pepeteam,13,15
2026-06-06,modern-challenge-64-2026-06-0612843801,challenge-64,Suechtler,14,15
2026-06-06,modern-challenge-64-2026-06-0612843801,challenge-64,Onlylands,15,15
2026-06-06,modern-challenge-64-2026-06-0612843801,challenge-64,KingDuck15,16,15
2026-06-06,modern-challenge-64-2026-06-0612843801,challenge-64,Jumba,17,15
2026-06-06,modern-challenge-64-2026-06-0612843801,challenge-64,mh7lucky,18,15
2026-06-06,modern-challenge-64-2026-06-0612843801,challenge-64,Xwhale,19,15
2026-06-06,modern-challenge-64-2026-06-0612843801,challenge-64,frodomochas,20,12
2026-06-06,modern-challenge-64-2026-06-0612843801,challenge-64,UltraEgo_,21,12
2026-06-06,modern-challenge-64-2026-06-0612843801,challenge-64,Lord_Beerus,22,12
2026-06-06,modern-challenge-64-2026-06-0612843801,challenge-64,MisterTwin,23,12
2026-06-06,modern-challenge-64-2026-06-0612843801,challenge-64,Danielpena397,24,12
2026-06-06,modern-challenge-64-2026-06-0612843801,challenge-64,bobo4l1fe,25,12
2026-06-06,modern-challenge-64-2026-06-0612843801,challenge-64,Spooky_Snoop,26,12
2026-06-06,modern-challenge-64-2026-06-0612843801,challenge-64,JuanmaAT,27,12
2026-06-06,modern-challenge-64-2026-06-0612843801,challenge-64,Martin_Dominguez,28,12
2026-06-06,modern-challenge-64-2026-06-0612843801,challenge-64,drcoffee,29,12
2026-06-06,modern-challenge-64-2026-06-0612843801,challenge-64,frakom,30,12
2026-06-06,modern-challenge-64-2026-06-0612843801,challenge-64,Thunderstriker7,31,12
2026-06-06,modern-challenge-64-2026-06-0612843801,challenge-64,scipios,32,12
2026-06-06,modern-league-2026-06-0610628,league,4c_PolG,,
2026-06-06,modern-league-2026-06-0610628,league,567konner,,
2026-06-06,modern-league-2026-06-0610628,league,6argamel,,
2026-06-06,modern-league-2026-06-0610628,league,AlexanderRosdahl,,
2026-06-06,modern-league-2026-06-0610628,league,AnActualRacc00n,,
2026-06-06,modern-league-2026-06-0610628,league,Bosseidon,,
2026-06-06,modern-league-2026-06-0610628,league,Bubblepopper,,
2026-06-06,modern-league-2026-06-0610628,league,Cake363,,
2026-06-06,modern-league-2026-06-0610628,league,Cake363,,
2026-06-06,modern-league-2026-06-0610628,league,Cla16,,
2026-06-06,modern-league-2026-06-0610628,league,CodiCarroll,,
2026-06-06,modern-league-2026-06-0610628,league,DerVuk,,
2026-06-06,modern-league-2026-06-0610628,league,DoomDriver501,,
2026-06-06,modern-league-2026-06-0610628,league,Fatal_Vlad,,
2026-06-06,modern-league-2026-06-0610628,league,Funky_T,,
2026-06-06,modern-league-2026-06-0610628,league,GabbaGandalf,,
2026-06-06,modern-league-2026-06-0610628,league,HDG_BorisE,,
2026-06-06,modern-league-2026-06-0610628,league,Jeppebc,,
2026-06-06,modern-league-2026-06-0610628,league,Jrcitizen,,
2026-06-06,modern-league-2026-06-0610628,league,Jrcitizen,,
2026-06-06,modern-league-2026-06-0610628,league,KapoUzumaki11,,
2026-06-06,modern-league-2026-06-0610628,league,Kezron,,
2026-06-06,modern-league-2026-06-0610628,league,KingChainsaw,,
2026-06-06,modern-league-2026-06-0610628,league,LordOfTheLeash,,
2026-06-06,modern-league-2026-06-0610628,league,Lumek,,
2026-06-06,modern-league-2026-06-0610628,league,MacSchnuddel,,
2026-06-06,modern-league-2026-06-0610628,league,MaxMedeiros,,
2026-06-06,modern-league-2026-06-0610628,league,MikeyCoppola365,,
2026-06-06,modern-league-2026-06-0610628,league,NewHJ,,
2026-06-06,modern-league-2026-06-0610628,league,Onlylands,,
2026-06-06,modern-league-2026-06-0610628,league,Profnatedogsc,,
2026-06-06,modern-league-2026-06-0610628,league,Ra_Po,,
2026-06-06,modern-league-2026-06-0610628,league,RiuuK1,,
2026-06-06,modern-league-2026-06-0610628,league,S1fall0r,,
2026-06-06,modern-league-2026-06-0610628,league,SchwiftySchleeps,,
2026-06-06,modern-league-2026-06-0610628,league,SchwiftySchleeps,,
2026-06-06,modern-league-2026-06-0610628,league,Sfrenka667,,
2026-06-06,modern-league-2026-06-0610628,league,Shadyrat,,
2026-06-06,modern-league-2026-06-0610628,league,Silk_lobelia,,
2026-06-06,modern-league-2026-06-0610628,league,Snap39,,
2026-06-06,modern-league-2026-06-0610628,league,THEFALLEN11,,
2026-06-06,modern-league-2026-06-0610628,league,Themata,,
2026-06-06,modern-league-2026-06-0610628,league,TuckerMTG,,
2026-06-06,modern-league-2026-06-0610628,league,Veraquios,,
2026-06-06,modern-league-2026-06-0610628,league,Zoru,,
2026-06-06,modern-league-2026-06-0610628,league,_SonBes_,,
2026-06-06,modern-league-2026-06-0610628,league,badthemost,,
2026-06-06,modern-league-2026-06-0610628,league,bazaaretw,,
2026-06-06,modern-league-2026-06-0610628,league,braids88,,
2026-06-06,modern-league-2026-06-0610628,league,chase00111,,
2026-06-06,modern-league-2026-06-0610628,league,cristianello,,
2026-06-06,modern-league-2026-06-0610628,league,ferranr,,
2026-06-06,modern-league-2026-06-0610628,league,hugeowl,,
2026-06-06,modern-league-2026-06-0610628,league,iGetNervous,,
2026-06-06,modern-league-2026-06-0610628,league,junshiro,,
2026-06-06,modern-league-2026-06-0610628,league,klien7,,
2026-06-06,modern-league-2026-06-0610628,league,leeechington,,
2026-06-06,modern-league-2026-06-0610628,league,mahou_54331,,
2026-06-06,modern-league-2026-06-0610628,league,nahuel10,,
2026-06-06,modern-league-2026-06-0610628,league,nekomap,,
2026-06-06,modern-league-2026-06-0610628,league,oskiyaa,,
2026-06-06,modern-league-2026-06-0610628,league,reidq7,,
2026-06-06,modern-league-2026-06-0610628,league,scalo94,,
2026-06-06,modern-league-2026-06-0610628,league,toondoslav,,
2026-06-06,modern-league-2026-06-0610628,league,virp13,,
2026-06-06,modern-league-2026-06-0610628,league,wolf2222,,
2026-06-07,modern-challenge-32-2026-06-0712843808,challenge-32,HoldTheElle,1,15
2026-06-07,modern-challenge-32-2026-06-0712843808,challenge-32,termidor,2,18
2026-06-07,modern-challenge-32-2026-06-0712843808,challenge-32,Capriccioso,3,18
2026-06-07,modern-challenge-32-2026-06-0712843808,challenge-32,Azja,4,15
2026-06-07,modern-challenge-32-2026-06-0712843808,challenge-32,littlebinboy,5,21
2026-06-07,modern-challenge-32-2026-06-0712843808,challenge-32,xerioc,6,18
2026-06-07,modern-challenge-32-2026-06-0712843808,challenge-32,_Falcon_,7,18
2026-06-07,modern-challenge-32-2026-06-0712843808,challenge-32,DrewEldon,8,15
2026-06-07,modern-challenge-32-2026-06-0712843808,challenge-32,PETRICHOR21,9,15
2026-06-07,modern-challenge-32-2026-06-0712843808,challenge-32,E_Kaminuma,10,15
2026-06-07,modern-challenge-32-2026-06-0712843808,challenge-32,Denisevich,11,15
2026-06-07,modern-challenge-32-2026-06-0712843808,challenge-32,RandomOctopus,12,15
2026-06-07,modern-challenge-32-2026-06-0712843808,challenge-32,InsaneAP3Z,13,15
2026-06-07,modern-challenge-32-2026-06-0712843808,challenge-32,UninspiredMehjagic,14,15
2026-06-07,modern-challenge-32-2026-06-0712843808,challenge-32,mcertain,15,15
2026-06-07,modern-challenge-32-2026-06-0712843808,challenge-32,Bowman2,16,15
2026-06-07,modern-challenge-32-2026-06-0712843808,challenge-32,fl4rpfl4rp,17,15
2026-06-07,modern-challenge-32-2026-06-0712843808,challenge-32,gamertoad,18,12
2026-06-07,modern-challenge-32-2026-06-0712843808,challenge-32,EndoZoa,19,12
2026-06-07,modern-challenge-32-2026-06-0712843808,challenge-32,zbogames,20,12
2026-06-07,modern-challenge-32-2026-06-0712843808,challenge-32,NerdDadChad,21,12
2026-06-07,modern-challenge-32-2026-06-0712843808,challenge-32,JV_7777,22,12
2026-06-07,modern-challenge-32-2026-06-0712843808,challenge-32,nagas4,23,12
2026-06-07,modern-challenge-32-2026-06-0712843808,challenge-32,Lightspirit,24,12
2026-06-07,modern-challenge-32-2026-06-0712843808,challenge-32,Bent,25,12
2026-06-07,modern-challenge-32-2026-06-0712843808,challenge-32,BWG,26,12
2026-06-07,modern-challenge-32-2026-06-0712843808,challenge-32,eggybenny,27,12
2026-06-07,modern-challenge-32-2026-06-0712843808,challenge-32,Odin2015,28,12
2026-06-07,modern-challenge-32-2026-06-0712843808,challenge-32,zturchan,29,12
2026-06-07,modern-challenge-32-2026-06-0712843808,challenge-32,TingInTheRice,30,9
2026-06-07,modern-challenge-32-2026-06-0712843808,challenge-32,Parrotlet,31,9
2026-06-07,modern-challenge-32-2026-06-0712843808,challenge-32,Richie727,32,9
2026-06-07,modern-challenge-32-2026-06-0712843812,challenge-32,MayoDominaria,1,15
2026-06-07,modern-challenge-32-2026-06-0712843812,challenge-32,Hovsgaard,2,12
2026-06-07,modern-challenge-32-2026-06-0712843812,challenge-32,AlexanderRosdahl,3,15
2026-06-07,modern-challenge-32-2026-06-0712843812,challenge-32,ch4rm2nd0r,4,12
2026-06-07,modern-challenge-32-2026-06-0712843812,challenge-32,ginp,5,15
2026-06-07,modern-challenge-32-2026-06-0712843812,challenge-32,GhastM4n,6,15
2026-06-07,modern-challenge-32-2026-06-0712843812,challenge-32,Prisak,7,15
2026-06-07,modern-challenge-32-2026-06-0712843812,challenge-32,Thagol,8,12
2026-06-07,modern-challenge-32-2026-06-0712843812,challenge-32,_Batutinha_,9,12
2026-06-07,modern-challenge-32-2026-06-0712843812,challenge-32,Sam_M,10,12
2026-06-07,modern-challenge-32-2026-06-0712843812,challenge-32,Asa_Akira,11,12
2026-06-07,modern-challenge-32-2026-06-0712843812,challenge-32,narca,12,12
2026-06-07,modern-challenge-32-2026-06-0712843812,challenge-32,CavalloGoloso,13,12
2026-06-07,modern-challenge-32-2026-06-0712843812,challenge-32,greedofdeath,14,12
2026-06-07,modern-challenge-32-2026-06-0712843812,challenge-32,lsznpa,15,12
2026-06-07,modern-challenge-32-2026-06-0712843812,challenge-32,BENTO_,16,9
2026-06-07,modern-challenge-32-2026-06-0712843812,challenge-32,Taddy_99,17,9
2026-06-07,modern-challenge-32-2026-06-0712843812,challenge-32,FranMtg,18,9
2026-06-07,modern-challenge-32-2026-06-0712843812,challenge-32,Athenani,19,9
2026-06-07,modern-challenge-32-2026-06-0712843812,challenge-32,albybale93,20,9
2026-06-07,modern-challenge-32-2026-06-0712843812,challenge-32,ChuckNoris43,21,9
2026-06-07,modern-challenge-32-2026-06-0712843812,challenge-32,narcatrashcan,22,9
2026-06-07,modern-challenge-32-2026-06-0712843812,challenge-32,Moon_Bogle,23,9
2026-06-07,modern-challenge-32-2026-06-0712843812,challenge-32,eXeliS,24,9
2026-06-07,modern-challenge-32-2026-06-0712843812,challenge-32,_Falcon_,25,9
2026-06-07,modern-challenge-32-2026-06-0712843812,challenge-32,fazparte,26,6
2026-06-07,modern-challenge-32-2026-06-0712843812,challenge-32,CrazyMorango,27,6
2026-06-07,modern-challenge-32-2026-06-0712843812,challenge-32,Jumba,28,6
2026-06-07,modern-challenge-32-2026-06-0712843812,challenge-32,H_Empire,29,6
2026-06-07,modern-challenge-32-2026-06-0712843812,challenge-32,gabrylele91,30,6
2026-06-07,modern-challenge-32-2026-06-0712843812,challenge-32,JahBoodle,31,6
2026-06-07,modern-challenge-32-2026-06-0712843812,challenge-32,kaiszern,32,6
2026-06-07,modern-league-2026-06-0710628,league,Alan07,,
2026-06-07,modern-league-2026-06-0710628,league,AlexanderRosdahl,,
2026-06-07,modern-league-2026-06-0710628,league,Alozzk,,
2026-06-07,modern-league-2026-06-0710628,league,AndySCWilson,,
2026-06-07,modern-league-2026-06-0710628,league,Arcbound_Papi,,
2026-06-07,modern-league-2026-06-0710628,league,Athenani,,
2026-06-07,modern-league-2026-06-0710628,league,AwesomPossum,,
2026-06-07,modern-league-2026-06-0710628,league,BENTO_,,
2026-06-07,modern-league-2026-06-0710628,league,Bagoot,,
2026-06-07,modern-league-2026-06-0710628,league,Bob49,,
2026-06-07,modern-league-2026-06-0710628,league,Brunister,,
2026-06-07,modern-league-2026-06-0710628,league,Claymelin,,
2026-06-07,modern-league-2026-06-0710628,league,DMLK,,
2026-06-07,modern-league-2026-06-0710628,league,Dal3,,
2026-06-07,modern-league-2026-06-0710628,league,DerVuk,,
2026-06-07,modern-league-2026-06-0710628,league,Dogzera30,,
2026-06-07,modern-league-2026-06-0710628,league,Drewid Hermit,,
2026-06-07,modern-league-2026-06-0710628,league,Eason271,,
2026-06-07,modern-league-2026-06-0710628,league,Elkhorn,,
2026-06-07,modern-league-2026-06-0710628,league,FacadeJK,,
2026-06-07,modern-league-2026-06-0710628,league,Galathehutt,,
2026-06-07,modern-league-2026-06-0710628,league,GingerGuy83,,
2026-06-07,modern-league-2026-06-0710628,league,Helpingdotdek,,
2026-06-07,modern-league-2026-06-0710628,league,JahBoodle,,
2026-06-07,modern-league-2026-06-0710628,league,JustCallMeJick,,
2026-06-07,modern-league-2026-06-0710628,league,KingChainsaw,,
2026-06-07,modern-league-2026-06-0710628,league,MahfuzVanGogh,,
2026-06-07,modern-league-2026-06-0710628,league,Mattatoio,,
2026-06-07,modern-league-2026-06-0710628,league,MrSeri,,
2026-06-07,modern-league-2026-06-0710628,league,NAP_DARKMAGE_MJM,,
2026-06-07,modern-league-2026-06-0710628,league,NattySimba,,
2026-06-07,modern-league-2026-06-0710628,league,Odin2015,,
2026-06-07,modern-league-2026-06-0710628,league,PintuMtg,,
2026-06-07,modern-league-2026-06-0710628,league,Ra_Po,,
2026-06-07,modern-league-2026-06-0710628,league,RespectTheDog,,
2026-06-07,modern-league-2026-06-0710628,league,Safranek,,
2026-06-07,modern-league-2026-06-0710628,league,SmoothDawwg,,
2026-06-07,modern-league-2026-06-0710628,league,TSMJustice,,
2026-06-07,modern-league-2026-06-0710628,league,TYPEWOG,,
2026-06-07,modern-league-2026-06-0710628,league,Tamarindo,,
2026-06-07,modern-league-2026-06-0710628,league,Tessepia,,
2026-06-07,modern-league-2026-06-0710628,league,alessandro81,,
2026-06-07,modern-league-2026-06-0710628,league,artilleryfrost,,
2026-06-07,modern-league-2026-06-0710628,league,cambrey,,
2026-06-07,modern-league-2026-06-0710628,league,comando411,,
2026-06-07,modern-league-2026-06-0710628,league,dack_fayden07,,
2026-06-07,modern-league-2026-06-0710628,league,daibloXSC,,
2026-06-07,modern-league-2026-06-0710628,league,danichipo,,
2026-06-07,modern-league-2026-06-0710628,league,doom580,,
2026-06-07,modern-league-2026-06-0710628,league,ip_pontes,,
2026-06-07,modern-league-2026-06-0710628,league,jacopo88,,
2026-06-07,modern-league-2026-06-0710628,league,jamerson,,
2026-06-07,modern-league-2026-06-0710628,league,katoriarch123,,
2026-06-07,modern-league-2026-06-0710628,league,mahou_54331,,
2026-06-07,modern-league-2026-06-0710628,league,neptune10101,,
2026-06-07,modern-league-2026-06-0710628,league,nightwitch,,
2026-06-07,modern-league-2026-06-0710628,league,pius23,,
2026-06-07,modern-league-2026-06-0710628,league,rinri-,,
2026-06-07,modern-league-2026-06-0710628,league,rosti56,,
2026-06-07,modern-league-2026-06-0710628,league,ssnelson,,
2026-06-07,modern-league-2026-06-0710628,league,thuganomics,,
2026-06-07,modern-league-2026-06-0710628,league,yodela,,
2026-06-07,modern-rc-super-qualifier-2026-06-0712843920,rc-super-qualifier,Theflotist,1,27
2026-06-07,modern-rc-super-qualifier-2026-06-0712843920,rc-super-qualifier,MayoDominaria,2,27
2026-06-07,modern-rc-super-qualifier-2026-06-0712843920,rc-super-qualifier,yunk3r,3,24
2026-06-07,modern-rc-super-qualifier-2026-06-0712843920,rc-super-qualifier,JuGene,4,24
2026-06-07,modern-rc-super-qualifier-2026-06-0712843920,rc-super-qualifier,Stiepan90,5,30
2026-06-07,modern-rc-super-qualifier-2026-06-0712843920,rc-super-qualifier,Erik157751,6,27
2026-06-07,modern-rc-super-qualifier-2026-06-0712843920,rc-super-qualifier,Martin_Dominguez,7,24
2026-06-07,modern-rc-super-qualifier-2026-06-0712843920,rc-super-qualifier,KelMasterP,8,24
2026-06-07,modern-rc-super-qualifier-2026-06-0712843920,rc-super-qualifier,yukiro,9,24
2026-06-07,modern-rc-super-qualifier-2026-06-0712843920,rc-super-qualifier,Katla,10,24
2026-06-07,modern-rc-super-qualifier-2026-06-0712843920,rc-super-qualifier,D00mwake,11,24
2026-06-07,modern-rc-super-qualifier-2026-06-0712843920,rc-super-qualifier,Selfeisek,12,24
2026-06-07,modern-rc-super-qualifier-2026-06-0712843920,rc-super-qualifier,FreeBobby315,13,24
2026-06-07,modern-rc-super-qualifier-2026-06-0712843920,rc-super-qualifier,Chadderk,14,24
2026-06-07,modern-rc-super-qualifier-2026-06-0712843920,rc-super-qualifier,leandru,15,24
2026-06-07,modern-rc-super-qualifier-2026-06-0712843920,rc-super-qualifier,Laplasjan,16,24
2026-06-07,modern-rc-super-qualifier-2026-06-0712843920,rc-super-qualifier,SpiderSpace,17,24
2026-06-07,modern-rc-super-qualifier-2026-06-0712843920,rc-super-qualifier,MattTumavitch13,18,24
2026-06-07,modern-rc-super-qualifier-2026-06-0712843920,rc-super-qualifier,Comrade1312,19,24
2026-06-07,modern-rc-super-qualifier-2026-06-0712843920,rc-super-qualifier,frodomochas,20,24
2026-06-07,modern-rc-super-qualifier-2026-06-0712843920,rc-super-qualifier,Otazz,21,21
2026-06-07,modern-rc-super-qualifier-2026-06-0712843920,rc-super-qualifier,surgetemelo,22,21
2026-06-07,modern-rc-super-qualifier-2026-06-0712843920,rc-super-qualifier,fudgems,23,21
2026-06-07,modern-rc-super-qualifier-2026-06-0712843920,rc-super-qualifier,Death_Lighter,24,21
2026-06-07,modern-rc-super-qualifier-2026-06-0712843920,rc-super-qualifier,Ale_Mtg,25,21
2026-06-07,modern-rc-super-qualifier-2026-06-0712843920,rc-super-qualifier,scalo94,26,21
2026-06-07,modern-rc-super-qualifier-2026-06-0712843920,rc-super-qualifier,iShambler,27,21
2026-06-07,modern-rc-super-qualifier-2026-06-0712843920,rc-super-qualifier,Jumba,28,21
2026-06-07,modern-rc-super-qualifier-2026-06-0712843920,rc-super-qualifier,JuanNavarro14,29,21
2026-06-07,modern-rc-super-qualifier-2026-06-0712843920,rc-super-qualifier,Olle0032,30,21
2026-06-07,modern-rc-super-qualifier-2026-06-0712843920,rc-super-qualifier,DawsonCreep,31,21
2026-06-07,modern-rc-super-qualifier-2026-06-0712843920,rc-super-qualifier,Kako_Ferrer,32,21
2026-06-08,modern-challenge-32-2026-06-0812843822,challenge-32,reidq7,1,18
2026-06-08,modern-challenge-32-2026-06-0812843822,challenge-32,Misplacedginger,2,18
2026-06-08,modern-challenge-32-2026-06-0812843822,challenge-32,ryuumei,3,21
2026-06-08,modern-challenge-32-2026-06-0812843822,challenge-32,RNicoF,4,15
2026-06-08,modern-challenge-32-2026-06-0812843822,challenge-32,LucasG1ggs,5,18
2026-06-08,modern-challenge-32-2026-06-0812843822,challenge-32,LukeBrandes,6,18
2026-06-08,modern-challenge-32-2026-06-0812843822,challenge-32,Goomy_,7,15
2026-06-08,modern-challenge-32-2026-06-0812843822,challenge-32,Pugface,8,15
2026-06-08,modern-challenge-32-2026-06-0812843822,challenge-32,jessy_samek,9,15
2026-06-08,modern-challenge-32-2026-06-0812843822,challenge-32,gazmon48,10,15
2026-06-08,modern-challenge-32-2026-06-0812843822,challenge-32,FacadeJK,11,15
2026-06-08,modern-challenge-32-2026-06-0812843822,challenge-32,jvidarte,12,15
2026-06-08,modern-challenge-32-2026-06-0812843822,challenge-32,MikeEgan,13,15
2026-06-08,modern-challenge-32-2026-06-0812843822,challenge-32,aljce,14,15
2026-06-08,modern-challenge-32-2026-06-0812843822,challenge-32,TheSandwichKing,15,15
2026-06-08,modern-challenge-32-2026-06-0812843822,challenge-32,soggymeatball,16,12
2026-06-08,modern-challenge-32-2026-06-0812843822,challenge-32,Marvin_Dalkiri,17,12
2026-06-08,modern-challenge-32-2026-06-0812843822,challenge-32,WaffleWiz,18,12
2026-06-08,modern-challenge-32-2026-06-0812843822,challenge-32,aarrgh,19,12
2026-06-08,modern-challenge-32-2026-06-0812843822,challenge-32,ejk,20,12
2026-06-08,modern-challenge-32-2026-06-0812843822,challenge-32,jakobpablo,21,12
2026-06-08,modern-challenge-32-2026-06-0812843822,challenge-32,Lightspirit,22,12
2026-06-08,modern-challenge-32-2026-06-0812843822,challenge-32,rastaf,23,12
2026-06-08,modern-challenge-32-2026-06-0812843822,challenge-32,niuwaid001,24,12
2026-06-08,modern-challenge-32-2026-06-0812843822,challenge-32,Spike_spiegel01,25,12
2026-06-08,modern-challenge-32-2026-06-0812843822,challenge-32,DemianDesposito10,26,12
2026-06-08,modern-challenge-32-2026-06-0812843822,challenge-32,Bagoot,27,12
2026-06-08,modern-challenge-32-2026-06-0812843822,challenge-32,Azja,28,9
2026-06-08,modern-challenge-32-2026-06-0812843822,challenge-32,wolf2222,29,9
2026-06-08,modern-challenge-32-2026-06-0812843822,challenge-32,NerdDadChad,30,9
2026-06-08,modern-challenge-32-2026-06-0812843822,challenge-32,amin0e,31,9
2026-06-08,modern-challenge-32-2026-06-0812843822,challenge-32,cgouldner,32,9
2026-06-08,modern-challenge-64-2026-06-0812843826,challenge-64,Aced5,1,18
2026-06-08,modern-challenge-64-2026-06-0812843826,challenge-64,MeninooNey,2,18
2026-06-08,modern-challenge-64-2026-06-0812843826,challenge-64,mtbWolf,3,18
2026-06-08,modern-challenge-64-2026-06-0812843826,challenge-64,zhangkh,4,18
2026-06-08,modern-challenge-64-2026-06-0812843826,challenge-64,Takayama,5,18
2026-06-08,modern-challenge-64-2026-06-0812843826,challenge-64,DcNo,6,18
2026-06-08,modern-challenge-64-2026-06-0812843826,challenge-64,Gobern,7,18
2026-06-08,modern-challenge-64-2026-06-0812843826,challenge-64,Cool_Wave,8,18
2026-06-08,modern-challenge-64-2026-06-0812843826,challenge-64,albybale93,9,15
2026-06-08,modern-challenge-64-2026-06-0812843826,challenge-64,JJ,10,15
2026-06-08,modern-challenge-64-2026-06-0812843826,challenge-64,strgn7,11,15
2026-06-08,modern-challenge-64-2026-06-0812843826,challenge-64,EthanDaniely,12,15
2026-06-08,modern-challenge-64-2026-06-0812843826,challenge-64,Danielpena397,13,15
2026-06-08,modern-challenge-64-2026-06-0812843826,challenge-64,Laplasjan,14,15
2026-06-08,modern-challenge-64-2026-06-0812843826,challenge-64,rastaf,15,15
2026-06-08,modern-challenge-64-2026-06-0812843826,challenge-64,DelverOfBolts,16,15
2026-06-08,modern-challenge-64-2026-06-0812843826,challenge-64,ShowTime_,17,15
2026-06-08,modern-challenge-64-2026-06-0812843826,challenge-64,gabiwabiz,18,15
2026-06-08,modern-challenge-64-2026-06-0812843826,challenge-64,Fatone,19,15
2026-06-08,modern-challenge-64-2026-06-0812843826,challenge-64,JakeTMS,20,15
2026-06-08,modern-challenge-64-2026-06-0812843826,challenge-64,KingHairy,21,15
2026-06-08,modern-challenge-64-2026-06-0812843826,challenge-64,aarrgh,22,15
2026-06-08,modern-challenge-64-2026-06-0812843826,challenge-64,Jumba,23,15
2026-06-08,modern-challenge-64-2026-06-0812843826,challenge-64,MikeEgan,24,15
2026-06-08,modern-challenge-64-2026-06-0812843826,challenge-64,GWT,25,12
2026-06-08,modern-challenge-64-2026-06-0812843826,challenge-64,Young_Shaman,26,12
2026-06-08,modern-challenge-64-2026-06-0812843826,challenge-64,Pleyboy,27,12
2026-06-08,modern-challenge-64-2026-06-0812843826,challenge-64,Rvng,28,12
2026-06-08,modern-challenge-64-2026-06-0812843826,challenge-64,fudgems,29,12
2026-06-08,modern-challenge-64-2026-06-0812843826,challenge-64,Devoured,30,12
2026-06-08,modern-challenge-64-2026-06-0812843826,challenge-64,albertoSD,31,12
2026-06-08,modern-challenge-64-2026-06-0812843826,challenge-64,KelMasterP,32,12
2026-06-08,modern-league-2026-06-0810628,league,Apeliotes,,
2026-06-08,modern-league-2026-06-0810628,league,Arcbound_Papi,,
2026-06-08,modern-league-2026-06-0810628,league,Argentorum,,
2026-06-08,modern-league-2026-06-0810628,league,ChuChuMTFKR,,
2026-06-08,modern-league-2026-06-0810628,league,Corkyboyy,,
2026-06-08,modern-league-2026-06-0810628,league,CrepesForLife,,
2026-06-08,modern-league-2026-06-0810628,league,DB_Control4Daze,,
2026-06-08,modern-league-2026-06-0810628,league,Dockhack,,
2026-06-08,modern-league-2026-06-0810628,league,DrWhiteFace,,
2026-06-08,modern-league-2026-06-0810628,league,Durotan97,,
2026-06-08,modern-league-2026-06-0810628,league,Edel,,
2026-06-08,modern-league-2026-06-0810628,league,FrankDallas22,,
2026-06-08,modern-league-2026-06-0810628,league,GLince,,
2026-06-08,modern-league-2026-06-0810628,league,GammelJoghurt,,
2026-06-08,modern-league-2026-06-0810628,league,GanYanCHN,,
2026-06-08,modern-league-2026-06-0810628,league,GingerGuy83,,
2026-06-08,modern-league-2026-06-0810628,league,Haiwa,,
2026-06-08,modern-league-2026-06-0810628,league,Helpingdotdek,,
2026-06-08,modern-league-2026-06-0810628,league,IronFather85,,
2026-06-08,modern-league-2026-06-0810628,league,JeromeAlce,,
2026-06-08,modern-league-2026-06-0810628,league,Kartoffelman,,
2026-06-08,modern-league-2026-06-0810628,league,Loga_rithm,,
2026-06-08,modern-league-2026-06-0810628,league,MatsOle,,
2026-06-08,modern-league-2026-06-0810628,league,Matt_M_H,,
2026-06-08,modern-league-2026-06-0810628,league,Mattmatic,,
2026-06-08,modern-league-2026-06-0810628,league,Mattorenticopedro1,,
2026-06-08,modern-league-2026-06-0810628,league,MikeOxlittle,,
2026-06-08,modern-league-2026-06-0810628,league,Mogged,,
2026-06-08,modern-league-2026-06-0810628,league,Mr_Conor_Hughes,,
2026-06-08,modern-league-2026-06-0810628,league,NathanOfTheGiltLeaf,,
2026-06-08,modern-league-2026-06-0810628,league,Nicopanico,,
2026-06-08,modern-league-2026-06-0810628,league,Niko237,,
2026-06-08,modern-league-2026-06-0810628,league,Niroval,,
2026-06-08,modern-league-2026-06-0810628,league,Off1ine__,,
2026-06-08,modern-league-2026-06-0810628,league,PtyLtd,,
2026-06-08,modern-league-2026-06-0810628,league,RespectTheDog,,
2026-06-08,modern-league-2026-06-0810628,league,Rhyfelwyr,,
2026-06-08,modern-league-2026-06-0810628,league,Rudokant,,
2026-06-08,modern-league-2026-06-0810628,league,SaoMungKai,,
2026-06-08,modern-league-2026-06-0810628,league,Sonkerz,,
2026-06-08,modern-league-2026-06-0810628,league,Spezzagatti23,,
2026-06-08,modern-league-2026-06-0810628,league,Spy_1,,
2026-06-08,modern-league-2026-06-0810628,league,Tobizzle83,,
2026-06-08,modern-league-2026-06-0810628,league,Tomathus,,
2026-06-08,modern-league-2026-06-0810628,league,TronTurn3,,
2026-06-08,modern-league-2026-06-0810628,league,Valident,,
2026-06-08,modern-league-2026-06-0810628,league,Viruje,,
2026-06-08,modern-league-2026-06-0810628,league,WaffleWiz,,
2026-06-08,modern-league-2026-06-0810628,league,Wischingas,,
2026-06-08,modern-league-2026-06-0810628,league,Xwhale,,
2026-06-08,modern-league-2026-06-0810628,league,Ziene,,
2026-06-08,modern-league-2026-06-0810628,league,akwz,,
2026-06-08,modern-league-2026-06-0810628,league,azax,,
2026-06-08,modern-league-2026-06-0810628,league,bubblywubblytubbler,,
2026-06-08,modern-league-2026-06-0810628,league,cambrey,,
2026-06-08,modern-league-2026-06-0810628,league,chagu,,
2026-06-08,modern-league-2026-06-0810628,league,chaoxu,,
2026-06-08,modern-league-2026-06-0810628,league,gingeralegames,,
2026-06-08,modern-league-2026-06-0810628,league,ipshow,,
2026-06-08,modern-league-2026-06-0810628,league,josemasalteras,,
2026-06-08,modern-league-2026-06-0810628,league,klossi815,,
2026-06-08,modern-league-2026-06-0810628,league,kyuby899,,
2026-06-08,modern-league-2026-06-0810628,league,leo5873,,
2026-06-08,modern-league-2026-06-0810628,league,maear,,
2026-06-08,modern-league-2026-06-0810628,league,pjtor85,,
2026-06-08,modern-league-2026-06-0810628,league,rafp,,
2026-06-08,modern-league-2026-06-0810628,league,renatoaraujo,,
2026-06-08,modern-league-2026-06-0810628,league,rinri-,,
2026-06-08,modern-league-2026-06-0810628,league,solaec0501,,
2026-06-08,modern-league-2026-06-0810628,league,teichou_aisu,,
2026-06-08,modern-league-2026-06-0810628,league,undique,,
2026-06-08,modern-league-2026-06-0810628,league,ventur3,,
2026-06-08,modern-league-2026-06-0810628,league,zivanski,,
2026-06-09,modern-challenge-64-2026-06-0912843841,challenge-64,nahuel10,1,21
2026-06-09,modern-challenge-64-2026-06-0912843841,challenge-64,Odin2015,2,18
2026-06-09,modern-challenge-64-2026-06-0912843841,challenge-64,Deucebuckbuck,3,18
2026-06-09,modern-challenge-64-2026-06-0912843841,challenge-64,Misplacedginger,4,18
2026-06-09,modern-challenge-64-2026-06-0912843841,challenge-64,NathanOfTheGiltLeaf,5,18
2026-06-09,modern-challenge-64-2026-06-0912843841,challenge-64,duke12,6,18
2026-06-09,modern-challenge-64-2026-06-0912843841,challenge-64,Bawer,7,15
2026-06-09,modern-challenge-64-2026-06-0912843841,challenge-64,GothMuse,8,15
2026-06-09,modern-challenge-64-2026-06-0912843841,challenge-64,MaeMtg,9,15
2026-06-09,modern-challenge-64-2026-06-0912843841,challenge-64,PieGonti,10,15
2026-06-09,modern-challenge-64-2026-06-0912843841,challenge-64,DB_cntrlfreak_ttv,11,15
2026-06-09,modern-challenge-64-2026-06-0912843841,challenge-64,HouseOfManaMTG,12,15
2026-06-09,modern-challenge-64-2026-06-0912843841,challenge-64,DeepDisherino,13,15
2026-06-09,modern-challenge-64-2026-06-0912843841,challenge-64,GinkoHS,14,15
2026-06-09,modern-challenge-64-2026-06-0912843841,challenge-64,FrankHolmquist,15,15
2026-06-09,modern-challenge-64-2026-06-0912843841,challenge-64,Nammersquats,16,15
2026-06-09,modern-challenge-64-2026-06-0912843841,challenge-64,Martin_Dominguez,17,15
2026-06-09,modern-challenge-64-2026-06-0912843841,challenge-64,SolteiOManete,18,15
2026-06-09,modern-challenge-64-2026-06-0912843841,challenge-64,Aced5,19,15
2026-06-09,modern-challenge-64-2026-06-0912843841,challenge-64,qx-xb,20,15
2026-06-09,modern-challenge-64-2026-06-0912843841,challenge-64,SoulStrong,21,15
2026-06-09,modern-challenge-64-2026-06-0912843841,challenge-64,IronBeagle,22,12
2026-06-09,modern-challenge-64-2026-06-0912843841,challenge-64,mcertain,23,12
2026-06-09,modern-challenge-64-2026-06-0912843841,challenge-64,soggymeatball,24,12
2026-06-09,modern-challenge-64-2026-06-0912843841,challenge-64,MyrRetriever,25,12
2026-06-09,modern-challenge-64-2026-06-0912843841,challenge-64,RNicoF,26,12
2026-06-09,modern-challenge-64-2026-06-0912843841,challenge-64,TuckerMTG,27,12
2026-06-09,modern-challenge-64-2026-06-0912843841,challenge-64,Porks,28,12
2026-06-09,modern-challenge-64-2026-06-0912843841,challenge-64,Mortaa,29,12
2026-06-09,modern-challenge-64-2026-06-0912843841,challenge-64,Kollslaw,30,12
2026-06-09,modern-challenge-64-2026-06-0912843841,challenge-64,Tinker_deck,31,12
2026-06-09,modern-challenge-64-2026-06-0912843841,challenge-64,JuanmaAT,32,12
2026-06-09,modern-league-2026-06-0910628,league,10189011,,
2026-06-09,modern-league-2026-06-0910628,league,4c_PolG,,
2026-06-09,modern-league-2026-06-0910628,league,AleGori,,
2026-06-09,modern-league-2026-06-0910628,league,Alozzk,,
2026-06-09,modern-league-2026-06-0910628,league,Andskoti,,
2026-06-09,modern-league-2026-06-0910628,league,Apeliotes,,
2026-06-09,modern-league-2026-06-0910628,league,BLJ,,
2026-06-09,modern-league-2026-06-0910628,league,Bugsy69,,
2026-06-09,modern-league-2026-06-0910628,league,ChJet,,
2026-06-09,modern-league-2026-06-0910628,league,DB_CalmMirror,,
2026-06-09,modern-league-2026-06-0910628,league,Dooter611,,
2026-06-09,modern-league-2026-06-0910628,league,Dragonfly99,,
2026-06-09,modern-league-2026-06-0910628,league,E90_DeliveryBoy,,
2026-06-09,modern-league-2026-06-0910628,league,Edel,,
2026-06-09,modern-league-2026-06-0910628,league,Evariel,,
2026-06-09,modern-league-2026-06-0910628,league,HtoH,,
2026-06-09,modern-league-2026-06-0910628,league,IlProfessore,,
2026-06-09,modern-league-2026-06-0910628,league,IntrepidZero,,
2026-06-09,modern-league-2026-06-0910628,league,IronFather85,,
2026-06-09,modern-league-2026-06-0910628,league,JahBoodle,,
2026-06-09,modern-league-2026-06-0910628,league,Jrcitizen,,
2026-06-09,modern-league-2026-06-0910628,league,Longsleeves,,
2026-06-09,modern-league-2026-06-0910628,league,Lufia,,
2026-06-09,modern-league-2026-06-0910628,league,LukeTurner88,,
2026-06-09,modern-league-2026-06-0910628,league,Luo_Mew,,
2026-06-09,modern-league-2026-06-0910628,league,Marvelman123,,
2026-06-09,modern-league-2026-06-0910628,league,Mooshack,,
2026-06-09,modern-league-2026-06-0910628,league,PTarts2win,,
2026-06-09,modern-league-2026-06-0910628,league,Persius,,
2026-06-09,modern-league-2026-06-0910628,league,Pleyboy,,
2026-06-09,modern-league-2026-06-0910628,league,RespectTheDog,,
2026-06-09,modern-league-2026-06-0910628,league,Rhast0r,,
2026-06-09,modern-league-2026-06-0910628,league,SchwiftySchleeps,,
2026-06-09,modern-league-2026-06-0910628,league,TheColorOfBoom,,
2026-06-09,modern-league-2026-06-0910628,league,TheRealestDeal,,
2026-06-09,modern-league-2026-06-0910628,league,Videgain,,
2026-06-09,modern-league-2026-06-0910628,league,Wing1110,,
2026-06-09,modern-league-2026-06-0910628,league,Yanatoy,,
2026-06-09,modern-league-2026-06-0910628,league,Yarfangel,,
2026-06-09,modern-league-2026-06-0910628,league,akitarna,,
2026-06-09,modern-league-2026-06-0910628,league,astarisk,,
2026-06-09,modern-league-2026-06-0910628,league,betterleavetown,,
2026-06-09,modern-league-2026-06-0910628,league,bobthedog,,
2026-06-09,modern-league-2026-06-0910628,league,cadaverousbloomer,,
2026-06-09,modern-league-2026-06-0910628,league,cgouldner,,
2026-06-09,modern-league-2026-06-0910628,league,chicagofan,,
2026-06-09,modern-league-2026-06-0910628,league,eneges,,
2026-06-09,modern-league-2026-06-0910628,league,esatheking,,
2026-06-09,modern-league-2026-06-0910628,league,fullerluke30,,
2026-06-09,modern-league-2026-06-0910628,league,goldenlumber,,
2026-06-09,modern-league-2026-06-0910628,league,gurtmcgee,,
2026-06-09,modern-league-2026-06-0910628,league,homsar52,,
2026-06-09,modern-league-2026-06-0910628,league,k9inthetardis,,
2026-06-09,modern-league-2026-06-0910628,league,kspgigabyte,,
2026-06-09,modern-league-2026-06-0910628,league,kthanakit26,,
2026-06-09,modern-league-2026-06-0910628,league,kyrre2013,,
2026-06-09,modern-league-2026-06-0910628,league,leandru,,
2026-06-09,modern-league-2026-06-0910628,league,linkintoxic,,
2026-06-09,modern-league-2026-06-0910628,league,mtgobazaar8,,
2026-06-09,modern-league-2026-06-0910628,league,nahuel10,,
2026-06-09,modern-league-2026-06-0910628,league,okuitsu,,
2026-06-09,modern-league-2026-06-0910628,league,rastaf,,
2026-06-09,modern-league-2026-06-0910628,league,redryansox,,
2026-06-09,modern-league-2026-06-0910628,league,weezerologist,,
2026-06-10,modern-challenge-64-2026-06-1012843851,challenge-64,MJ_23,1,21
2026-06-10,modern-challenge-64-2026-06-1012843851,challenge-64,Rvng,2,18
2026-06-10,modern-challenge-64-2026-06-1012843851,challenge-64,SomethinStupid,3,18
2026-06-10,modern-challenge-64-2026-06-1012843851,challenge-64,i_b_TRUE,4,18
2026-06-10,modern-challenge-64-2026-06-1012843851,challenge-64,haveaboavida,5,18
2026-06-10,modern-challenge-64-2026-06-1012843851,challenge-64,leandru,6,18
2026-06-10,modern-challenge-64-2026-06-1012843851,challenge-64,DJK3V1N,7,18
2026-06-10,modern-challenge-64-2026-06-1012843851,challenge-64,levunga21,8,15
2026-06-10,modern-challenge-64-2026-06-1012843851,challenge-64,Croco-polarbear,9,15
2026-06-10,modern-challenge-64-2026-06-1012843851,challenge-64,yuvyuv03,10,15
2026-06-10,modern-challenge-64-2026-06-1012843851,challenge-64,Chichichi,11,15
2026-06-10,modern-challenge-64-2026-06-1012843851,challenge-64,therock988,12,15
2026-06-10,modern-challenge-64-2026-06-1012843851,challenge-64,Odin2015,13,15
2026-06-10,modern-challenge-64-2026-06-1012843851,challenge-64,MrPippin,14,15
2026-06-10,modern-challenge-64-2026-06-1012843851,challenge-64,HideOnShish,15,15
2026-06-10,modern-challenge-64-2026-06-1012843851,challenge-64,Moe12,16,15
2026-06-10,modern-challenge-64-2026-06-1012843851,challenge-64,akwz,17,15
2026-06-10,modern-challenge-64-2026-06-1012843851,challenge-64,McWinSauce,18,15
2026-06-10,modern-challenge-64-2026-06-1012843851,challenge-64,Johnny_Hobbs,19,15
2026-06-10,modern-challenge-64-2026-06-1012843851,challenge-64,harlouuk,20,15
2026-06-10,modern-challenge-64-2026-06-1012843851,challenge-64,ShadowTitan1,21,15
2026-06-10,modern-challenge-64-2026-06-1012843851,challenge-64,Ryuzaki0,22,15
2026-06-10,modern-challenge-64-2026-06-1012843851,challenge-64,TomBombadi1,23,15
2026-06-10,modern-challenge-64-2026-06-1012843851,challenge-64,Capitano_CL,24,15
2026-06-10,modern-challenge-64-2026-06-1012843851,challenge-64,Backoff,25,15
2026-06-10,modern-challenge-64-2026-06-1012843851,challenge-64,nahuel10,26,15
2026-06-10,modern-challenge-64-2026-06-1012843851,challenge-64,UninspiredMehjagic,27,12
2026-06-10,modern-challenge-64-2026-06-1012843851,challenge-64,JPA93,28,12
2026-06-10,modern-challenge-64-2026-06-1012843851,challenge-64,Aldreen,29,12
2026-06-10,modern-challenge-64-2026-06-1012843851,challenge-64,xfile,30,12
2026-06-10,modern-challenge-64-2026-06-1012843851,challenge-64,Aced5,31,12
2026-06-10,modern-challenge-64-2026-06-1012843851,challenge-64,Mldyss,32,12
2026-06-10,modern-league-2026-06-1010628,league,41krid,,
2026-06-10,modern-league-2026-06-1010628,league,6argamel,,
2026-06-10,modern-league-2026-06-1010628,league,AchtungSchaaf827,,
2026-06-10,modern-league-2026-06-1010628,league,AlexanderRosdahl,,
2026-06-10,modern-league-2026-06-1010628,league,AlpInco,,
2026-06-10,modern-league-2026-06-1010628,league,Andrea_Paglialunga,,
2026-06-10,modern-league-2026-06-1010628,league,Argi99,,
2026-06-10,modern-league-2026-06-1010628,league,Ashbrown,,
2026-06-10,modern-league-2026-06-1010628,league,Aster_974,,
2026-06-10,modern-league-2026-06-1010628,league,AzureMoon,,
2026-06-10,modern-league-2026-06-1010628,league,BENTO_,,
2026-06-10,modern-league-2026-06-1010628,league,Baku_91,,
2026-06-10,modern-league-2026-06-1010628,league,Bring_back_affinity,,
2026-06-10,modern-league-2026-06-1010628,league,Corkyboyy,,
2026-06-10,modern-league-2026-06-1010628,league,Craig_Long123,,
2026-06-10,modern-league-2026-06-1010628,league,DB_d00mwake,,
2026-06-10,modern-league-2026-06-1010628,league,Da_Ruas7,,
2026-06-10,modern-league-2026-06-1010628,league,DarkShadow99,,
2026-06-10,modern-league-2026-06-1010628,league,DonEnrique,,
2026-06-10,modern-league-2026-06-1010628,league,FlxEx,,
2026-06-10,modern-league-2026-06-1010628,league,Gabriell86,,
2026-06-10,modern-league-2026-06-1010628,league,Gambit929,,
2026-06-10,modern-league-2026-06-1010628,league,GingerGuy83,,
2026-06-10,modern-league-2026-06-1010628,league,Gxs3v3n,,
2026-06-10,modern-league-2026-06-1010628,league,HA0N,,
2026-06-10,modern-league-2026-06-1010628,league,HDG_BorisE,,
2026-06-10,modern-league-2026-06-1010628,league,Hravv,,
2026-06-10,modern-league-2026-06-1010628,league,Hyper,,
2026-06-10,modern-league-2026-06-1010628,league,Hypsh,,
2026-06-10,modern-league-2026-06-1010628,league,IanHoff,,
2026-06-10,modern-league-2026-06-1010628,league,Jack-Z,,
2026-06-10,modern-league-2026-06-1010628,league,JeromeAlce,,
2026-06-10,modern-league-2026-06-1010628,league,JoaoCelestini,,
2026-06-10,modern-league-2026-06-1010628,league,Joao_Andrade,,
2026-06-10,modern-league-2026-06-1010628,league,KangarooDrew,,
2026-06-10,modern-league-2026-06-1010628,league,KevinJWang,,
2026-06-10,modern-league-2026-06-1010628,league,LeandroKopke,,
2026-06-10,modern-league-2026-06-1010628,league,Ledime1,,
2026-06-10,modern-league-2026-06-1010628,league,LukeTurner88,,
2026-06-10,modern-league-2026-06-1010628,league,Mattorenticopedro1,,
2026-06-10,modern-league-2026-06-1010628,league,Max_Hersch,,
2026-06-10,modern-league-2026-06-1010628,league,Peanut858,,
2026-06-10,modern-league-2026-06-1010628,league,PtyLtd,,
2026-06-10,modern-league-2026-06-1010628,league,RedBasilisk,,
2026-06-10,modern-league-2026-06-1010628,league,SamuMtg,,
2026-06-10,modern-league-2026-06-1010628,league,SchwiftySchleeps,,
2026-06-10,modern-league-2026-06-1010628,league,Shardless_Agent,,
2026-06-10,modern-league-2026-06-1010628,league,Sharkcaster_Mage,,
2026-06-10,modern-league-2026-06-1010628,league,Skavout,,
2026-06-10,modern-league-2026-06-1010628,league,SkyllaMTG,,
2026-06-10,modern-league-2026-06-1010628,league,SmoothDawwg,,
2026-06-10,modern-league-2026-06-1010628,league,SuperGoldenKapoutain,,
2026-06-10,modern-league-2026-06-1010628,league,Tarmofaeries,,
2026-06-10,modern-league-2026-06-1010628,league,Tasigurr,,
2026-06-10,modern-league-2026-06-1010628,league,Tasigurr,,
2026-06-10,modern-league-2026-06-1010628,league,Thagol,,
2026-06-10,modern-league-2026-06-1010628,league,Vago_1,,
2026-06-10,modern-league-2026-06-1010628,league,Valident,,
2026-06-10,modern-league-2026-06-1010628,league,Xanzure,,
2026-06-10,modern-league-2026-06-1010628,league,Zeect,,
2026-06-10,modern-league-2026-06-1010628,league,Zorro7x4,,
2026-06-10,modern-league-2026-06-1010628,league,_Atogatog_,,
2026-06-10,modern-league-2026-06-1010628,league,_Tia93_,,
2026-06-10,modern-league-2026-06-1010628,league,acelerado440,,
2026-06-10,modern-league-2026-06-1010628,league,albey1234,,
2026-06-10,modern-league-2026-06-1010628,league,arturcosta,,
2026-06-10,modern-league-2026-06-1010628,league,brag1,,
2026-06-10,modern-league-2026-06-1010628,league,careninho,,
2026-06-10,modern-league-2026-06-1010628,league,chachibuoh,,
2026-06-10,modern-league-2026-06-1010628,league,choccy_milk,,
2026-06-10,modern-league-2026-06-1010628,league,fart_sniffer_93,,
2026-06-10,modern-league-2026-06-1010628,league,groot02,,
2026-06-10,modern-league-2026-06-1010628,league,gurtmcgee,,
2026-06-10,modern-league-2026-06-1010628,league,henhen3000,,
2026-06-10,modern-league-2026-06-1010628,league,ipshow,,
2026-06-10,modern-league-2026-06-1010628,league,joohyun,,
2026-06-10,modern-league-2026-06-1010628,league,kanister,,
2026-06-10,modern-league-2026-06-1010628,league,kePs,,
2026-06-10,modern-league-2026-06-1010628,league,kyporioth,,
2026-06-10,modern-league-2026-06-1010628,league,maimai13,,
2026-06-10,modern-league-2026-06-1010628,league,mtbWolf,,
2026-06-10,modern-league-2026-06-1010628,league,oolong-chan,,
2026-06-10,modern-league-2026-06-1010628,league,qtaro,,
2026-06-10,modern-league-2026-06-1010628,league,shown117,,
2026-06-10,modern-league-2026-06-1010628,league,swff,,
2026-06-10,modern-league-2026-06-1010628,league,tamegorooo,,
2026-06-10,modern-league-2026-06-1010628,league,toondoslav,,
2026-06-10,modern-league-2026-06-1010628,league,wolf2222,,
2026-06-10,modern-league-2026-06-1010628,league,yunk3r,,
2026-06-11,modern-challenge-64-2026-06-1112844290,challenge-64,toondoslav,1,18
2026-06-11,modern-challenge-64-2026-06-1112844290,challenge-64,GWT,2,15
2026-06-11,modern-challenge-64-2026-06-1112844290,challenge-64,Capitano_CL,3,18
2026-06-11,modern-challenge-64-2026-06-1112844290,challenge-64,Corkyboyy,4,18
2026-06-11,modern-challenge-64-2026-06-1112844290,challenge-64,LordEgg,5,21
2026-06-11,modern-challenge-64-2026-06-1112844290,challenge-64,Aced5,6,18
2026-06-11,modern-challenge-64-2026-06-1112844290,challenge-64,AlexanderRosdahl,7,18
2026-06-11,modern-challenge-64-2026-06-1112844290,challenge-64,Danielpena397,8,18
2026-06-11,modern-challenge-64-2026-06-1112844290,challenge-64,Koala40,9,15
2026-06-11,modern-challenge-64-2026-06-1112844290,challenge-64,bobthedog,10,15
2026-06-11,modern-challenge-64-2026-06-1112844290,challenge-64,Craig_Long123,11,15
2026-06-11,modern-challenge-64-2026-06-1112844290,challenge-64,MacIsaac,12,15
2026-06-11,modern-challenge-64-2026-06-1112844290,challenge-64,pepeteam,13,15
2026-06-11,modern-challenge-64-2026-06-1112844290,challenge-64,bearland,14,15
2026-06-11,modern-challenge-64-2026-06-1112844290,challenge-64,lilianna1989,15,15
2026-06-11,modern-challenge-64-2026-06-1112844290,challenge-64,Tinker_deck,16,15
2026-06-11,modern-challenge-64-2026-06-1112844290,challenge-64,Takayama,17,15
2026-06-11,modern-challenge-64-2026-06-1112844290,challenge-64,ShikiXYZ,18,15
2026-06-11,modern-challenge-64-2026-06-1112844290,challenge-64,Xerk,19,15
2026-06-11,modern-challenge-64-2026-06-1112844290,challenge-64,rastaf,20,15
2026-06-11,modern-challenge-64-2026-06-1112844290,challenge-64,arturcosta,21,15
2026-06-11,modern-challenge-64-2026-06-1112844290,challenge-64,soggymeatball,22,15
2026-06-11,modern-challenge-64-2026-06-1112844290,challenge-64,RCMerriam,23,15
2026-06-11,modern-challenge-64-2026-06-1112844290,challenge-64,Chadderk,24,15
2026-06-11,modern-challenge-64-2026-06-1112844290,challenge-64,Lightspirit,25,12
2026-06-11,modern-challenge-64-2026-06-1112844290,challenge-64,Rvng,26,12
2026-06-11,modern-challenge-64-2026-06-1112844290,challenge-64,Alakai,27,12
2026-06-11,modern-challenge-64-2026-06-1112844290,challenge-64,Jumba,28,12
2026-06-11,modern-challenge-64-2026-06-1112844290,challenge-64,gabiwabiz,29,12
2026-06-11,modern-challenge-64-2026-06-1112844290,challenge-64,Durotan97,30,12
2026-06-11,modern-challenge-64-2026-06-1112844290,challenge-64,Odin2015,31,12
2026-06-11,modern-challenge-64-2026-06-1112844290,challenge-64,Brunes,32,12
2026-06-11,modern-league-2026-06-1110628,league,-=Alfa=-,,
2026-06-11,modern-league-2026-06-1110628,league,Apeliotes,,
2026-06-11,modern-league-2026-06-1110628,league,Baku_91,,
2026-06-11,modern-league-2026-06-1110628,league,Blahh8000,,
2026-06-11,modern-league-2026-06-1110628,league,Blindside09,,
2026-06-11,modern-league-2026-06-1110628,league,Boulderer,,
2026-06-11,modern-league-2026-06-1110628,league,CoachMTG,,
2026-06-11,modern-league-2026-06-1110628,league,Comrade1312,,
2026-06-11,modern-league-2026-06-1110628,league,DB_Mengu,,
2026-06-11,modern-league-2026-06-1110628,league,DJac,,
2026-06-11,modern-league-2026-06-1110628,league,Darth_Vaner,,
2026-06-11,modern-league-2026-06-1110628,league,DethFrmAbove,,
2026-06-11,modern-league-2026-06-1110628,league,DonEnrique,,
2026-06-11,modern-league-2026-06-1110628,league,Downfall89,,
2026-06-11,modern-league-2026-06-1110628,league,Edel,,
2026-06-11,modern-league-2026-06-1110628,league,EridanAmpora,,
2026-06-11,modern-league-2026-06-1110628,league,Galathehutt,,
2026-06-11,modern-league-2026-06-1110628,league,GigaChadSigmaMale,,
2026-06-11,modern-league-2026-06-1110628,league,HoldTheElle,,
2026-06-11,modern-league-2026-06-1110628,league,IronBeagle,,
2026-06-11,modern-league-2026-06-1110628,league,JahBoodle,,
2026-06-11,modern-league-2026-06-1110628,league,KevinCon,,
2026-06-11,modern-league-2026-06-1110628,league,KingDuck15,,
2026-06-11,modern-league-2026-06-1110628,league,Kritik,,
2026-06-11,modern-league-2026-06-1110628,league,Kzrds,,
2026-06-11,modern-league-2026-06-1110628,league,LC9221,,
2026-06-11,modern-league-2026-06-1110628,league,LakadMatataaag,,
2026-06-11,modern-league-2026-06-1110628,league,Leroy_Kilack,,
2026-06-11,modern-league-2026-06-1110628,league,MikeOxlittle,,
2026-06-11,modern-league-2026-06-1110628,league,Misplacedginger,,
2026-06-11,modern-league-2026-06-1110628,league,Mtyrant,,
2026-06-11,modern-league-2026-06-1110628,league,NJGB1,,
2026-06-11,modern-league-2026-06-1110628,league,PurpleSlime,,
2026-06-11,modern-league-2026-06-1110628,league,RespectTheDog,,
2026-06-11,modern-league-2026-06-1110628,league,RustysPikachu,,
2026-06-11,modern-league-2026-06-1110628,league,Slushycard,,
2026-06-11,modern-league-2026-06-1110628,league,SmoothDawwg,,
2026-06-11,modern-league-2026-06-1110628,league,SrDurum,,
2026-06-11,modern-league-2026-06-1110628,league,SteveKnack,,
2026-06-11,modern-league-2026-06-1110628,league,SuperGoldenKapoutain,,
2026-06-11,modern-league-2026-06-1110628,league,TOP_AI,,
2026-06-11,modern-league-2026-06-1110628,league,TSMJustice,,
2026-06-11,modern-league-2026-06-1110628,league,TheColorOfBoom,,
2026-06-11,modern-league-2026-06-1110628,league,TheTunnelingCat,,
2026-06-11,modern-league-2026-06-1110628,league,TomCairns,,
2026-06-11,modern-league-2026-06-1110628,league,TrueHero,,
2026-06-11,modern-league-2026-06-1110628,league,Ururur,,
2026-06-11,modern-league-2026-06-1110628,league,dack_fayden07,,
2026-06-11,modern-league-2026-06-1110628,league,gazmon48,,
2026-06-11,modern-league-2026-06-1110628,league,gm_95,,
2026-06-11,modern-league-2026-06-1110628,league,henhen3000,,
2026-06-11,modern-league-2026-06-1110628,league,jbspec3,,
2026-06-11,modern-league-2026-06-1110628,league,jontih,,
2026-06-11,modern-league-2026-06-1110628,league,joohyun,,
2026-06-11,modern-league-2026-06-1110628,league,jorelm510,,
2026-06-11,modern-league-2026-06-1110628,league,littlebinboy,,
2026-06-11,modern-league-2026-06-1110628,league,lttillman,,
2026-06-11,modern-league-2026-06-1110628,league,oskiyaa,,
2026-06-11,modern-league-2026-06-1110628,league,paynyos0232,,
2026-06-11,modern-league-2026-06-1110628,league,pedrofi,,
2026-06-11,modern-league-2026-06-1110628,league,stefansson30952,,
2026-06-11,modern-league-2026-06-1110628,league,sultai4lyfe,,
2026-06-11,modern-league-2026-06-1110628,league,taku123,,
2026-06-11,modern-league-2026-06-1110628,league,tennisStar99,,
2026-06-11,modern-league-2026-06-1110628,league,thememans,,
2026-06-11,modern-league-2026-06-1110628,league,truenamenemesi,,
2026-06-11,modern-league-2026-06-1110628,league,zveibil,,
2026-06-12,modern-challenge-64-2026-06-1212844307,challenge-64,jussupinator,1,18
2026-06-12,modern-challenge-64-2026-06-1212844307,challenge-64,Young_Shaman,2,18
2026-06-12,modern-challenge-64-2026-06-1212844307,challenge-64,Xenowan,3,21
2026-06-12,modern-challenge-64-2026-06-1212844307,challenge-64,Aced5,4,18
2026-06-12,modern-challenge-64-2026-06-1212844307,challenge-64,John1111,5,18
2026-06-12,modern-challenge-64-2026-06-1212844307,challenge-64,LucasG1ggs,6,18
2026-06-12,modern-challenge-64-2026-06-1212844307,challenge-64,RCMerriam,7,18
2026-06-12,modern-challenge-64-2026-06-1212844307,challenge-64,GregorV,8,15
2026-06-12,modern-challenge-64-2026-06-1212844307,challenge-64,DrPP,9,15
2026-06-12,modern-challenge-64-2026-06-1212844307,challenge-64,Kollslaw,10,15
2026-06-12,modern-challenge-64-2026-06-1212844307,challenge-64,eresopacaso,11,15
2026-06-12,modern-challenge-64-2026-06-1212844307,challenge-64,daxerz,12,15
2026-06-12,modern-challenge-64-2026-06-1212844307,challenge-64,1OR513N86,13,15
2026-06-12,modern-challenge-64-2026-06-1212844307,challenge-64,Azja,14,15
2026-06-12,modern-challenge-64-2026-06-1212844307,challenge-64,strgn7,15,15
2026-06-12,modern-challenge-64-2026-06-1212844307,challenge-64,Danielpena397,16,15
2026-06-12,modern-challenge-64-2026-06-1212844307,challenge-64,AgentLion09,17,15
2026-06-12,modern-challenge-64-2026-06-1212844307,challenge-64,aspiringspike,18,15
2026-06-12,modern-challenge-64-2026-06-1212844307,challenge-64,hugofreitas1,19,15
2026-06-12,modern-challenge-64-2026-06-1212844307,challenge-64,Cyberpunker,20,15
2026-06-12,modern-challenge-64-2026-06-1212844307,challenge-64,jbspec3,21,15
2026-06-12,modern-challenge-64-2026-06-1212844307,challenge-64,mei0024,22,15
2026-06-12,modern-challenge-64-2026-06-1212844307,challenge-64,ashame,23,15
2026-06-12,modern-challenge-64-2026-06-1212844307,challenge-64,IDontNeedAName,24,12
2026-06-12,modern-challenge-64-2026-06-1212844307,challenge-64,Rvng,25,12
2026-06-12,modern-challenge-64-2026-06-1212844307,challenge-64,Corkyboyy,26,12
2026-06-12,modern-challenge-64-2026-06-1212844307,challenge-64,FrankHolmquist,27,12
2026-06-12,modern-challenge-64-2026-06-1212844307,challenge-64,Thunderstriker7,28,12
2026-06-12,modern-challenge-64-2026-06-1212844307,challenge-64,Matts,29,12
2026-06-12,modern-challenge-64-2026-06-1212844307,challenge-64,tibalt_of_red_sub,30,12
2026-06-12,modern-challenge-64-2026-06-1212844307,challenge-64,ott1810,31,12
2026-06-12,modern-challenge-64-2026-06-1212844307,challenge-64,Porks,32,12
2026-06-12,modern-league-2026-06-1210628,league,ACE9K,,
2026-06-12,modern-league-2026-06-1210628,league,AJOCHUM,,
2026-06-12,modern-league-2026-06-1210628,league,BLMMM,,
2026-06-12,modern-league-2026-06-1210628,league,DJStillio,,
2026-06-12,modern-league-2026-06-1210628,league,DLJeff,,
2026-06-12,modern-league-2026-06-1210628,league,DMLK,,
2026-06-12,modern-league-2026-06-1210628,league,Darth_Vaner,,
2026-06-12,modern-league-2026-06-1210628,league,Denmark_Dan,,
2026-06-12,modern-league-2026-06-1210628,league,Dingo34,,
2026-06-12,modern-league-2026-06-1210628,league,DirtyHaribo,,
2026-06-12,modern-league-2026-06-1210628,league,DrCrust,,
2026-06-12,modern-league-2026-06-1210628,league,ErMagoFramiro,,
2026-06-12,modern-league-2026-06-1210628,league,Eyelash,,
2026-06-12,modern-league-2026-06-1210628,league,Grafec,,
2026-06-12,modern-league-2026-06-1210628,league,Grafec,,
2026-06-12,modern-league-2026-06-1210628,league,HelpfulHobo,,
2026-06-12,modern-league-2026-06-1210628,league,HelpfulHobo,,
2026-06-12,modern-league-2026-06-1210628,league,JakeTMS,,
2026-06-12,modern-league-2026-06-1210628,league,JeromeFrancisco,,
2026-06-12,modern-league-2026-06-1210628,league,JubyTheDwarf,,
2026-06-12,modern-league-2026-06-1210628,league,KangXiaotian,,
2026-06-12,modern-league-2026-06-1210628,league,KennyM,,
2026-06-12,modern-league-2026-06-1210628,league,Kollslaw,,
2026-06-12,modern-league-2026-06-1210628,league,Kvoth3MTG,,
2026-06-12,modern-league-2026-06-1210628,league,LC9221,,
2026-06-12,modern-league-2026-06-1210628,league,Makia,,
2026-06-12,modern-league-2026-06-1210628,league,Marcalzer,,
2026-06-12,modern-league-2026-06-1210628,league,Marcalzer,,
2026-06-12,modern-league-2026-06-1210628,league,Matt_M_H,,
2026-06-12,modern-league-2026-06-1210628,league,MrCafouillette,,
2026-06-12,modern-league-2026-06-1210628,league,Odin2015,,
2026-06-12,modern-league-2026-06-1210628,league,ParinorMTG,,
2026-06-12,modern-league-2026-06-1210628,league,PhantasmalBear,,
2026-06-12,modern-league-2026-06-1210628,league,PraiseAqua,,
2026-06-12,modern-league-2026-06-1210628,league,Profnatedogsc,,
2026-06-12,modern-league-2026-06-1210628,league,ProtoPulse,,
2026-06-12,modern-league-2026-06-1210628,league,RefusetoLose,,
2026-06-12,modern-league-2026-06-1210628,league,Seby666,,
2026-06-12,modern-league-2026-06-1210628,league,SlavSlays,,
2026-06-12,modern-league-2026-06-1210628,league,Sonkerz,,
2026-06-12,modern-league-2026-06-1210628,league,Spinnah,,
2026-06-12,modern-league-2026-06-1210628,league,Tripthink,,
2026-06-12,modern-league-2026-06-1210628,league,YAK9k,,
2026-06-12,modern-league-2026-06-1210628,league,Zanman,,
2026-06-12,modern-league-2026-06-1210628,league,alamosmithers,,
2026-06-12,modern-league-2026-06-1210628,league,arturcosta,,
2026-06-12,modern-league-2026-06-1210628,league,bezroukoff,,
2026-06-12,modern-league-2026-06-1210628,league,darikun,,
2026-06-12,modern-league-2026-06-1210628,league,giovanpic5,,
2026-06-12,modern-league-2026-06-1210628,league,golden_knights,,
2026-06-12,modern-league-2026-06-1210628,league,keyzoo,,
2026-06-12,modern-league-2026-06-1210628,league,littlebinboy,,
2026-06-12,modern-league-2026-06-1210628,league,mogis67,,
2026-06-12,modern-league-2026-06-1210628,league,o-TheMi1kman-o,,
2026-06-12,modern-league-2026-06-1210628,league,shown117,,
2026-06-12,modern-league-2026-06-1210628,league,soggymeatball,,
2026-06-12,modern-league-2026-06-1210628,league,srbean,,
2026-06-12,modern-league-2026-06-1210628,league,stormcoming,,
2026-06-12,modern-league-2026-06-1210628,league,sultai4lyfe,,
2026-06-12,modern-league-2026-06-1210628,league,thekings,,
2026-06-12,modern-league-2026-06-1210628,league,toxic_squatch,,
2026-06-12,modern-league-2026-06-1210628,league,vinnyrussian123,,
2026-06-13,modern-challenge-32-2026-06-1312844316,challenge-32,RiceTackler,1,15
2026-06-13,modern-challenge-32-2026-06-1312844316,challenge-32,gazmon48,2,15
2026-06-13,modern-challenge-32-2026-06-1312844316,challenge-32,Cachorrowo,3,15
2026-06-13,modern-challenge-32-2026-06-1312844316,challenge-32,parasisnotcool,4,12
2026-06-13,modern-challenge-32-2026-06-1312844316,challenge-32,duke12,5,18
2026-06-13,modern-challenge-32-2026-06-1312844316,challenge-32,Mistakenn,6,15
2026-06-13,modern-challenge-32-2026-06-1312844316,challenge-32,MarylandTCG,7,15
2026-06-13,modern-challenge-32-2026-06-1312844316,challenge-32,niuwaid001,8,15
2026-06-13,modern-challenge-32-2026-06-1312844316,challenge-32,YungDingo,9,12
2026-06-13,modern-challenge-32-2026-06-1312844316,challenge-32,Mattyguy13,10,12
2026-06-13,modern-challenge-32-2026-06-1312844316,challenge-32,hauterho,11,12
2026-06-13,modern-challenge-32-2026-06-1312844316,challenge-32,DB_Guide_Twin,12,12
2026-06-13,modern-challenge-32-2026-06-1312844316,challenge-32,Vladimir1924,13,12
2026-06-13,modern-challenge-32-2026-06-1312844316,challenge-32,chrish2134,14,12
2026-06-13,modern-challenge-32-2026-06-1312844316,challenge-32,NathanOfTheGiltLeaf,15,12
2026-06-13,modern-challenge-32-2026-06-1312844316,challenge-32,toothymtg,16,12
2026-06-13,modern-challenge-32-2026-06-1312844316,challenge-32,ejk,17,12
2026-06-13,modern-challenge-32-2026-06-1312844316,challenge-32,Preparation,18,12
2026-06-13,modern-challenge-32-2026-06-1312844316,challenge-32,Selfeisek,19,12
2026-06-13,modern-challenge-32-2026-06-1312844316,challenge-32,Corkyboyy,20,9
2026-06-13,modern-challenge-32-2026-06-1312844316,challenge-32,Infernum_Doge,21,9
2026-06-13,modern-challenge-32-2026-06-1312844316,challenge-32,DragonFodder,22,9
2026-06-13,modern-challenge-32-2026-06-1312844316,challenge-32,Ninja_Kyle,23,9
2026-06-13,modern-challenge-32-2026-06-1312844316,challenge-32,Venom01,24,9
2026-06-13,modern-challenge-32-2026-06-1312844316,challenge-32,AChord4Five,25,9
2026-06-13,modern-challenge-32-2026-06-1312844316,challenge-32,xerioc,26,9
2026-06-13,modern-challenge-32-2026-06-1312844316,challenge-32,_Bound_,27,9
2026-06-13,modern-challenge-32-2026-06-1312844316,challenge-32,Bagoot,28,9
2026-06-13,modern-challenge-32-2026-06-1312844316,challenge-32,JV_7777,29,9
2026-06-13,modern-challenge-32-2026-06-1312844316,challenge-32,JoaoCelestini,30,9
2026-06-13,modern-challenge-32-2026-06-1312844316,challenge-32,PJKP,31,9
2026-06-13,modern-challenge-32-2026-06-1312844316,challenge-32,nekosuke,32,9
2026-06-13,modern-challenge-32-2026-06-1312844318,challenge-32,hugeowl,1,15
2026-06-13,modern-challenge-32-2026-06-1312844318,challenge-32,GWT,2,15
2026-06-13,modern-challenge-32-2026-06-1312844318,challenge-32,Lord_of_The_Wastes,3,15
2026-06-13,modern-challenge-32-2026-06-1312844318,challenge-32,GigaChadSigmaMale,4,15
2026-06-13,modern-challenge-32-2026-06-1312844318,challenge-32,manohito,5,15
2026-06-13,modern-challenge-32-2026-06-1312844318,challenge-32,Foxantes,6,12
2026-06-13,modern-challenge-32-2026-06-1312844318,challenge-32,Ares80,7,12
2026-06-13,modern-challenge-32-2026-06-1312844318,challenge-32,josemasalteras,8,12
2026-06-13,modern-challenge-32-2026-06-1312844318,challenge-32,jvidarte,9,12
2026-06-13,modern-challenge-32-2026-06-1312844318,challenge-32,eXeliS,10,12
2026-06-13,modern-challenge-32-2026-06-1312844318,challenge-32,Selfeisek,11,12
2026-06-13,modern-challenge-32-2026-06-1312844318,challenge-32,hardfight,12,12
2026-06-13,modern-challenge-32-2026-06-1312844318,challenge-32,Taddy_99,13,12
2026-06-13,modern-challenge-32-2026-06-1312844318,challenge-32,JPA93,14,9
2026-06-13,modern-challenge-32-2026-06-1312844318,challenge-32,SanPop,15,9
2026-06-13,modern-challenge-32-2026-06-1312844318,challenge-32,EthanBird,16,9
2026-06-13,modern-challenge-32-2026-06-1312844318,challenge-32,Xenowan,17,9
2026-06-13,modern-challenge-32-2026-06-1312844318,challenge-32,Venom01,18,9
2026-06-13,modern-challenge-32-2026-06-1312844318,challenge-32,Lightspirit,19,9
2026-06-13,modern-challenge-32-2026-06-1312844318,challenge-32,Edraros3,20,9
2026-06-13,modern-challenge-32-2026-06-1312844318,challenge-32,Yoshi_,21,9
2026-06-13,modern-challenge-32-2026-06-1312844318,challenge-32,johnsmith3373,22,9
2026-06-13,modern-challenge-32-2026-06-1312844318,challenge-32,selesneal,23,6
2026-06-13,modern-challenge-32-2026-06-1312844318,challenge-32,rabblemasterblaster,24,6
2026-06-13,modern-challenge-32-2026-06-1312844318,challenge-32,Yenchy,25,6
2026-06-13,modern-challenge-32-2026-06-1312844318,challenge-32,kristofff,26,6
2026-06-13,modern-challenge-32-2026-06-1312844318,challenge-32,SaN3,27,6
2026-06-13,modern-challenge-32-2026-06-1312844318,challenge-32,GhastM4n,28,6
2026-06-13,modern-challenge-32-2026-06-1312844318,challenge-32,felider,29,6
2026-06-13,modern-challenge-32-2026-06-1312844318,challenge-32,kaiszern,30,6
2026-06-13,modern-challenge-32-2026-06-1312844318,challenge-32,Death_Lighter,31,6
2026-06-13,modern-challenge-32-2026-06-1312844318,challenge-32,ProggyBoog,32,3
2026-06-13,modern-challenge-32-2026-06-1312844324,challenge-32,MayoDominaria,1,15
2026-06-13,modern-challenge-32-2026-06-1312844324,challenge-32,Matts,2,15
2026-06-13,modern-challenge-32-2026-06-1312844324,challenge-32,Nougatygoodness,3,15
2026-06-13,modern-challenge-32-2026-06-1312844324,challenge-32,woodjt5,4,15
2026-06-13,modern-challenge-32-2026-06-1312844324,challenge-32,yriel,5,15
2026-06-13,modern-challenge-32-2026-06-1312844324,challenge-32,ROUTER_SMITER,6,15
2026-06-13,modern-challenge-32-2026-06-1312844324,challenge-32,Bawer,7,12
2026-06-13,modern-challenge-32-2026-06-1312844324,challenge-32,karatedom,8,12
2026-06-13,modern-challenge-32-2026-06-1312844324,challenge-32,Zoza,9,12
2026-06-13,modern-challenge-32-2026-06-1312844324,challenge-32,Lord_Beerus,10,12
2026-06-13,modern-challenge-32-2026-06-1312844324,challenge-32,whiterenren,11,12
2026-06-13,modern-challenge-32-2026-06-1312844324,challenge-32,Denisevich,12,12
2026-06-13,modern-challenge-32-2026-06-1312844324,challenge-32,Charlice,13,12
2026-06-13,modern-challenge-32-2026-06-1312844324,challenge-32,UltraEgo_,14,12
2026-06-13,modern-challenge-32-2026-06-1312844324,challenge-32,Rashek,15,12
2026-06-13,modern-challenge-32-2026-06-1312844324,challenge-32,Death_Lighter,16,9
2026-06-13,modern-challenge-32-2026-06-1312844324,challenge-32,serajh,17,9
2026-06-13,modern-challenge-32-2026-06-1312844324,challenge-32,deftjad,18,9
2026-06-13,modern-challenge-32-2026-06-1312844324,challenge-32,MahfuzVanGogh,19,9
2026-06-13,modern-challenge-32-2026-06-1312844324,challenge-32,Chemist1234,20,9
2026-06-13,modern-challenge-32-2026-06-1312844324,challenge-32,Vilmo,21,9
2026-06-13,modern-challenge-32-2026-06-1312844324,challenge-32,EthanDaniely,22,9
2026-06-13,modern-challenge-32-2026-06-1312844324,challenge-32,Yanti,23,9
2026-06-13,modern-challenge-32-2026-06-1312844324,challenge-32,ratabruta,24,9
2026-06-13,modern-challenge-32-2026-06-1312844324,challenge-32,AbelMolto,25,9
2026-06-13,modern-challenge-32-2026-06-1312844324,challenge-32,Univerce,26,6
2026-06-13,modern-challenge-32-2026-06-1312844324,challenge-32,IDontNeedAName,27,6
2026-06-13,modern-challenge-32-2026-06-1312844324,challenge-32,greedofdeath,28,6
2026-06-13,modern-challenge-32-2026-06-1312844324,challenge-32,xnubepridex,29,6
2026-06-13,modern-challenge-32-2026-06-1312844324,challenge-32,VampireDiaries,30,6
2026-06-13,modern-challenge-32-2026-06-1312844324,challenge-32,Tinker_deck,31,6
2026-06-13,modern-challenge-32-2026-06-1312844324,challenge-32,JakeSloan501,32,6
2026-06-13,modern-league-2026-06-1310628,league,BLMMM,,
2026-06-13,modern-league-2026-06-1310628,league,Based,,
2026-06-13,modern-league-2026-06-1310628,league,Billsboard,,
2026-06-13,modern-league-2026-06-1310628,league,Boulderer,,
2026-06-13,modern-league-2026-06-1310628,league,BrPestana,,
2026-06-13,modern-league-2026-06-1310628,league,Bring_back_affinity,,
2026-06-13,modern-league-2026-06-1310628,league,CHRIS-Mtg-02,,
2026-06-13,modern-league-2026-06-1310628,league,Corsieri,,
2026-06-13,modern-league-2026-06-1310628,league,Crovax90,,
2026-06-13,modern-league-2026-06-1310628,league,Cyncopath,,
2026-06-13,modern-league-2026-06-1310628,league,FrankDallas22,,
2026-06-13,modern-league-2026-06-1310628,league,GhastM4n,,
2026-06-13,modern-league-2026-06-1310628,league,GingerGuy83,,
2026-06-13,modern-league-2026-06-1310628,league,GothMuse,,
2026-06-13,modern-league-2026-06-1310628,league,Gxs3v3n,,
2026-06-13,modern-league-2026-06-1310628,league,Jaysotee,,
2026-06-13,modern-league-2026-06-1310628,league,JonyLamborgini,,
2026-06-13,modern-league-2026-06-1310628,league,Jrcitizen,,
2026-06-13,modern-league-2026-06-1310628,league,KingLA_757,,
2026-06-13,modern-league-2026-06-1310628,league,Kurusu,,
2026-06-13,modern-league-2026-06-1310628,league,Legion_Presunto,,
2026-06-13,modern-league-2026-06-1310628,league,Lucio_Anneo,,
2026-06-13,modern-league-2026-06-1310628,league,MHayashi,,
2026-06-13,modern-league-2026-06-1310628,league,MagnumJon,,
2026-06-13,modern-league-2026-06-1310628,league,Makitren,,
2026-06-13,modern-league-2026-06-1310628,league,Mhigo,,
2026-06-13,modern-league-2026-06-1310628,league,Minivan_of_Jeskai,,
2026-06-13,modern-league-2026-06-1310628,league,Ninja_Kyle,,
2026-06-13,modern-league-2026-06-1310628,league,Nitreglyze,,
2026-06-13,modern-league-2026-06-1310628,league,Otifex,,
2026-06-13,modern-league-2026-06-1310628,league,PerkyT,,
2026-06-13,modern-league-2026-06-1310628,league,PharmD_MTG,,
2026-06-13,modern-league-2026-06-1310628,league,Phyrexiankill,,
2026-06-13,modern-league-2026-06-1310628,league,Picomtg,,
2026-06-13,modern-league-2026-06-1310628,league,RustysPikachu,,
2026-06-13,modern-league-2026-06-1310628,league,Sinkhole_CAM,,
2026-06-13,modern-league-2026-06-1310628,league,SssTwins,,
2026-06-13,modern-league-2026-06-1310628,league,THEFALLEN11,,
2026-06-13,modern-league-2026-06-1310628,league,Terminus0,,
2026-06-13,modern-league-2026-06-1310628,league,TomCairns,,
2026-06-13,modern-league-2026-06-1310628,league,Tree42o,,
2026-06-13,modern-league-2026-06-1310628,league,WinstonNilesRumfoord,,
2026-06-13,modern-league-2026-06-1310628,league,Wischingas,,
2026-06-13,modern-league-2026-06-1310628,league,XYATYL007,,
2026-06-13,modern-league-2026-06-1310628,league,__Magic__Dan__,,
2026-06-13,modern-league-2026-06-1310628,league,azkusa,,
2026-06-13,modern-league-2026-06-1310628,league,caronte1991,,
2026-06-13,modern-league-2026-06-1310628,league,dedav,,
2026-06-13,modern-league-2026-06-1310628,league,dgreen16,,
2026-06-13,modern-league-2026-06-1310628,league,emairi,,
2026-06-13,modern-league-2026-06-1310628,league,homsar52,,
2026-06-13,modern-league-2026-06-1310628,league,iSteze,,
2026-06-13,modern-league-2026-06-1310628,league,jontih,,
2026-06-13,modern-league-2026-06-1310628,league,kavu2br,,
2026-06-13,modern-league-2026-06-1310628,league,lkoeb186,,
2026-06-13,modern-league-2026-06-1310628,league,marios3388,,
2026-06-13,modern-league-2026-06-1310628,league,narcatrashcan,,
2026-06-13,modern-league-2026-06-1310628,league,paynyos0232,,
2026-06-13,modern-league-2026-06-1310628,league,ryuumei,,
2026-06-13,modern-league-2026-06-1310628,league,satanicchl,,
2026-06-13,modern-league-2026-06-1310628,league,tamanegi,,
2026-06-13,modern-league-2026-06-1310628,league,theasiankid,,
2026-06-13,modern-league-2026-06-1310628,league,tigress,,
2026-06-13,modern-league-2026-06-1310628,league,titan55,,
2026-06-13,modern-league-2026-06-1310628,league,unlikelyseal,,
2026-06-13,modern-showcase-challenge-2026-06-1312844280,showcase-challenge,LordEgg,1,24
2026-06-13,modern-showcase-challenge-2026-06-1312844280,showcase-challenge,KangXiaotian,2,24
2026-06-13,modern-showcase-challenge-2026-06-1312844280,showcase-challenge,ls149950,3,21
2026-06-13,modern-showcase-challenge-2026-06-1312844280,showcase-challenge,Savior0117,4,21
2026-06-13,modern-showcase-challenge-2026-06-1312844280,showcase-challenge,rerere,5,27
2026-06-13,modern-showcase-challenge-2026-06-1312844280,showcase-challenge,yriel,6,24
2026-06-13,modern-showcase-challenge-2026-06-1312844280,showcase-challenge,PharmD_MTG,7,24
2026-06-13,modern-showcase-challenge-2026-06-1312844280,showcase-challenge,TrueHero,8,21
2026-06-13,modern-showcase-challenge-2026-06-1312844280,showcase-challenge,HolaChico,9,21
2026-06-13,modern-showcase-challenge-2026-06-1312844280,showcase-challenge,mysteryman21,10,21
2026-06-13,modern-showcase-challenge-2026-06-1312844280,showcase-challenge,kytk321,11,21
2026-06-13,modern-showcase-challenge-2026-06-1312844280,showcase-challenge,CliffBoyardee,12,21
2026-06-13,modern-showcase-challenge-2026-06-1312844280,showcase-challenge,yang2399,13,21
2026-06-13,modern-showcase-challenge-2026-06-1312844280,showcase-challenge,CptInglo,14,21
2026-06-13,modern-showcase-challenge-2026-06-1312844280,showcase-challenge,Rashek,15,21
2026-06-13,modern-showcase-challenge-2026-06-1312844280,showcase-challenge,triosk,16,21
2026-06-13,modern-showcase-challenge-2026-06-1312844280,showcase-challenge,Jumba,17,21
2026-06-13,modern-showcase-challenge-2026-06-1312844280,showcase-challenge,Erik157751,18,21
2026-06-13,modern-showcase-challenge-2026-06-1312844280,showcase-challenge,TheKG,19,21
2026-06-13,modern-showcase-challenge-2026-06-1312844280,showcase-challenge,klien7,20,21
2026-06-13,modern-showcase-challenge-2026-06-1312844280,showcase-challenge,Jokersrwild,21,21
2026-06-13,modern-showcase-challenge-2026-06-1312844280,showcase-challenge,AwesomPossum,22,21
2026-06-13,modern-showcase-challenge-2026-06-1312844280,showcase-challenge,MagicDevil666,23,21
2026-06-13,modern-showcase-challenge-2026-06-1312844280,showcase-challenge,shyandshy,24,21
2026-06-13,modern-showcase-challenge-2026-06-1312844280,showcase-challenge,teichou_aisu,25,21
2026-06-13,modern-showcase-challenge-2026-06-1312844280,showcase-challenge,AngeredPanda,26,18
2026-06-13,modern-showcase-challenge-2026-06-1312844280,showcase-challenge,monkofwar,27,18
2026-06-13,modern-showcase-challenge-2026-06-1312844280,showcase-challenge,levunga21,28,18
2026-06-13,modern-showcase-challenge-2026-06-1312844280,showcase-challenge,Ardonas,29,18
2026-06-13,modern-showcase-challenge-2026-06-1312844280,showcase-challenge,TYPEWOG,30,18
2026-06-13,modern-showcase-challenge-2026-06-1312844280,showcase-challenge,Thunderstriker7,31,18
2026-06-13,modern-showcase-challenge-2026-06-1312844280,showcase-challenge,Hernan72,32,18
2026-06-14,modern-challenge-32-2026-06-1412844330,challenge-32,reidq7,1,15
2026-06-14,modern-challenge-32-2026-06-1412844330,challenge-32,Bigatti,2,15
2026-06-14,modern-challenge-32-2026-06-1412844330,challenge-32,i_b_TRUE,3,18
2026-06-14,modern-challenge-32-2026-06-1412844330,challenge-32,Bent,4,18
2026-06-14,modern-challenge-32-2026-06-1412844330,challenge-32,jussupinator,5,21
2026-06-14,modern-challenge-32-2026-06-1412844330,challenge-32,WanderingOnes,6,18
2026-06-14,modern-challenge-32-2026-06-1412844330,challenge-32,Tree42o,7,18
2026-06-14,modern-challenge-32-2026-06-1412844330,challenge-32,Scorpion100,8,15
2026-06-14,modern-challenge-32-2026-06-1412844330,challenge-32,Gavin5499,9,15
2026-06-14,modern-challenge-32-2026-06-1412844330,challenge-32,Lightspirit,10,15
2026-06-14,modern-challenge-32-2026-06-1412844330,challenge-32,gyyby297,11,15
2026-06-14,modern-challenge-32-2026-06-1412844330,challenge-32,b0juka,12,15
2026-06-14,modern-challenge-32-2026-06-1412844330,challenge-32,littlebinboy,13,15
2026-06-14,modern-challenge-32-2026-06-1412844330,challenge-32,DemianDesposito10,14,15
2026-06-14,modern-challenge-32-2026-06-1412844330,challenge-32,LaRougeMTG,15,15
2026-06-14,modern-challenge-32-2026-06-1412844330,challenge-32,niuwaid001,16,12
2026-06-14,modern-challenge-32-2026-06-1412844330,challenge-32,Emergency Draft,17,12
2026-06-14,modern-challenge-32-2026-06-1412844330,challenge-32,CliffBoyardee,18,12
2026-06-14,modern-challenge-32-2026-06-1412844330,challenge-32,SeroPhinz,19,12
2026-06-14,modern-challenge-32-2026-06-1412844330,challenge-32,Ling_,20,12
2026-06-14,modern-challenge-32-2026-06-1412844330,challenge-32,IronBeagle,21,12
2026-06-14,modern-challenge-32-2026-06-1412844330,challenge-32,Boulderer,22,12
2026-06-14,modern-challenge-32-2026-06-1412844330,challenge-32,Silk_lobelia,23,12
2026-06-14,modern-challenge-32-2026-06-1412844330,challenge-32,OPaZZwiZard,24,12
2026-06-14,modern-challenge-32-2026-06-1412844330,challenge-32,Fiola34,25,12
2026-06-14,modern-challenge-32-2026-06-1412844330,challenge-32,Stealthmagician,26,12
2026-06-14,modern-challenge-32-2026-06-1412844330,challenge-32,ejk,27,12
2026-06-14,modern-challenge-32-2026-06-1412844330,challenge-32,selesneal,28,9
2026-06-14,modern-challenge-32-2026-06-1412844330,challenge-32,EthanBird,29,9
2026-06-14,modern-challenge-32-2026-06-1412844330,challenge-32,termidor,30,9
2026-06-14,modern-challenge-32-2026-06-1412844330,challenge-32,bananadisaster,31,9
2026-06-14,modern-challenge-32-2026-06-1412844330,challenge-32,jorelm510,32,9
2026-06-14,modern-challenge-32-2026-06-1412844334,challenge-32,Gerschi,1,15
2026-06-14,modern-challenge-32-2026-06-1412844334,challenge-32,Venom01,2,18
2026-06-14,modern-challenge-32-2026-06-1412844334,challenge-32,Xenowan,3,18
2026-06-14,modern-challenge-32-2026-06-1412844334,challenge-32,JPA93,4,15
2026-06-14,modern-challenge-32-2026-06-1412844334,challenge-32,cambrey,5,18
2026-06-14,modern-challenge-32-2026-06-1412844334,challenge-32,Zeigl,6,18
2026-06-14,modern-challenge-32-2026-06-1412844334,challenge-32,wutey,7,18
2026-06-14,modern-challenge-32-2026-06-1412844334,challenge-32,Beekeeper,8,15
2026-06-14,modern-challenge-32-2026-06-1412844334,challenge-32,Usama96,9,15
2026-06-14,modern-challenge-32-2026-06-1412844334,challenge-32,bless_von,10,15
2026-06-14,modern-challenge-32-2026-06-1412844334,challenge-32,Napoleon_I,11,15
2026-06-14,modern-challenge-32-2026-06-1412844334,challenge-32,House565,12,15
2026-06-14,modern-challenge-32-2026-06-1412844334,challenge-32,Xerk,13,15
2026-06-14,modern-challenge-32-2026-06-1412844334,challenge-32,AKvsJJ,14,15
2026-06-14,modern-challenge-32-2026-06-1412844334,challenge-32,EthanDaniely,15,15
2026-06-14,modern-challenge-32-2026-06-1412844334,challenge-32,Tinker_deck,16,15
2026-06-14,modern-challenge-32-2026-06-1412844334,challenge-32,GWT,17,12
2026-06-14,modern-challenge-32-2026-06-1412844334,challenge-32,_Falcon_,18,12
2026-06-14,modern-challenge-32-2026-06-1412844334,challenge-32,Vilmo,19,12
2026-06-14,modern-challenge-32-2026-06-1412844334,challenge-32,1OR513N86,20,12
2026-06-14,modern-challenge-32-2026-06-1412844334,challenge-32,JuanmaAT,21,12
2026-06-14,modern-challenge-32-2026-06-1412844334,challenge-32,YopopMTG,22,12
2026-06-14,modern-challenge-32-2026-06-1412844334,challenge-32,_Stream,23,12
2026-06-14,modern-challenge-32-2026-06-1412844334,challenge-32,Mooshack,24,12
2026-06-14,modern-challenge-32-2026-06-1412844334,challenge-32,Marxelo,25,12
2026-06-14,modern-challenge-32-2026-06-1412844334,challenge-32,Petros_MTG,26,12
2026-06-14,modern-challenge-32-2026-06-1412844334,challenge-32,Erik157751,27,12
2026-06-14,modern-challenge-32-2026-06-1412844334,challenge-32,ejk,28,12
2026-06-14,modern-challenge-32-2026-06-1412844334,challenge-32,Lightspirit,29,12
2026-06-14,modern-challenge-32-2026-06-1412844334,challenge-32,Elias,30,12
2026-06-14,modern-challenge-32-2026-06-1412844334,challenge-32,jps_17,31,12
2026-06-14,modern-challenge-32-2026-06-1412844334,challenge-32,swff,32,12
2026-06-14,modern-league-2026-06-1410628,league,AbelMolto,,
2026-06-14,modern-league-2026-06-1410628,league,Airikthebrug,,
2026-06-14,modern-league-2026-06-1410628,league,Akxdo,,
2026-06-14,modern-league-2026-06-1410628,league,Ardonas,,
2026-06-14,modern-league-2026-06-1410628,league,BLMMM,,
2026-06-14,modern-league-2026-06-1410628,league,Blindside09,,
2026-06-14,modern-league-2026-06-1410628,league,Charlice,,
2026-06-14,modern-league-2026-06-1410628,league,DB_Control4Daze,,
2026-06-14,modern-league-2026-06-1410628,league,Dursty,,
2026-06-14,modern-league-2026-06-1410628,league,EDHplayer,,
2026-06-14,modern-league-2026-06-1410628,league,Edel,,
2026-06-14,modern-league-2026-06-1410628,league,Ezra95,,
2026-06-14,modern-league-2026-06-1410628,league,Gamedaiv,,
2026-06-14,modern-league-2026-06-1410628,league,GingerGuy83,,
2026-06-14,modern-league-2026-06-1410628,league,GriselSram,,
2026-06-14,modern-league-2026-06-1410628,league,Hongfu_Eureka,,
2026-06-14,modern-league-2026-06-1410628,league,JeromeFrancisco,,
2026-06-14,modern-league-2026-06-1410628,league,Jinroon,,
2026-06-14,modern-league-2026-06-1410628,league,KingChainsaw,,
2026-06-14,modern-league-2026-06-1410628,league,Kyzlex,,
2026-06-14,modern-league-2026-06-1410628,league,LukeTurner88,,
2026-06-14,modern-league-2026-06-1410628,league,Marecki,,
2026-06-14,modern-league-2026-06-1410628,league,Mav40121,,
2026-06-14,modern-league-2026-06-1410628,league,Nagato_Boran,,
2026-06-14,modern-league-2026-06-1410628,league,NuBlkAu,,
2026-06-14,modern-league-2026-06-1410628,league,TINUX,,
2026-06-14,modern-league-2026-06-1410628,league,TINUX,,
2026-06-14,modern-league-2026-06-1410628,league,Thraggrotusk,,
2026-06-14,modern-league-2026-06-1410628,league,Titut,,
2026-06-14,modern-league-2026-06-1410628,league,TreebornFrog,,
2026-06-14,modern-league-2026-06-1410628,league,Trellon,,
2026-06-14,modern-league-2026-06-1410628,league,Trellon,,
2026-06-14,modern-league-2026-06-1410628,league,VampireX_,,
2026-06-14,modern-league-2026-06-1410628,league,batikang,,
2026-06-14,modern-league-2026-06-1410628,league,cameronweber17,,
2026-06-14,modern-league-2026-06-1410628,league,choccy_milk,,
2026-06-14,modern-league-2026-06-1410628,league,corbear,,
2026-06-14,modern-league-2026-06-1410628,league,danimaak777,,
2026-06-14,modern-league-2026-06-1410628,league,dejzen,,
2026-06-14,modern-league-2026-06-1410628,league,dexagos,,
2026-06-14,modern-league-2026-06-1410628,league,dormitian,,
2026-06-14,modern-league-2026-06-1410628,league,ecoeon,,
2026-06-14,modern-league-2026-06-1410628,league,eneges,,
2026-06-14,modern-league-2026-06-1410628,league,flamyblade,,
2026-06-14,modern-league-2026-06-1410628,league,flintypriest,,
2026-06-14,modern-league-2026-06-1410628,league,fradelrock,,
2026-06-14,modern-league-2026-06-1410628,league,fullerluke30,,
2026-06-14,modern-league-2026-06-1410628,league,hamannator12,,
2026-06-14,modern-league-2026-06-1410628,league,hxlfnxxsx,,
2026-06-14,modern-league-2026-06-1410628,league,kogamo,,
2026-06-14,modern-league-2026-06-1410628,league,kyrre2013,,
2026-06-14,modern-league-2026-06-1410628,league,lkoeb186,,
2026-06-14,modern-league-2026-06-1410628,league,mtbWolf,,
2026-06-14,modern-league-2026-06-1410628,league,mtgobazaar8,,
2026-06-14,modern-league-2026-06-1410628,league,neptune10101,,
2026-06-14,modern-league-2026-06-1410628,league,nljmtg,,
2026-06-14,modern-league-2026-06-1410628,league,pinkranger,,
2026-06-14,modern-league-2026-06-1410628,league,pinkranger,,
2026-06-14,modern-league-2026-06-1410628,league,sultai4lyfe,,
2026-06-14,modern-league-2026-06-1410628,league,thememans,,
2026-06-14,modern-league-2026-06-1410628,league,therock988,,
2026-06-14,modern-league-2026-06-1410628,league,therockfriend,,
2026-06-14,modern-league-2026-06-1410628,league,toto_2295,,
2026-06-14,modern-league-2026-06-1410628,league,yunk3r,,
2026-06-15,modern-challenge-32-2026-06-1512844343,challenge-32,Dioferreira,1,18
2026-06-15,modern-challenge-32-2026-06-1512844343,challenge-32,aljce,2,15
2026-06-15,modern-challenge-32-2026-06-1512844343,challenge-32,HelpfulHobo,3,18
2026-06-15,modern-challenge-32-2026-06-1512844343,challenge-32,RNicoF,4,18
2026-06-15,modern-challenge-32-2026-06-1512844343,challenge-32,SlankyPotato,5,21
2026-06-15,modern-challenge-32-2026-06-1512844343,challenge-32,GiestOfIWin,6,18
2026-06-15,modern-challenge-32-2026-06-1512844343,challenge-32,kytk321,7,18
2026-06-15,modern-challenge-32-2026-06-1512844343,challenge-32,oOMegaGenesis,8,15
2026-06-15,modern-challenge-32-2026-06-1512844343,challenge-32,NerdDadChad,9,15
2026-06-15,modern-challenge-32-2026-06-1512844343,challenge-32,jussupinator,10,15
2026-06-15,modern-challenge-32-2026-06-1512844343,challenge-32,derlumberzack,11,15
2026-06-15,modern-challenge-32-2026-06-1512844343,challenge-32,rosti56,12,15
2026-06-15,modern-challenge-32-2026-06-1512844343,challenge-32,YungDingo,13,15
2026-06-15,modern-challenge-32-2026-06-1512844343,challenge-32,arbitraryarmor,14,15
2026-06-15,modern-challenge-32-2026-06-1512844343,challenge-32,nedyahiske,15,15
2026-06-15,modern-challenge-32-2026-06-1512844343,challenge-32,Emil123,16,15
2026-06-15,modern-challenge-32-2026-06-1512844343,challenge-32,otakkun,17,15
2026-06-15,modern-challenge-32-2026-06-1512844343,challenge-32,SuperCow12653,18,15
2026-06-15,modern-challenge-32-2026-06-1512844343,challenge-32,GigaChadSigmaMale,19,12
2026-06-15,modern-challenge-32-2026-06-1512844343,challenge-32,Brunes,20,12
2026-06-15,modern-challenge-32-2026-06-1512844343,challenge-32,DemianDesposito10,21,12
2026-06-15,modern-challenge-32-2026-06-1512844343,challenge-32,leandru,22,12
2026-06-15,modern-challenge-32-2026-06-1512844343,challenge-32,Thronhart,23,12
2026-06-15,modern-challenge-32-2026-06-1512844343,challenge-32,EndoZoa,24,12
2026-06-15,modern-challenge-32-2026-06-1512844343,challenge-32,DragonFodder,25,12
2026-06-15,modern-challenge-32-2026-06-1512844343,challenge-32,sicsmoo,26,12
2026-06-15,modern-challenge-32-2026-06-1512844343,challenge-32,SeroPhinz,27,12
2026-06-15,modern-challenge-32-2026-06-1512844343,challenge-32,Lightspirit,28,12
2026-06-15,modern-challenge-32-2026-06-1512844343,challenge-32,Topdecker8000,29,12
2026-06-15,modern-challenge-32-2026-06-1512844343,challenge-32,wft,30,12
2026-06-15,modern-challenge-32-2026-06-1512844343,challenge-32,TuckerMTG,31,12
2026-06-15,modern-challenge-32-2026-06-1512844343,challenge-32,Savior0117,32,9
2026-06-15,modern-challenge-64-2026-06-1512844347,challenge-64,Thunus,1,18
2026-06-15,modern-challenge-64-2026-06-1512844347,challenge-64,rastaf,2,18
2026-06-15,modern-challenge-64-2026-06-1512844347,challenge-64,Takayama,3,21
2026-06-15,modern-challenge-64-2026-06-1512844347,challenge-64,Antarctica,4,18
2026-06-15,modern-challenge-64-2026-06-1512844347,challenge-64,SuperCow12653,5,18
2026-06-15,modern-challenge-64-2026-06-1512844347,challenge-64,ShikiXYZ,6,18
2026-06-15,modern-challenge-64-2026-06-1512844347,challenge-64,1OR513N86,7,18
2026-06-15,modern-challenge-64-2026-06-1512844347,challenge-64,Rashek,8,15
2026-06-15,modern-challenge-64-2026-06-1512844347,challenge-64,yriel,9,15
2026-06-15,modern-challenge-64-2026-06-1512844347,challenge-64,digitalsloth,10,15
2026-06-15,modern-challenge-64-2026-06-1512844347,challenge-64,jbl2311,11,15
2026-06-15,modern-challenge-64-2026-06-1512844347,challenge-64,Marmotte_Lambda,12,15
2026-06-15,modern-challenge-64-2026-06-1512844347,challenge-64,MJ_23,13,15
2026-06-15,modern-challenge-64-2026-06-1512844347,challenge-64,JPA93,14,15
2026-06-15,modern-challenge-64-2026-06-1512844347,challenge-64,DFrank,15,15
2026-06-15,modern-challenge-64-2026-06-1512844347,challenge-64,JJ,16,15
2026-06-15,modern-challenge-64-2026-06-1512844347,challenge-64,Scooby_Snacks,17,15
2026-06-15,modern-challenge-64-2026-06-1512844347,challenge-64,Lord_of_The_Wastes,18,15
2026-06-15,modern-challenge-64-2026-06-1512844347,challenge-64,Lavaridge,19,15
2026-06-15,modern-challenge-64-2026-06-1512844347,challenge-64,NuBlkAu,20,15
2026-06-15,modern-challenge-64-2026-06-1512844347,challenge-64,soggymeatball,21,15
2026-06-15,modern-challenge-64-2026-06-1512844347,challenge-64,RespectTheCat,22,15
2026-06-15,modern-challenge-64-2026-06-1512844347,challenge-64,Pleyboy,23,15
2026-06-15,modern-challenge-64-2026-06-1512844347,challenge-64,Apeliotes,24,15
2026-06-15,modern-challenge-64-2026-06-1512844347,challenge-64,BERNASTORRES,25,15
2026-06-15,modern-challenge-64-2026-06-1512844347,challenge-64,narca,26,12
2026-06-15,modern-challenge-64-2026-06-1512844347,challenge-64,DemianDesposito10,27,12
2026-06-15,modern-challenge-64-2026-06-1512844347,challenge-64,Doomenstein,28,12
2026-06-15,modern-challenge-64-2026-06-1512844347,challenge-64,Lollopollo2001,29,12
2026-06-15,modern-challenge-64-2026-06-1512844347,challenge-64,Jumba,30,12
2026-06-15,modern-challenge-64-2026-06-1512844347,challenge-64,broers_,31,12
2026-06-15,modern-challenge-64-2026-06-1512844347,challenge-64,_Falcon_,32,12
2026-06-15,modern-league-2026-06-1510628,league,AngeredPanda,,
2026-06-15,modern-league-2026-06-1510628,league,Atticus1806,,
2026-06-15,modern-league-2026-06-1510628,league,AzNsOuL,,
2026-06-15,modern-league-2026-06-1510628,league,Azja,,
2026-06-15,modern-league-2026-06-1510628,league,BbillyY,,
2026-06-15,modern-league-2026-06-1510628,league,Blue-Owl,,
2026-06-15,modern-league-2026-06-1510628,league,Chevk,,
2026-06-15,modern-league-2026-06-1510628,league,Corkyboyy,,
2026-06-15,modern-league-2026-06-1510628,league,DB_Mengu,,
2026-06-15,modern-league-2026-06-1510628,league,DB_rCASTIELLO,,
2026-06-15,modern-league-2026-06-1510628,league,Deriu,,
2026-06-15,modern-league-2026-06-1510628,league,Duduk123,,
2026-06-15,modern-league-2026-06-1510628,league,EL_Zanetti,,
2026-06-15,modern-league-2026-06-1510628,league,Eliamazzu,,
2026-06-15,modern-league-2026-06-1510628,league,Galanator,,
2026-06-15,modern-league-2026-06-1510628,league,Gerschi,,
2026-06-15,modern-league-2026-06-1510628,league,Gnurant,,
2026-06-15,modern-league-2026-06-1510628,league,Gods_Shadow,,
2026-06-15,modern-league-2026-06-1510628,league,GoncalvesF,,
2026-06-15,modern-league-2026-06-1510628,league,Gxs3v3n,,
2026-06-15,modern-league-2026-06-1510628,league,Haunter56,,
2026-06-15,modern-league-2026-06-1510628,league,Higusol,,
2026-06-15,modern-league-2026-06-1510628,league,HoldTheElle,,
2026-06-15,modern-league-2026-06-1510628,league,HyPPeR,,
2026-06-15,modern-league-2026-06-1510628,league,ItsSwiftyTime,,
2026-06-15,modern-league-2026-06-1510628,league,JAJC,,
2026-06-15,modern-league-2026-06-1510628,league,Keggers,,
2026-06-15,modern-league-2026-06-1510628,league,LeFuego,,
2026-06-15,modern-league-2026-06-1510628,league,MART0S,,
2026-06-15,modern-league-2026-06-1510628,league,Meatballsub,,
2026-06-15,modern-league-2026-06-1510628,league,Minuet,,
2026-06-15,modern-league-2026-06-1510628,league,Misplacedginger,,
2026-06-15,modern-league-2026-06-1510628,league,Mr_Conor_Hughes,,
2026-06-15,modern-league-2026-06-1510628,league,Mr_Conor_Hughes,,
2026-06-15,modern-league-2026-06-1510628,league,Parrotlet,,
2026-06-15,modern-league-2026-06-1510628,league,Peytis,,
2026-06-15,modern-league-2026-06-1510628,league,Scooby_Snacks,,
2026-06-15,modern-league-2026-06-1510628,league,Sfrenka667,,
2026-06-15,modern-league-2026-06-1510628,league,Sharkcaster_Mage,,
2026-06-15,modern-league-2026-06-1510628,league,SightWinner,,
2026-06-15,modern-league-2026-06-1510628,league,Silveryyy,,
2026-06-15,modern-league-2026-06-1510628,league,SkyllaMTG,,
2026-06-15,modern-league-2026-06-1510628,league,TheRightStuff,,
2026-06-15,modern-league-2026-06-1510628,league,Tommi1685,,
2026-06-15,modern-league-2026-06-1510628,league,TwoSideDice,,
2026-06-15,modern-league-2026-06-1510628,league,Valident,,
2026-06-15,modern-league-2026-06-1510628,league,WorstShuffler,,
2026-06-15,modern-league-2026-06-1510628,league,Xenowan,,
2026-06-15,modern-league-2026-06-1510628,league,aspiringspike,,
2026-06-15,modern-league-2026-06-1510628,league,cavedan,,
2026-06-15,modern-league-2026-06-1510628,league,coastae7,,
2026-06-15,modern-league-2026-06-1510628,league,daxerz,,
2026-06-15,modern-league-2026-06-1510628,league,delicinha,,
2026-06-15,modern-league-2026-06-1510628,league,dylab,,
2026-06-15,modern-league-2026-06-1510628,league,gpowerone,,
2026-06-15,modern-league-2026-06-1510628,league,groot02,,
2026-06-15,modern-league-2026-06-1510628,league,harlouuk,,
2026-06-15,modern-league-2026-06-1510628,league,ho-oh,,
2026-06-15,modern-league-2026-06-1510628,league,kePs,,
2026-06-15,modern-league-2026-06-1510628,league,kosaka7,,
2026-06-15,modern-league-2026-06-1510628,league,lxystannis,,
2026-06-15,modern-league-2026-06-1510628,league,papajohns,,
2026-06-15,modern-league-2026-06-1510628,league,preve94,,
2026-06-15,modern-league-2026-06-1510628,league,xera,,
2026-06-16,modern-league-2026-06-1610628,league,Alozzk,,
2026-06-16,modern-league-2026-06-1610628,league,Apsu9791,,
2026-06-16,modern-league-2026-06-1610628,league,Boland,,
2026-06-16,modern-league-2026-06-1610628,league,Chichichi,,
2026-06-16,modern-league-2026-06-1610628,league,Crovax90,,
2026-06-16,modern-league-2026-06-1610628,league,Darth_Vaner,,
2026-06-16,modern-league-2026-06-1610628,league,DavidDaBridges,,
2026-06-16,modern-league-2026-06-1610628,league,Doppelganger96,,
2026-06-16,modern-league-2026-06-1610628,league,Draft10,,
2026-06-16,modern-league-2026-06-1610628,league,DskBayWolf,,
2026-06-16,modern-league-2026-06-1610628,league,ETBJezus,,
2026-06-16,modern-league-2026-06-1610628,league,Eason271,,
2026-06-16,modern-league-2026-06-1610628,league,Frejat,,
2026-06-16,modern-league-2026-06-1610628,league,GabboReal,,
2026-06-16,modern-league-2026-06-1610628,league,GiacomoV,,
2026-06-16,modern-league-2026-06-1610628,league,GingerHitman,,
2026-06-16,modern-league-2026-06-1610628,league,HDG_BorisE,,
2026-06-16,modern-league-2026-06-1610628,league,Hernan72,,
2026-06-16,modern-league-2026-06-1610628,league,Ikibob,,
2026-06-16,modern-league-2026-06-1610628,league,JeromeAlce,,
2026-06-16,modern-league-2026-06-1610628,league,Jumba,,
2026-06-16,modern-league-2026-06-1610628,league,Konohakitsune,,
2026-06-16,modern-league-2026-06-1610628,league,Kyresh,,
2026-06-16,modern-league-2026-06-1610628,league,Luo_Mew,,
2026-06-16,modern-league-2026-06-1610628,league,Mad_Manaman,,
2026-06-16,modern-league-2026-06-1610628,league,Marvelman123,,
2026-06-16,modern-league-2026-06-1610628,league,Niroval,,
2026-06-16,modern-league-2026-06-1610628,league,OafMcNamara,,
2026-06-16,modern-league-2026-06-1610628,league,Orefigo,,
2026-06-16,modern-league-2026-06-1610628,league,Otifex,,
2026-06-16,modern-league-2026-06-1610628,league,Penseur,,
2026-06-16,modern-league-2026-06-1610628,league,Porks,,
2026-06-16,modern-league-2026-06-1610628,league,RenrohMTGO,,
2026-06-16,modern-league-2026-06-1610628,league,ScarletStorms,,
2026-06-16,modern-league-2026-06-1610628,league,Sfrenka667,,
2026-06-16,modern-league-2026-06-1610628,league,Silversane,,
2026-06-16,modern-league-2026-06-1610628,league,Skavout,,
2026-06-16,modern-league-2026-06-1610628,league,Spiritmonger4391,,
2026-06-16,modern-league-2026-06-1610628,league,That0neKid,,
2026-06-16,modern-league-2026-06-1610628,league,Valident,,
2026-06-16,modern-league-2026-06-1610628,league,batikang,,
2026-06-16,modern-league-2026-06-1610628,league,beitianjay,,
2026-06-16,modern-league-2026-06-1610628,league,biggiearmstrong,,
2026-06-16,modern-league-2026-06-1610628,league,darikun,,
2026-06-16,modern-league-2026-06-1610628,league,dawido,,
2026-06-16,modern-league-2026-06-1610628,league,dizzy_,,
2026-06-16,modern-league-2026-06-1610628,league,gazmon48,,
2026-06-16,modern-league-2026-06-1610628,league,iL_Tedesco,,
2026-06-16,modern-league-2026-06-1610628,league,kePs,,
2026-06-16,modern-league-2026-06-1610628,league,kennydarko,,
2026-06-16,modern-league-2026-06-1610628,league,kyuby899,,
2026-06-16,modern-league-2026-06-1610628,league,ls149950,,
2026-06-16,modern-league-2026-06-1610628,league,papajohns,,
2026-06-16,modern-league-2026-06-1610628,league,qtaro,,
2026-06-16,modern-league-2026-06-1610628,league,sarcoma,,
2026-06-16,modern-league-2026-06-1610628,league,zveibil,,
2026-06-17,modern-challenge-32-2026-06-1712844932,challenge-32,SoulStrong,1,15
2026-06-17,modern-challenge-32-2026-06-1712844932,challenge-32,CliffBoyardee,2,18
2026-06-17,modern-challenge-32-2026-06-1712844932,challenge-32,aarrgh,3,18
2026-06-17,modern-challenge-32-2026-06-1712844932,challenge-32,Kollslaw,4,18
2026-06-17,modern-challenge-32-2026-06-1712844932,challenge-32,Lightspirit,5,18
2026-06-17,modern-challenge-32-2026-06-1712844932,challenge-32,SuperCow12653,6,18
2026-06-17,modern-challenge-32-2026-06-1712844932,challenge-32,ob_1,7,15
2026-06-17,modern-challenge-32-2026-06-1712844932,challenge-32,DB_cntrlfreak_ttv,8,15
2026-06-17,modern-challenge-32-2026-06-1712844932,challenge-32,reidq7,9,15
2026-06-17,modern-challenge-32-2026-06-1712844932,challenge-32,byanceyINK,10,15
2026-06-17,modern-challenge-32-2026-06-1712844932,challenge-32,Based,11,15
2026-06-17,modern-challenge-32-2026-06-1712844932,challenge-32,LukeBrandes,12,15
2026-06-17,modern-challenge-32-2026-06-1712844932,challenge-32,HouseOfManaMTG,13,15
2026-06-17,modern-challenge-32-2026-06-1712844932,challenge-32,LucasG1ggs,14,15
2026-06-17,modern-challenge-32-2026-06-1712844932,challenge-32,e0068,15,15
2026-06-17,modern-challenge-32-2026-06-1712844932,challenge-32,RandomOctopus,16,15
2026-06-17,modern-challenge-32-2026-06-1712844932,challenge-32,sicsmoo,17,12
2026-06-17,modern-challenge-32-2026-06-1712844932,challenge-32,Dioferreira,18,12
2026-06-17,modern-challenge-32-2026-06-1712844932,challenge-32,dedav,19,12
2026-06-17,modern-challenge-32-2026-06-1712844932,challenge-32,NJ5030,20,12
2026-06-17,modern-challenge-32-2026-06-1712844932,challenge-32,mommydom_manifesto,21,12
2026-06-17,modern-challenge-32-2026-06-1712844932,challenge-32,JustAnotherGuy83,22,12
2026-06-17,modern-challenge-32-2026-06-1712844932,challenge-32,rastaf,23,12
2026-06-17,modern-challenge-32-2026-06-1712844932,challenge-32,SrDurum,24,12
2026-06-17,modern-challenge-32-2026-06-1712844932,challenge-32,ShikiXYZ,25,12
2026-06-17,modern-challenge-32-2026-06-1712844932,challenge-32,YungDingo,26,12
2026-06-17,modern-challenge-32-2026-06-1712844932,challenge-32,Bruskk,27,9
2026-06-17,modern-challenge-32-2026-06-1712844932,challenge-32,MacIsaac,28,9
2026-06-17,modern-challenge-32-2026-06-1712844932,challenge-32,Dubb,29,9
2026-06-17,modern-challenge-32-2026-06-1712844932,challenge-32,chrish2134,30,9
2026-06-17,modern-challenge-32-2026-06-1712844932,challenge-32,justFeather,31,9
2026-06-17,modern-challenge-32-2026-06-1712844932,challenge-32,TheColorOfBoom,32,9
2026-06-17,modern-challenge-64-2026-06-1712844817,challenge-64,claudioh,1,18
2026-06-17,modern-challenge-64-2026-06-1712844817,challenge-64,Nuserdog,2,18
2026-06-17,modern-challenge-64-2026-06-1712844817,challenge-64,XantosCell,3,21
2026-06-17,modern-challenge-64-2026-06-1712844817,challenge-64,ejk,4,18
2026-06-17,modern-challenge-64-2026-06-1712844817,challenge-64,kennydarko,5,18
2026-06-17,modern-challenge-64-2026-06-1712844817,challenge-64,Rvng,6,18
2026-06-17,modern-challenge-64-2026-06-1712844817,challenge-64,Cool_Wave,7,18
2026-06-17,modern-challenge-64-2026-06-1712844817,challenge-64,NathanOfTheGiltLeaf,8,18
2026-06-17,modern-challenge-64-2026-06-1712844817,challenge-64,1OR513N86,9,15
2026-06-17,modern-challenge-64-2026-06-1712844817,challenge-64,Chadderk,10,15
2026-06-17,modern-challenge-64-2026-06-1712844817,challenge-64,pizzangry,11,15
2026-06-17,modern-challenge-64-2026-06-1712844817,challenge-64,Mistakenn,12,15
2026-06-17,modern-challenge-64-2026-06-1712844817,challenge-64,MeninooNey,13,15
2026-06-17,modern-challenge-64-2026-06-1712844817,challenge-64,CMack_,14,15
2026-06-17,modern-challenge-64-2026-06-1712844817,challenge-64,jessy_samek,15,15
2026-06-17,modern-challenge-64-2026-06-1712844817,challenge-64,Alakai,16,15
2026-06-17,modern-challenge-64-2026-06-1712844817,challenge-64,oosunq,17,15
2026-06-17,modern-challenge-64-2026-06-1712844817,challenge-64,Mldyss,18,15
2026-06-17,modern-challenge-64-2026-06-1712844817,challenge-64,Odin2015,19,15
2026-06-17,modern-challenge-64-2026-06-1712844817,challenge-64,McWinSauce,20,15
2026-06-17,modern-challenge-64-2026-06-1712844817,challenge-64,dani_tb,21,15
2026-06-17,modern-challenge-64-2026-06-1712844817,challenge-64,MayoDominaria,22,15
2026-06-17,modern-challenge-64-2026-06-1712844817,challenge-64,rastaf,23,15
2026-06-17,modern-challenge-64-2026-06-1712844817,challenge-64,Tinker_deck,24,15
2026-06-17,modern-challenge-64-2026-06-1712844817,challenge-64,FraKoE,25,15
2026-06-17,modern-challenge-64-2026-06-1712844817,challenge-64,aplapp,26,12
2026-06-17,modern-challenge-64-2026-06-1712844817,challenge-64,WaIterWhite,27,12
2026-06-17,modern-challenge-64-2026-06-1712844817,challenge-64,calmdownbronco,28,12
2026-06-17,modern-challenge-64-2026-06-1712844817,challenge-64,soggymeatball,29,12
2026-06-17,modern-challenge-64-2026-06-1712844817,challenge-64,marceliiine,30,12
2026-06-17,modern-challenge-64-2026-06-1712844817,challenge-64,DelverOfBolts,31,12
2026-06-17,modern-challenge-64-2026-06-1712844817,challenge-64,Scorpion100,32,12
2026-06-17,modern-league-2026-06-1710628,league,Advxnt,,
2026-06-17,modern-league-2026-06-1710628,league,Andeloth,,
2026-06-17,modern-league-2026-06-1710628,league,Aokijiii,,
2026-06-17,modern-league-2026-06-1710628,league,Bachipandi21,,
2026-06-17,modern-league-2026-06-1710628,league,Bazaar_mati,,
2026-06-17,modern-league-2026-06-1710628,league,Bosseidon,,
2026-06-17,modern-league-2026-06-1710628,league,Carcara,,
2026-06-17,modern-league-2026-06-1710628,league,Corkyboyy,,
2026-06-17,modern-league-2026-06-1710628,league,DonEnrique,,
2026-06-17,modern-league-2026-06-1710628,league,ETBJezus,,
2026-06-17,modern-league-2026-06-1710628,league,ETBJezus,,
2026-06-17,modern-league-2026-06-1710628,league,FrankEG_MTG,,
2026-06-17,modern-league-2026-06-1710628,league,Gamedaiv,,
2026-06-17,modern-league-2026-06-1710628,league,Hypsh,,
2026-06-17,modern-league-2026-06-1710628,league,Jugador1,,
2026-06-17,modern-league-2026-06-1710628,league,KangXiaotian,,
2026-06-17,modern-league-2026-06-1710628,league,Karazu,,
2026-06-17,modern-league-2026-06-1710628,league,Kefwyn,,
2026-06-17,modern-league-2026-06-1710628,league,Keggers,,
2026-06-17,modern-league-2026-06-1710628,league,Kellanved0,,
2026-06-17,modern-league-2026-06-1710628,league,Kerrick_,,
2026-06-17,modern-league-2026-06-1710628,league,KevinCon,,
2026-06-17,modern-league-2026-06-1710628,league,KingChainsaw,,
2026-06-17,modern-league-2026-06-1710628,league,LuccaMSA,,
2026-06-17,modern-league-2026-06-1710628,league,LukeTurner88,,
2026-06-17,modern-league-2026-06-1710628,league,MaxMedeiros,,
2026-06-17,modern-league-2026-06-1710628,league,May_Chang,,
2026-06-17,modern-league-2026-06-1710628,league,Mickroman,,
2026-06-17,modern-league-2026-06-1710628,league,MoBeatS,,
2026-06-17,modern-league-2026-06-1710628,league,NMT_Bamba,,
2026-06-17,modern-league-2026-06-1710628,league,Nicopanico,,
2026-06-17,modern-league-2026-06-1710628,league,OafMcNamara,,
2026-06-17,modern-league-2026-06-1710628,league,Orimbvbbzka,,
2026-06-17,modern-league-2026-06-1710628,league,ProtoPulse,,
2026-06-17,modern-league-2026-06-1710628,league,RandomGameActions,,
2026-06-17,modern-league-2026-06-1710628,league,Safranek,,
2026-06-17,modern-league-2026-06-1710628,league,SchwiftySchleeps,,
2026-06-17,modern-league-2026-06-1710628,league,Sfrenka667,,
2026-06-17,modern-league-2026-06-1710628,league,Terminus0,,
2026-06-17,modern-league-2026-06-1710628,league,Thronhart,,
2026-06-17,modern-league-2026-06-1710628,league,TibbersAU,,
2026-06-17,modern-league-2026-06-1710628,league,Tsuji Ryosuke,,
2026-06-17,modern-league-2026-06-1710628,league,TuckerMTG,,
2026-06-17,modern-league-2026-06-1710628,league,Warloard1999,,
2026-06-17,modern-league-2026-06-1710628,league,White_Fish,,
2026-06-17,modern-league-2026-06-1710628,league,Yakoo,,
2026-06-17,modern-league-2026-06-1710628,league,Yumas2,,
2026-06-17,modern-league-2026-06-1710628,league,YungDingo,,
2026-06-17,modern-league-2026-06-1710628,league,Ziene,,
2026-06-17,modern-league-2026-06-1710628,league,_SonBes_,,
2026-06-17,modern-league-2026-06-1710628,league,_pmo_,,
2026-06-17,modern-league-2026-06-1710628,league,azax,,
2026-06-17,modern-league-2026-06-1710628,league,azax,,
2026-06-17,modern-league-2026-06-1710628,league,batikang,,
2026-06-17,modern-league-2026-06-1710628,league,bobthedog,,
2026-06-17,modern-league-2026-06-1710628,league,chapaking8,,
2026-06-17,modern-league-2026-06-1710628,league,choccy_milk,,
2026-06-17,modern-league-2026-06-1710628,league,darikun,,
2026-06-17,modern-league-2026-06-1710628,league,daxerz,,
2026-06-17,modern-league-2026-06-1710628,league,dzk,,
2026-06-17,modern-league-2026-06-1710628,league,emzagu,,
2026-06-17,modern-league-2026-06-1710628,league,harlouuk,,
2026-06-17,modern-league-2026-06-1710628,league,jackie42005,,
2026-06-17,modern-league-2026-06-1710628,league,joaoclaudioms,,
2026-06-17,modern-league-2026-06-1710628,league,jontih,,
2026-06-17,modern-league-2026-06-1710628,league,jontih,,
2026-06-17,modern-league-2026-06-1710628,league,kite_,,
2026-06-17,modern-league-2026-06-1710628,league,maxxattack,,
2026-06-17,modern-league-2026-06-1710628,league,nbdf,,
2026-06-17,modern-league-2026-06-1710628,league,nk0913,,
2026-06-17,modern-league-2026-06-1710628,league,sicsmoo,,
2026-06-17,modern-league-2026-06-1710628,league,snietse,,
2026-06-17,modern-league-2026-06-1710628,league,thememans,,
2026-06-17,modern-league-2026-06-1710628,league,thodoris17,,
2026-06-17,modern-league-2026-06-1710628,league,zhangkh,,
2026-06-18,modern-challenge-64-2026-06-1812844826,challenge-64,Pleyboy,1,21
2026-06-18,modern-challenge-64-2026-06-1812844826,challenge-64,Dabol-R,2,18
2026-06-18,modern-challenge-64-2026-06-1812844826,challenge-64,Karazu,3,18
2026-06-18,modern-challenge-64-2026-06-1812844826,challenge-64,leandru,4,18
2026-06-18,modern-challenge-64-2026-06-1812844826,challenge-64,Young_Shaman,5,18
2026-06-18,modern-challenge-64-2026-06-1812844826,challenge-64,MTGHolic,6,18
2026-06-18,modern-challenge-64-2026-06-1812844826,challenge-64,_Tia93_,7,18
2026-06-18,modern-challenge-64-2026-06-1812844826,challenge-64,Jumba,8,15
2026-06-18,modern-challenge-64-2026-06-1812844826,challenge-64,kanister,9,15
2026-06-18,modern-challenge-64-2026-06-1812844826,challenge-64,unagieel,10,15
2026-06-18,modern-challenge-64-2026-06-1812844826,challenge-64,Alakai,11,15
2026-06-18,modern-challenge-64-2026-06-1812844826,challenge-64,Deathmaxx,12,15
2026-06-18,modern-challenge-64-2026-06-1812844826,challenge-64,rastaf,13,15
2026-06-18,modern-challenge-64-2026-06-1812844826,challenge-64,__Magic__Dan__,14,15
2026-06-18,modern-challenge-64-2026-06-1812844826,challenge-64,Corkyboyy,15,15
2026-06-18,modern-challenge-64-2026-06-1812844826,challenge-64,Beenew,16,15
2026-06-18,modern-challenge-64-2026-06-1812844826,challenge-64,Capitano_CL,17,15
2026-06-18,modern-challenge-64-2026-06-1812844826,challenge-64,Mistakenn,18,15
2026-06-18,modern-challenge-64-2026-06-1812844826,challenge-64,stefansson30952,19,15
2026-06-18,modern-challenge-64-2026-06-1812844826,challenge-64,kerion117,20,15
2026-06-18,modern-challenge-64-2026-06-1812844826,challenge-64,Aldreen,21,15
2026-06-18,modern-challenge-64-2026-06-1812844826,challenge-64,Odin2015,22,15
2026-06-18,modern-challenge-64-2026-06-1812844826,challenge-64,AchtungSchaaf827,23,15
2026-06-18,modern-challenge-64-2026-06-1812844826,challenge-64,klien7,24,12
2026-06-18,modern-challenge-64-2026-06-1812844826,challenge-64,MatheusPonciano,25,12
2026-06-18,modern-challenge-64-2026-06-1812844826,challenge-64,soggymeatball,26,12
2026-06-18,modern-challenge-64-2026-06-1812844826,challenge-64,Tinker_deck,27,12
2026-06-18,modern-challenge-64-2026-06-1812844826,challenge-64,SrDurum,28,12
2026-06-18,modern-challenge-64-2026-06-1812844826,challenge-64,FraKoE,29,12
2026-06-18,modern-challenge-64-2026-06-1812844826,challenge-64,Porks,30,12
2026-06-18,modern-challenge-64-2026-06-1812844826,challenge-64,johnsmith3373,31,12
2026-06-18,modern-challenge-64-2026-06-1812844826,challenge-64,PedroFaria22,32,12
2026-06-18,modern-league-2026-06-1810628,league,--Dante,,
2026-06-18,modern-league-2026-06-1810628,league,CORESET_OMEGALUL,,
2026-06-18,modern-league-2026-06-1810628,league,CesarMerjan,,
2026-06-18,modern-league-2026-06-1810628,league,Chrollo28,,
2026-06-18,modern-league-2026-06-1810628,league,Costola91,,
2026-06-18,modern-league-2026-06-1810628,league,CrisMTG77,,
2026-06-18,modern-league-2026-06-1810628,league,DB_Rizzi,,
2026-06-18,modern-league-2026-06-1810628,league,DejoyOfGaming,,
2026-06-18,modern-league-2026-06-1810628,league,Downfall89,,
2026-06-18,modern-league-2026-06-1810628,league,DrCrust,,
2026-06-18,modern-league-2026-06-1810628,league,Dyno-,,
2026-06-18,modern-league-2026-06-1810628,league,Edel,,
2026-06-18,modern-league-2026-06-1810628,league,Elitism,,
2026-06-18,modern-league-2026-06-1810628,league,Fatcaster_Mage,,
2026-06-18,modern-league-2026-06-1810628,league,GR_DONKIN,,
2026-06-18,modern-league-2026-06-1810628,league,HDG_BorisE,,
2026-06-18,modern-league-2026-06-1810628,league,JohnTag667,,
2026-06-18,modern-league-2026-06-1810628,league,Jrcitizen,,
2026-06-18,modern-league-2026-06-1810628,league,Kenshin8223,,
2026-06-18,modern-league-2026-06-1810628,league,L1X0,,
2026-06-18,modern-league-2026-06-1810628,league,MChoq,,
2026-06-18,modern-league-2026-06-1810628,league,Mateusf34,,
2026-06-18,modern-league-2026-06-1810628,league,MattTumavitch13,,
2026-06-18,modern-league-2026-06-1810628,league,Mattatoio,,
2026-06-18,modern-league-2026-06-1810628,league,Mazzakre,,
2026-06-18,modern-league-2026-06-1810628,league,MertNL,,
2026-06-18,modern-league-2026-06-1810628,league,MrCafouillette,,
2026-06-18,modern-league-2026-06-1810628,league,MrSeri,,
2026-06-18,modern-league-2026-06-1810628,league,Nedense,,
2026-06-18,modern-league-2026-06-1810628,league,PTarts2win,,
2026-06-18,modern-league-2026-06-1810628,league,Quinaroon,,
2026-06-18,modern-league-2026-06-1810628,league,Rhyfelwyr,,
2026-06-18,modern-league-2026-06-1810628,league,Rudokant,,
2026-06-18,modern-league-2026-06-1810628,league,Rvng,,
2026-06-18,modern-league-2026-06-1810628,league,STRONKSMASH,,
2026-06-18,modern-league-2026-06-1810628,league,SaltySushi6,,
2026-06-18,modern-league-2026-06-1810628,league,Salvatto,,
2026-06-18,modern-league-2026-06-1810628,league,Schiapponetor,,
2026-06-18,modern-league-2026-06-1810628,league,SchwiftySchleeps,,
2026-06-18,modern-league-2026-06-1810628,league,Sharkcaster_Mage,,
2026-06-18,modern-league-2026-06-1810628,league,ShzockChan,,
2026-06-18,modern-league-2026-06-1810628,league,Stuhl,,
2026-06-18,modern-league-2026-06-1810628,league,TacticalWreck,,
2026-06-18,modern-league-2026-06-1810628,league,Toscanini,,
2026-06-18,modern-league-2026-06-1810628,league,VenoW_art,,
2026-06-18,modern-league-2026-06-1810628,league,Vollhorst76,,
2026-06-18,modern-league-2026-06-1810628,league,Xenowan,,
2026-06-18,modern-league-2026-06-1810628,league,Yakoo,,
2026-06-18,modern-league-2026-06-1810628,league,ZSparx,,
2026-06-18,modern-league-2026-06-1810628,league,Zeect,,
2026-06-18,modern-league-2026-06-1810628,league,Zorro7x4,,
2026-06-18,modern-league-2026-06-1810628,league,_tsoi_,,
2026-06-18,modern-league-2026-06-1810628,league,alexeezayyy,,
2026-06-18,modern-league-2026-06-1810628,league,badrapttor,,
2026-06-18,modern-league-2026-06-1810628,league,bokk,,
2026-06-18,modern-league-2026-06-1810628,league,chengyiw,,
2026-06-18,modern-league-2026-06-1810628,league,choccy_milk,,
2026-06-18,modern-league-2026-06-1810628,league,darikun,,
2026-06-18,modern-league-2026-06-1810628,league,deftjad,,
2026-06-18,modern-league-2026-06-1810628,league,dj1993,,
2026-06-18,modern-league-2026-06-1810628,league,eyalos2806,,
2026-06-18,modern-league-2026-06-1810628,league,frekinsmart,,
2026-06-18,modern-league-2026-06-1810628,league,littlebinboy,,
2026-06-18,modern-league-2026-06-1810628,league,mtbWolf,,
2026-06-18,modern-league-2026-06-1810628,league,mtjesus_,,
2026-06-18,modern-league-2026-06-1810628,league,sergi3108,,
2026-06-18,modern-league-2026-06-1810628,league,sgcyrus,,
2026-06-18,modern-league-2026-06-1810628,league,shigure1020,,
2026-06-18,modern-league-2026-06-1810628,league,ssbmARMY,,
2026-06-18,modern-league-2026-06-1810628,league,tennisStar99,,
2026-06-18,modern-league-2026-06-1810628,league,tigress,,
2026-06-18,modern-league-2026-06-1810628,league,toondoslav,,
2026-06-18,modern-league-2026-06-1810628,league,undique,,
2026-06-18,modern-league-2026-06-1810628,league,wzanotti,,
2026-06-19,modern-challenge-64-2026-06-1912844843,challenge-64,UninspiredMehjagic,1,18
2026-06-19,modern-challenge-64-2026-06-1912844843,challenge-64,Eason271,2,21
2026-06-19,modern-challenge-64-2026-06-1912844843,challenge-64,RCMerriam,3,18
2026-06-19,modern-challenge-64-2026-06-1912844843,challenge-64,RezerDeDog,4,18
2026-06-19,modern-challenge-64-2026-06-1912844843,challenge-64,aBlueRaven,5,18
2026-06-19,modern-challenge-64-2026-06-1912844843,challenge-64,NJ5030,6,18
2026-06-19,modern-challenge-64-2026-06-1912844843,challenge-64,MahfuzVanGogh,7,18
2026-06-19,modern-challenge-64-2026-06-1912844843,challenge-64,ScreenwriterNY,8,15
2026-06-19,modern-challenge-64-2026-06-1912844843,challenge-64,KillerWhale01,9,15
2026-06-19,modern-challenge-64-2026-06-1912844843,challenge-64,TSPJendrek,10,15
2026-06-19,modern-challenge-64-2026-06-1912844843,challenge-64,FreshKale,11,15
2026-06-19,modern-challenge-64-2026-06-1912844843,challenge-64,ETBJezus,12,15
2026-06-19,modern-challenge-64-2026-06-1912844843,challenge-64,digdude13,13,15
2026-06-19,modern-challenge-64-2026-06-1912844843,challenge-64,Mistakenn,14,15
2026-06-19,modern-challenge-64-2026-06-1912844843,challenge-64,GWT,15,15
2026-06-19,modern-challenge-64-2026-06-1912844843,challenge-64,Porks,16,15
2026-06-19,modern-challenge-64-2026-06-1912844843,challenge-64,AlanHawk525,17,15
2026-06-19,modern-challenge-64-2026-06-1912844843,challenge-64,Flossing,18,15
2026-06-19,modern-challenge-64-2026-06-1912844843,challenge-64,SlankyPotato,19,15
2026-06-19,modern-challenge-64-2026-06-1912844843,challenge-64,LukeBrandes,20,15
2026-06-19,modern-challenge-64-2026-06-1912844843,challenge-64,Valident,21,15
2026-06-19,modern-challenge-64-2026-06-1912844843,challenge-64,EL_Zanetti,22,15
2026-06-19,modern-challenge-64-2026-06-1912844843,challenge-64,RealG_MTG,23,15
2026-06-19,modern-challenge-64-2026-06-1912844843,challenge-64,kennydarko,24,15
2026-06-19,modern-challenge-64-2026-06-1912844843,challenge-64,Xerk,25,15
2026-06-19,modern-challenge-64-2026-06-1912844843,challenge-64,St1ffler,26,15
2026-06-19,modern-challenge-64-2026-06-1912844843,challenge-64,DFrank,27,12
2026-06-19,modern-challenge-64-2026-06-1912844843,challenge-64,drklutch,28,12
2026-06-19,modern-challenge-64-2026-06-1912844843,challenge-64,Takayama,29,12
2026-06-19,modern-challenge-64-2026-06-1912844843,challenge-64,Capitano_CL,30,12
2026-06-19,modern-challenge-64-2026-06-1912844843,challenge-64,claudioh,31,12
2026-06-19,modern-challenge-64-2026-06-1912844843,challenge-64,Rvng,32,12
2026-06-19,modern-league-2026-06-1910628,league,Alozzk,,
2026-06-19,modern-league-2026-06-1910628,league,Awalps,,
2026-06-19,modern-league-2026-06-1910628,league,Bong0411,,
2026-06-19,modern-league-2026-06-1910628,league,Bong0411,,
2026-06-19,modern-league-2026-06-1910628,league,CapybaraFanboy,,
2026-06-19,modern-league-2026-06-1910628,league,DEPIXELEDJ2000,,
2026-06-19,modern-league-2026-06-1910628,league,DMLK,,
2026-06-19,modern-league-2026-06-1910628,league,Edel,,
2026-06-19,modern-league-2026-06-1910628,league,EduBarreto,,
2026-06-19,modern-league-2026-06-1910628,league,EthanGZA,,
2026-06-19,modern-league-2026-06-1910628,league,Evariel,,
2026-06-19,modern-league-2026-06-1910628,league,Fatal_Vlad,,
2026-06-19,modern-league-2026-06-1910628,league,Fatcaster_Mage,,
2026-06-19,modern-league-2026-06-1910628,league,Fleetwheels,,
2026-06-19,modern-league-2026-06-1910628,league,GingerHitman,,
2026-06-19,modern-league-2026-06-1910628,league,GirthGod,,
2026-06-19,modern-league-2026-06-1910628,league,HeX5,,
2026-06-19,modern-league-2026-06-1910628,league,Ivc,,
2026-06-19,modern-league-2026-06-1910628,league,Jaraxxus,,
2026-06-19,modern-league-2026-06-1910628,league,Kefwyn,,
2026-06-19,modern-league-2026-06-1910628,league,KingHairy,,
2026-06-19,modern-league-2026-06-1910628,league,Kummins11,,
2026-06-19,modern-league-2026-06-1910628,league,Kummins11,,
2026-06-19,modern-league-2026-06-1910628,league,LangeBastian,,
2026-06-19,modern-league-2026-06-1910628,league,Malox11,,
2026-06-19,modern-league-2026-06-1910628,league,Manas235,,
2026-06-19,modern-league-2026-06-1910628,league,MikeOxlittle,,
2026-06-19,modern-league-2026-06-1910628,league,Perigohn,,
2026-06-19,modern-league-2026-06-1910628,league,Pleyboy,,
2026-06-19,modern-league-2026-06-1910628,league,Prodyman,,
2026-06-19,modern-league-2026-06-1910628,league,RNicoF,,
2026-06-19,modern-league-2026-06-1910628,league,RespectTheCat,,
2026-06-19,modern-league-2026-06-1910628,league,Rulerofsome,,
2026-06-19,modern-league-2026-06-1910628,league,RuthlessCorndog21,,
2026-06-19,modern-league-2026-06-1910628,league,Salvatto,,
2026-06-19,modern-league-2026-06-1910628,league,SightWinner,,
2026-06-19,modern-league-2026-06-1910628,league,SmittenWord,,
2026-06-19,modern-league-2026-06-1910628,league,St1ffler,,
2026-06-19,modern-league-2026-06-1910628,league,TYPEWOG,,
2026-06-19,modern-league-2026-06-1910628,league,Takayama,,
2026-06-19,modern-league-2026-06-1910628,league,Ururur,,
2026-06-19,modern-league-2026-06-1910628,league,WANDERING_LOTUS,,
2026-06-19,modern-league-2026-06-1910628,league,aarrgh,,
2026-06-19,modern-league-2026-06-1910628,league,albybale93,,
2026-06-19,modern-league-2026-06-1910628,league,arbitraryarmor,,
2026-06-19,modern-league-2026-06-1910628,league,artilleryfrost,,
2026-06-19,modern-league-2026-06-1910628,league,avishai-elma,,
2026-06-19,modern-league-2026-06-1910628,league,chagu,,
2026-06-19,modern-league-2026-06-1910628,league,eneges,,
2026-06-19,modern-league-2026-06-1910628,league,enlightenedmuppet,,
2026-06-19,modern-league-2026-06-1910628,league,genmatsu,,
2026-06-19,modern-league-2026-06-1910628,league,hellisreal,,
2026-06-19,modern-league-2026-06-1910628,league,jsmolio,,
2026-06-19,modern-league-2026-06-1910628,league,kavu2br,,
2026-06-19,modern-league-2026-06-1910628,league,kspgigabyte,,
2026-06-19,modern-league-2026-06-1910628,league,littlebinboy,,
2026-06-19,modern-league-2026-06-1910628,league,matiaskm,,
2026-06-19,modern-league-2026-06-1910628,league,mikeleee,,
2026-06-19,modern-league-2026-06-1910628,league,mogis67,,
2026-06-19,modern-league-2026-06-1910628,league,shooken,,
2026-06-19,modern-league-2026-06-1910628,league,sicsmoo,,
2026-06-19,modern-league-2026-06-1910628,league,thomper90,,
2026-06-19,modern-league-2026-06-1910628,league,toondoslav,,
2026-06-19,modern-league-2026-06-1910628,league,tvincent,,
2026-06-19,modern-league-2026-06-1910628,league,waffl3haos,,
2026-06-19,modern-league-2026-06-1910628,league,yodela,,
2026-06-20,modern-challenge-32-2026-06-2012844852,challenge-32,AChord4Five,1,18
2026-06-20,modern-challenge-32-2026-06-2012844852,challenge-32,LucasG1ggs,2,15
2026-06-20,modern-challenge-32-2026-06-2012844852,challenge-32,_Falcon_,3,18
2026-06-20,modern-challenge-32-2026-06-2012844852,challenge-32,Flossing,4,15
2026-06-20,modern-challenge-32-2026-06-2012844852,challenge-32,AwesomPossum,5,21
2026-06-20,modern-challenge-32-2026-06-2012844852,challenge-32,Samcaster-Mage,6,18
2026-06-20,modern-challenge-32-2026-06-2012844852,challenge-32,Azja,7,15
2026-06-20,modern-challenge-32-2026-06-2012844852,challenge-32,EvoPride,8,15
2026-06-20,modern-challenge-32-2026-06-2012844852,challenge-32,ganache1127,9,15
2026-06-20,modern-challenge-32-2026-06-2012844852,challenge-32,DrewEldon,10,15
2026-06-20,modern-challenge-32-2026-06-2012844852,challenge-32,ScreenwriterNY,11,15
2026-06-20,modern-challenge-32-2026-06-2012844852,challenge-32,narcatrashcan,12,15
2026-06-20,modern-challenge-32-2026-06-2012844852,challenge-32,yriel,13,15
2026-06-20,modern-challenge-32-2026-06-2012844852,challenge-32,EsperWTB,14,15
2026-06-20,modern-challenge-32-2026-06-2012844852,challenge-32,TibbersAU,15,15
2026-06-20,modern-challenge-32-2026-06-2012844852,challenge-32,JV_7777,16,15
2026-06-20,modern-challenge-32-2026-06-2012844852,challenge-32,SodaMaster92,17,15
2026-06-20,modern-challenge-32-2026-06-2012844852,challenge-32,YungDingo,18,15
2026-06-20,modern-challenge-32-2026-06-2012844852,challenge-32,CMack_,19,12
2026-06-20,modern-challenge-32-2026-06-2012844852,challenge-32,TheMeatMan,20,12
2026-06-20,modern-challenge-32-2026-06-2012844852,challenge-32,Jonii,21,12
2026-06-20,modern-challenge-32-2026-06-2012844852,challenge-32,gazmon48,22,12
2026-06-20,modern-challenge-32-2026-06-2012844852,challenge-32,SlavSlays,23,12
2026-06-20,modern-challenge-32-2026-06-2012844852,challenge-32,DemianDesposito10,24,12
2026-06-20,modern-challenge-32-2026-06-2012844852,challenge-32,jorelm510,25,12
2026-06-20,modern-challenge-32-2026-06-2012844852,challenge-32,Leakyirl,26,12
2026-06-20,modern-challenge-32-2026-06-2012844852,challenge-32,toothymtg,27,12
2026-06-20,modern-challenge-32-2026-06-2012844852,challenge-32,Golgarburr,28,12
2026-06-20,modern-challenge-32-2026-06-2012844852,challenge-32,olbeda,29,12
2026-06-20,modern-challenge-32-2026-06-2012844852,challenge-32,RiceTackler,30,12
2026-06-20,modern-challenge-32-2026-06-2012844852,challenge-32,Bent,31,12
2026-06-20,modern-challenge-32-2026-06-2012844852,challenge-32,N0000000B,32,12
2026-06-20,modern-challenge-32-2026-06-2012844854,challenge-32,yunyu1234,1,12
2026-06-20,modern-challenge-32-2026-06-2012844854,challenge-32,hunnhu,2,12
2026-06-20,modern-challenge-32-2026-06-2012844854,challenge-32,Lord_of_The_Wastes,3,15
2026-06-20,modern-challenge-32-2026-06-2012844854,challenge-32,JPA93,4,15
2026-06-20,modern-challenge-32-2026-06-2012844854,challenge-32,yolad,5,18
2026-06-20,modern-challenge-32-2026-06-2012844854,challenge-32,E_Kaminuma,6,15
2026-06-20,modern-challenge-32-2026-06-2012844854,challenge-32,VizosMTG,7,15
2026-06-20,modern-challenge-32-2026-06-2012844854,challenge-32,felider,8,15
2026-06-20,modern-challenge-32-2026-06-2012844854,challenge-32,Marmotte_Lambda,9,12
2026-06-20,modern-challenge-32-2026-06-2012844854,challenge-32,selesneal,10,12
2026-06-20,modern-challenge-32-2026-06-2012844854,challenge-32,Lightspirit,11,12
2026-06-20,modern-challenge-32-2026-06-2012844854,challenge-32,HelpfulHobo,12,12
2026-06-20,modern-challenge-32-2026-06-2012844854,challenge-32,pepeteam,13,12
2026-06-20,modern-challenge-32-2026-06-2012844854,challenge-32,SimoCr,14,12
2026-06-20,modern-challenge-32-2026-06-2012844854,challenge-32,Barneygumbal,15,12
2026-06-20,modern-challenge-32-2026-06-2012844854,challenge-32,sioutis_kk,16,12
2026-06-20,modern-challenge-32-2026-06-2012844854,challenge-32,JV_7777,17,12
2026-06-20,modern-challenge-32-2026-06-2012844854,challenge-32,groot02,18,9
2026-06-20,modern-challenge-32-2026-06-2012844854,challenge-32,fradev1988,19,9
2026-06-20,modern-challenge-32-2026-06-2012844854,challenge-32,SaN3,20,9
2026-06-20,modern-challenge-32-2026-06-2012844854,challenge-32,Selfeisek,21,9
2026-06-20,modern-challenge-32-2026-06-2012844854,challenge-32,DragonFodder,22,9
2026-06-20,modern-challenge-32-2026-06-2012844854,challenge-32,medvedev,23,9
2026-06-20,modern-challenge-32-2026-06-2012844854,challenge-32,Taddy_99,24,9
2026-06-20,modern-challenge-32-2026-06-2012844854,challenge-32,EthanBird,25,9
2026-06-20,modern-challenge-32-2026-06-2012844854,challenge-32,eXeliS,26,9
2026-06-20,modern-challenge-32-2026-06-2012844854,challenge-32,kaiszern,27,9
2026-06-20,modern-challenge-32-2026-06-2012844854,challenge-32,SanPop,28,9
2026-06-20,modern-challenge-32-2026-06-2012844854,challenge-32,yriel,29,9
2026-06-20,modern-challenge-32-2026-06-2012844854,challenge-32,touto_Isle,30,9
2026-06-20,modern-challenge-32-2026-06-2012844854,challenge-32,CORESET_OMEGALUL,31,6
2026-06-20,modern-challenge-32-2026-06-2012844854,challenge-32,stefansson30952,32,6
2026-06-20,modern-challenge-64-2026-06-2012844859,challenge-64,Vyncint_Blankenship,1,18
2026-06-20,modern-challenge-64-2026-06-2012844859,challenge-64,MeninoNey,2,18
2026-06-20,modern-challenge-64-2026-06-2012844859,challenge-64,Reeeesh,3,18
2026-06-20,modern-challenge-64-2026-06-2012844859,challenge-64,Samcaster-Mage,4,18
2026-06-20,modern-challenge-64-2026-06-2012844859,challenge-64,Rvng,5,18
2026-06-20,modern-challenge-64-2026-06-2012844859,challenge-64,alpi61,6,18
2026-06-20,modern-challenge-64-2026-06-2012844859,challenge-64,johnsmith3373,7,18
2026-06-20,modern-challenge-64-2026-06-2012844859,challenge-64,Tomjones11235,8,18
2026-06-20,modern-challenge-64-2026-06-2012844859,challenge-64,NJ5030,9,15
2026-06-20,modern-challenge-64-2026-06-2012844859,challenge-64,EsperWTB,10,15
2026-06-20,modern-challenge-64-2026-06-2012844859,challenge-64,DemianDesposito10,11,15
2026-06-20,modern-challenge-64-2026-06-2012844859,challenge-64,PerkyT,12,15
2026-06-20,modern-challenge-64-2026-06-2012844859,challenge-64,AbelMolto,13,15
2026-06-20,modern-challenge-64-2026-06-2012844859,challenge-64,Jumba,14,15
2026-06-20,modern-challenge-64-2026-06-2012844859,challenge-64,Erik157751,15,15
2026-06-20,modern-challenge-64-2026-06-2012844859,challenge-64,elementix,16,15
2026-06-20,modern-challenge-64-2026-06-2012844859,challenge-64,MacIsaac,17,15
2026-06-20,modern-challenge-64-2026-06-2012844859,challenge-64,yunk3r,18,15
2026-06-20,modern-challenge-64-2026-06-2012844859,challenge-64,NathanOfTheGiltLeaf,19,15
2026-06-20,modern-challenge-64-2026-06-2012844859,challenge-64,SlankyPotato,20,15
2026-06-20,modern-challenge-64-2026-06-2012844859,challenge-64,Kvoth3MTG,21,15
2026-06-20,modern-challenge-64-2026-06-2012844859,challenge-64,LBBL,22,15
2026-06-20,modern-challenge-64-2026-06-2012844859,challenge-64,flushpuppyTRB,23,15
2026-06-20,modern-challenge-64-2026-06-2012844859,challenge-64,Nuserdog,24,15
2026-06-20,modern-challenge-64-2026-06-2012844859,challenge-64,Lightspirit,25,15
2026-06-20,modern-challenge-64-2026-06-2012844859,challenge-64,Flossing,26,12
2026-06-20,modern-challenge-64-2026-06-2012844859,challenge-64,Legion935,27,12
2026-06-20,modern-challenge-64-2026-06-2012844859,challenge-64,LangeBastian,28,12
2026-06-20,modern-challenge-64-2026-06-2012844859,challenge-64,Napoleon_I,29,12
2026-06-20,modern-challenge-64-2026-06-2012844859,challenge-64,MahfuzVanGogh,30,12
2026-06-20,modern-challenge-64-2026-06-2012844859,challenge-64,Yanatoy,31,12
2026-06-20,modern-challenge-64-2026-06-2012844859,challenge-64,mikeveghokay,32,12
2026-06-20,modern-league-2026-06-2010628,league,Alebina1986,,
2026-06-20,modern-league-2026-06-2010628,league,Ashbrown,,
2026-06-20,modern-league-2026-06-2010628,league,AzureMoon,,
2026-06-20,modern-league-2026-06-2010628,league,BasedCloy,,
2026-06-20,modern-league-2026-06-2010628,league,Boland,,
2026-06-20,modern-league-2026-06-2010628,league,Clamavus,,
2026-06-20,modern-league-2026-06-2010628,league,CreamTeamLeader,,
2026-06-20,modern-league-2026-06-2010628,league,CrisMTG77,,
2026-06-20,modern-league-2026-06-2010628,league,Damogoyf,,
2026-06-20,modern-league-2026-06-2010628,league,FreeBobby315,,
2026-06-20,modern-league-2026-06-2010628,league,Giakinho,,
2026-06-20,modern-league-2026-06-2010628,league,GoncalvesF,,
2026-06-20,modern-league-2026-06-2010628,league,Goopile,,
2026-06-20,modern-league-2026-06-2010628,league,HDG_BorisE,,
2026-06-20,modern-league-2026-06-2010628,league,IanHoff,,
2026-06-20,modern-league-2026-06-2010628,league,Jakesbaked,,
2026-06-20,modern-league-2026-06-2010628,league,Jonii,,
2026-06-20,modern-league-2026-06-2010628,league,KlubbarN,,
2026-06-20,modern-league-2026-06-2010628,league,MHayashi,,
2026-06-20,modern-league-2026-06-2010628,league,Minuet,,
2026-06-20,modern-league-2026-06-2010628,league,MixolydianMagus,,
2026-06-20,modern-league-2026-06-2010628,league,OafMcNamara,,
2026-06-20,modern-league-2026-06-2010628,league,OafMcNamara,,
2026-06-20,modern-league-2026-06-2010628,league,PTarts2win,,
2026-06-20,modern-league-2026-06-2010628,league,PTarts2win,,
2026-06-20,modern-league-2026-06-2010628,league,Rudokant,,
2026-06-20,modern-league-2026-06-2010628,league,Spirit_,,
2026-06-20,modern-league-2026-06-2010628,league,Swiftclaw_,,
2026-06-20,modern-league-2026-06-2010628,league,TakatouYouichi,,
2026-06-20,modern-league-2026-06-2010628,league,Terp,,
2026-06-20,modern-league-2026-06-2010628,league,TheTunnelingCat,,
2026-06-20,modern-league-2026-06-2010628,league,WeareVenom,,
2026-06-20,modern-league-2026-06-2010628,league,Young_Shaman,,
2026-06-20,modern-league-2026-06-2010628,league,_SonBes_,,
2026-06-20,modern-league-2026-06-2010628,league,_theMoonSage_,,
2026-06-20,modern-league-2026-06-2010628,league,acir,,
2026-06-20,modern-league-2026-06-2010628,league,avishai-elma,,
2026-06-20,modern-league-2026-06-2010628,league,batikang,,
2026-06-20,modern-league-2026-06-2010628,league,bubblywubblytubbler,,
2026-06-20,modern-league-2026-06-2010628,league,darikun,,
2026-06-20,modern-league-2026-06-2010628,league,deadbabyunicorn,,
2026-06-20,modern-league-2026-06-2010628,league,forbiddenteletubby,,
2026-06-20,modern-league-2026-06-2010628,league,gurtmcgee,,
2026-06-20,modern-league-2026-06-2010628,league,jussupinator,,
2026-06-20,modern-league-2026-06-2010628,league,jussupinator,,
2026-06-20,modern-league-2026-06-2010628,league,katoriarch123,,
2026-06-20,modern-league-2026-06-2010628,league,kogamo,,
2026-06-20,modern-league-2026-06-2010628,league,lutriismyboy,,
2026-06-20,modern-league-2026-06-2010628,league,magicgatheringbigfan,,
2026-06-20,modern-league-2026-06-2010628,league,mommydom_manifesto,,
2026-06-20,modern-league-2026-06-2010628,league,nano_g,,
2026-06-20,modern-league-2026-06-2010628,league,nikkuniku,,
2026-06-20,modern-league-2026-06-2010628,league,player_winder,,
2026-06-20,modern-league-2026-06-2010628,league,reidq7,,
2026-06-20,modern-league-2026-06-2010628,league,stefansson30952,,
2026-06-20,modern-league-2026-06-2010628,league,tcpipadsl3,,
2026-06-20,modern-league-2026-06-2010628,league,ulbabrabal,,
2026-06-20,modern-league-2026-06-2010628,league,vinnyrussian123,,
2026-06-20,modern-league-2026-06-2010628,league,vygobog,,
2026-06-20,modern-league-2026-06-2010628,league,willjetz1323,,
2026-06-21,modern-challenge-32-2026-06-2112844870,challenge-32,WanderingOnes,1,18
2026-06-21,modern-challenge-32-2026-06-2112844870,challenge-32,almostomniscient,2,18
2026-06-21,modern-challenge-32-2026-06-2112844870,challenge-32,niuwaid001,3,15
2026-06-21,modern-challenge-32-2026-06-2112844870,challenge-32,Owllicious,4,15
2026-06-21,modern-challenge-32-2026-06-2112844870,challenge-32,Weedland,5,18
2026-06-21,modern-challenge-32-2026-06-2112844870,challenge-32,Diomed_Tidid,6,18
2026-06-21,modern-challenge-32-2026-06-2112844870,challenge-32,__Magic__Dan__,7,18
2026-06-21,modern-challenge-32-2026-06-2112844870,challenge-32,Moorehardcore,8,15
2026-06-21,modern-challenge-32-2026-06-2112844870,challenge-32,Alakai,9,15
2026-06-21,modern-challenge-32-2026-06-2112844870,challenge-32,Giacomellus7,10,15
2026-06-21,modern-challenge-32-2026-06-2112844870,challenge-32,Galashev29,11,15
2026-06-21,modern-challenge-32-2026-06-2112844870,challenge-32,MagicalSnap,12,15
2026-06-21,modern-challenge-32-2026-06-2112844870,challenge-32,giuse713,13,15
2026-06-21,modern-challenge-32-2026-06-2112844870,challenge-32,zveibil,14,15
2026-06-21,modern-challenge-32-2026-06-2112844870,challenge-32,SanPop,15,15
2026-06-21,modern-challenge-32-2026-06-2112844870,challenge-32,1OR513N86,16,15
2026-06-21,modern-challenge-32-2026-06-2112844870,challenge-32,WorstShuffler,17,15
2026-06-21,modern-challenge-32-2026-06-2112844870,challenge-32,McWinSauce,18,15
2026-06-21,modern-challenge-32-2026-06-2112844870,challenge-32,Lavaridge,19,12
2026-06-21,modern-challenge-32-2026-06-2112844870,challenge-32,Xiongye,20,12
2026-06-21,modern-challenge-32-2026-06-2112844870,challenge-32,brandi96,21,12
2026-06-21,modern-challenge-32-2026-06-2112844870,challenge-32,klossi815,22,12
2026-06-21,modern-challenge-32-2026-06-2112844870,challenge-32,Phryziel,23,12
2026-06-21,modern-challenge-32-2026-06-2112844870,challenge-32,DFrank,24,12
2026-06-21,modern-challenge-32-2026-06-2112844870,challenge-32,Death_Lighter,25,12
2026-06-21,modern-challenge-32-2026-06-2112844870,challenge-32,jps_17,26,12
2026-06-21,modern-challenge-32-2026-06-2112844870,challenge-32,CavalloGoloso,27,12
2026-06-21,modern-challenge-32-2026-06-2112844870,challenge-32,hyoooga,28,12
2026-06-21,modern-challenge-32-2026-06-2112844870,challenge-32,Aldreen,29,12
2026-06-21,modern-challenge-32-2026-06-2112844870,challenge-32,Fonche,30,12
2026-06-21,modern-challenge-32-2026-06-2112844870,challenge-32,wallofspikes,31,12
2026-06-21,modern-challenge-32-2026-06-2112844870,challenge-32,unagieel,32,12
2026-06-21,modern-challenge-64-2026-06-2112844866,challenge-64,Relieve,1,18
2026-06-21,modern-challenge-64-2026-06-2112844866,challenge-64,LukeBrandes,2,18
2026-06-21,modern-challenge-64-2026-06-2112844866,challenge-64,MarcoBelacca95,3,21
2026-06-21,modern-challenge-64-2026-06-2112844866,challenge-64,MC_amp2267,4,18
2026-06-21,modern-challenge-64-2026-06-2112844866,challenge-64,termidor,5,18
2026-06-21,modern-challenge-64-2026-06-2112844866,challenge-64,gazmon48,6,18
2026-06-21,modern-challenge-64-2026-06-2112844866,challenge-64,Atagomax,7,18
2026-06-21,modern-challenge-64-2026-06-2112844866,challenge-64,gurtmcgee,8,15
2026-06-21,modern-challenge-64-2026-06-2112844866,challenge-64,ScreenwriterNY,9,15
2026-06-21,modern-challenge-64-2026-06-2112844866,challenge-64,aarrgh,10,15
2026-06-21,modern-challenge-64-2026-06-2112844866,challenge-64,GigaChadSigmaMale,11,15
2026-06-21,modern-challenge-64-2026-06-2112844866,challenge-64,indianpancake,12,15
2026-06-21,modern-challenge-64-2026-06-2112844866,challenge-64,UninspiredMehjagic,13,15
2026-06-21,modern-challenge-64-2026-06-2112844866,challenge-64,Kollslaw,14,15
2026-06-21,modern-challenge-64-2026-06-2112844866,challenge-64,daxerz,15,15
2026-06-21,modern-challenge-64-2026-06-2112844866,challenge-64,HoldTheElle,16,15
2026-06-21,modern-challenge-64-2026-06-2112844866,challenge-64,quiznium,17,15
2026-06-21,modern-challenge-64-2026-06-2112844866,challenge-64,ShadowTitan1,18,15
2026-06-21,modern-challenge-64-2026-06-2112844866,challenge-64,arbitraryarmor,19,15
2026-06-21,modern-challenge-64-2026-06-2112844866,challenge-64,RandomOctopus,20,15
2026-06-21,modern-challenge-64-2026-06-2112844866,challenge-64,DragonFodder,21,15
2026-06-21,modern-challenge-64-2026-06-2112844866,challenge-64,ashame,22,15
2026-06-21,modern-challenge-64-2026-06-2112844866,challenge-64,Arcbound_Papi,23,15
2026-06-21,modern-challenge-64-2026-06-2112844866,challenge-64,MyPotatoes,24,12
2026-06-21,modern-challenge-64-2026-06-2112844866,challenge-64,bugzbugs,25,12
2026-06-21,modern-challenge-64-2026-06-2112844866,challenge-64,HouseOfManaMTG,26,12
2026-06-21,modern-challenge-64-2026-06-2112844866,challenge-64,fried-liver-attack,27,12
2026-06-21,modern-challenge-64-2026-06-2112844866,challenge-64,Ururur,28,12
2026-06-21,modern-challenge-64-2026-06-2112844866,challenge-64,Cesstyx,29,12
2026-06-21,modern-challenge-64-2026-06-2112844866,challenge-64,DemianDesposito10,30,12
2026-06-21,modern-challenge-64-2026-06-2112844866,challenge-64,Capitano_CL,31,12
2026-06-21,modern-challenge-64-2026-06-2112844866,challenge-64,AvianScrolls,32,12
2026-06-21,modern-league-2026-06-2110628,league,Alfaccino,,
2026-06-21,modern-league-2026-06-2110628,league,Ashbrown,,
2026-06-21,modern-league-2026-06-2110628,league,Atagomax,,
2026-06-21,modern-league-2026-06-2110628,league,BaDzIo,,
2026-06-21,modern-league-2026-06-2110628,league,BigTuna27,,
2026-06-21,modern-league-2026-06-2110628,league,CannabisBoy,,
2026-06-21,modern-league-2026-06-2110628,league,Chuckles1248,,
2026-06-21,modern-league-2026-06-2110628,league,CursedOcean,,
2026-06-21,modern-league-2026-06-2110628,league,EsperWTB,,
2026-06-21,modern-league-2026-06-2110628,league,Fleetwheels,,
2026-06-21,modern-league-2026-06-2110628,league,FrankEG_MTG,,
2026-06-21,modern-league-2026-06-2110628,league,GBS,,
2026-06-21,modern-league-2026-06-2110628,league,Gerschi,,
2026-06-21,modern-league-2026-06-2110628,league,Golden91,,
2026-06-21,modern-league-2026-06-2110628,league,HDG_BorisE,,
2026-06-21,modern-league-2026-06-2110628,league,Imaeda,,
2026-06-21,modern-league-2026-06-2110628,league,IntrepidZero,,
2026-06-21,modern-league-2026-06-2110628,league,JackGoldy,,
2026-06-21,modern-league-2026-06-2110628,league,JackS3D,,
2026-06-21,modern-league-2026-06-2110628,league,Jconn,,
2026-06-21,modern-league-2026-06-2110628,league,Jrcitizen,,
2026-06-21,modern-league-2026-06-2110628,league,KangXiaotian,,
2026-06-21,modern-league-2026-06-2110628,league,Kiles85,,
2026-06-21,modern-league-2026-06-2110628,league,Kurusu,,
2026-06-21,modern-league-2026-06-2110628,league,Leohard,,
2026-06-21,modern-league-2026-06-2110628,league,Mistakenn,,
2026-06-21,modern-league-2026-06-2110628,league,Mooshack,,
2026-06-21,modern-league-2026-06-2110628,league,MysticMTGO,,
2026-06-21,modern-league-2026-06-2110628,league,PMMori,,
2026-06-21,modern-league-2026-06-2110628,league,Player44,,
2026-06-21,modern-league-2026-06-2110628,league,Rack,,
2026-06-21,modern-league-2026-06-2110628,league,Reaperss,,
2026-06-21,modern-league-2026-06-2110628,league,RespectTheCat,,
2026-06-21,modern-league-2026-06-2110628,league,RusoA10,,
2026-06-21,modern-league-2026-06-2110628,league,Sfrenka667,,
2026-06-21,modern-league-2026-06-2110628,league,Snoff,,
2026-06-21,modern-league-2026-06-2110628,league,St1ffler,,
2026-06-21,modern-league-2026-06-2110628,league,Stealthmagician,,
2026-06-21,modern-league-2026-06-2110628,league,SupremX,,
2026-06-21,modern-league-2026-06-2110628,league,Tasigurr,,
2026-06-21,modern-league-2026-06-2110628,league,ThatSmashBotGuy,,
2026-06-21,modern-league-2026-06-2110628,league,Thronhart,,
2026-06-21,modern-league-2026-06-2110628,league,TimonN,,
2026-06-21,modern-league-2026-06-2110628,league,Valident,,
2026-06-21,modern-league-2026-06-2110628,league,Valident,,
2026-06-21,modern-league-2026-06-2110628,league,Vorskalf,,
2026-06-21,modern-league-2026-06-2110628,league,Zorro7x4,,
2026-06-21,modern-league-2026-06-2110628,league,Zoru,,
2026-06-21,modern-league-2026-06-2110628,league,_epinephrine,,
2026-06-21,modern-league-2026-06-2110628,league,cgouldner,,
2026-06-21,modern-league-2026-06-2110628,league,djjankolive,,
2026-06-21,modern-league-2026-06-2110628,league,dylab,,
2026-06-21,modern-league-2026-06-2110628,league,ferranr,,
2026-06-21,modern-league-2026-06-2110628,league,fradelrock,,
2026-06-21,modern-league-2026-06-2110628,league,gurig,,
2026-06-21,modern-league-2026-06-2110628,league,jussupinator,,
2026-06-21,modern-league-2026-06-2110628,league,keyzoo,,
2026-06-21,modern-league-2026-06-2110628,league,lsznpa,,
2026-06-21,modern-league-2026-06-2110628,league,lyz050915,,
2026-06-21,modern-league-2026-06-2110628,league,oolong-chan,,
2026-06-21,modern-league-2026-06-2110628,league,quiznium,,
2026-06-21,modern-league-2026-06-2110628,league,rastaf,,
2026-06-21,modern-league-2026-06-2110628,league,ratabruta,,
2026-06-21,modern-league-2026-06-2110628,league,shadow_PT,,
2026-06-21,modern-league-2026-06-2110628,league,shinubi,,
2026-06-21,modern-league-2026-06-2110628,league,three0,,
2026-06-21,modern-league-2026-06-2110628,league,wutang08,,
2026-06-22,modern-challenge-64-2026-06-2212844880,challenge-64,CMack_,1,18
2026-06-22,modern-challenge-64-2026-06-2212844880,challenge-64,CliffBoyardee,2,18
2026-06-22,modern-challenge-64-2026-06-2212844880,challenge-64,RandomOctopus,3,18
2026-06-22,modern-challenge-64-2026-06-2212844880,challenge-64,Azja,4,18
2026-06-22,modern-challenge-64-2026-06-2212844880,challenge-64,HouseOfManaMTG,5,18
2026-06-22,modern-challenge-64-2026-06-2212844880,challenge-64,arbitraryarmor,6,18
2026-06-22,modern-challenge-64-2026-06-2212844880,challenge-64,LucasG1ggs,7,18
2026-06-22,modern-challenge-64-2026-06-2212844880,challenge-64,niuwaid001,8,15
2026-06-22,modern-challenge-64-2026-06-2212844880,challenge-64,GigaChadSigmaMale,9,15
2026-06-22,modern-challenge-64-2026-06-2212844880,challenge-64,NJ5030,10,15
2026-06-22,modern-challenge-64-2026-06-2212844880,challenge-64,jussupinator,11,15
2026-06-22,modern-challenge-64-2026-06-2212844880,challenge-64,KillerWhale01,12,15
2026-06-22,modern-challenge-64-2026-06-2212844880,challenge-64,Odin2015,13,15
2026-06-22,modern-challenge-64-2026-06-2212844880,challenge-64,Ztenod,14,15
2026-06-22,modern-challenge-64-2026-06-2212844880,challenge-64,rastaf,15,15
2026-06-22,modern-challenge-64-2026-06-2212844880,challenge-64,TeamGreed,16,15
2026-06-22,modern-challenge-64-2026-06-2212844880,challenge-64,Clamavus,17,15
2026-06-22,modern-challenge-64-2026-06-2212844880,challenge-64,littesir095,18,15
2026-06-22,modern-challenge-64-2026-06-2212844880,challenge-64,nRAnyOne,19,15
2026-06-22,modern-challenge-64-2026-06-2212844880,challenge-64,Nougatygoodness,20,15
2026-06-22,modern-challenge-64-2026-06-2212844880,challenge-64,triosk,21,12
2026-06-22,modern-challenge-64-2026-06-2212844880,challenge-64,bcs8995,22,12
2026-06-22,modern-challenge-64-2026-06-2212844880,challenge-64,PMMori,23,12
2026-06-22,modern-challenge-64-2026-06-2212844880,challenge-64,SuperCow12653,24,12
2026-06-22,modern-challenge-64-2026-06-2212844880,challenge-64,nitang,25,12
2026-06-22,modern-challenge-64-2026-06-2212844880,challenge-64,derlumberzack,26,12
2026-06-22,modern-challenge-64-2026-06-2212844880,challenge-64,Goomy_,27,12
2026-06-22,modern-challenge-64-2026-06-2212844880,challenge-64,eclipse4343,28,12
2026-06-22,modern-challenge-64-2026-06-2212844880,challenge-64,artilleryfrost,29,12
2026-06-22,modern-challenge-64-2026-06-2212844880,challenge-64,Beenew,30,12
2026-06-22,modern-challenge-64-2026-06-2212844880,challenge-64,zer0h,31,12
2026-06-22,modern-challenge-64-2026-06-2212844880,challenge-64,Marvin_Dalkiri,32,12
2026-06-22,modern-challenge-64-2026-06-2212844884,challenge-64,JustAnotherGuy83,1,18
2026-06-22,modern-challenge-64-2026-06-2212844884,challenge-64,choccy_milk,2,18
2026-06-22,modern-challenge-64-2026-06-2212844884,challenge-64,Laplasjan,3,21
2026-06-22,modern-challenge-64-2026-06-2212844884,challenge-64,lilianna1989,4,18
2026-06-22,modern-challenge-64-2026-06-2212844884,challenge-64,MeninooNey,5,18
2026-06-22,modern-challenge-64-2026-06-2212844884,challenge-64,Sarlanga,6,18
2026-06-22,modern-challenge-64-2026-06-2212844884,challenge-64,eclipse4343,7,18
2026-06-22,modern-challenge-64-2026-06-2212844884,challenge-64,EL_Zanetti,8,15
2026-06-22,modern-challenge-64-2026-06-2212844884,challenge-64,cool95,9,15
2026-06-22,modern-challenge-64-2026-06-2212844884,challenge-64,terlollo04,10,15
2026-06-22,modern-challenge-64-2026-06-2212844884,challenge-64,Karazu,11,15
2026-06-22,modern-challenge-64-2026-06-2212844884,challenge-64,FrankEG_MTG,12,15
2026-06-22,modern-challenge-64-2026-06-2212844884,challenge-64,JakeTMS,13,15
2026-06-22,modern-challenge-64-2026-06-2212844884,challenge-64,mavzero87,14,15
2026-06-22,modern-challenge-64-2026-06-2212844884,challenge-64,Savior0117,15,15
2026-06-22,modern-challenge-64-2026-06-2212844884,challenge-64,McWinSauce,16,15
2026-06-22,modern-challenge-64-2026-06-2212844884,challenge-64,Jumba,17,15
2026-06-22,modern-challenge-64-2026-06-2212844884,challenge-64,Xenowan,18,15
2026-06-22,modern-challenge-64-2026-06-2212844884,challenge-64,tvincent,19,15
2026-06-22,modern-challenge-64-2026-06-2212844884,challenge-64,ShikiXYZ,20,15
2026-06-22,modern-challenge-64-2026-06-2212844884,challenge-64,moreno13,21,15
2026-06-22,modern-challenge-64-2026-06-2212844884,challenge-64,jackie42005,22,15
2026-06-22,modern-challenge-64-2026-06-2212844884,challenge-64,rastaf,23,15
2026-06-22,modern-challenge-64-2026-06-2212844884,challenge-64,Lightspirit,24,15
2026-06-22,modern-challenge-64-2026-06-2212844884,challenge-64,Nuserdog,25,12
2026-06-22,modern-challenge-64-2026-06-2212844884,challenge-64,_Falcon_,26,12
2026-06-22,modern-challenge-64-2026-06-2212844884,challenge-64,Capitano_CL,27,12
2026-06-22,modern-challenge-64-2026-06-2212844884,challenge-64,Valimoth,28,12
2026-06-22,modern-challenge-64-2026-06-2212844884,challenge-64,bugzbugs,29,12
2026-06-22,modern-challenge-64-2026-06-2212844884,challenge-64,Haunter56,30,12
2026-06-22,modern-challenge-64-2026-06-2212844884,challenge-64,littlebinboy,31,12
2026-06-22,modern-challenge-64-2026-06-2212844884,challenge-64,St1ffler,32,12
2026-06-22,modern-league-2026-06-2210628,league,--Dante,,
2026-06-22,modern-league-2026-06-2210628,league,Alan07,,
2026-06-22,modern-league-2026-06-2210628,league,Ambivalentcy,,
2026-06-22,modern-league-2026-06-2210628,league,DelverOfBolts,,
2026-06-22,modern-league-2026-06-2210628,league,DerpityDerpz,,
2026-06-22,modern-league-2026-06-2210628,league,Duki_mtg,,
2026-06-22,modern-league-2026-06-2210628,league,Ezra95,,
2026-06-22,modern-league-2026-06-2210628,league,GoncalvesF,,
2026-06-22,modern-league-2026-06-2210628,league,GuildMasterboros7,,
2026-06-22,modern-league-2026-06-2210628,league,Jrcitizen,,
2026-06-22,modern-league-2026-06-2210628,league,JustAnotherGuy83,,
2026-06-22,modern-league-2026-06-2210628,league,Kaiser_ITA,,
2026-06-22,modern-league-2026-06-2210628,league,Kalleuy,,
2026-06-22,modern-league-2026-06-2210628,league,KevinCon,,
2026-06-22,modern-league-2026-06-2210628,league,LakadMatataaag,,
2026-06-22,modern-league-2026-06-2210628,league,Laplasjan,,
2026-06-22,modern-league-2026-06-2210628,league,MC_amp2267,,
2026-06-22,modern-league-2026-06-2210628,league,Manas235,,
2026-06-22,modern-league-2026-06-2210628,league,Mattatoio,,
2026-06-22,modern-league-2026-06-2210628,league,NinjaSuijetsu,,
2026-06-22,modern-league-2026-06-2210628,league,PETRICHOR21,,
2026-06-22,modern-league-2026-06-2210628,league,Pan0323,,
2026-06-22,modern-league-2026-06-2210628,league,Ploople,,
2026-06-22,modern-league-2026-06-2210628,league,PredatorStyle,,
2026-06-22,modern-league-2026-06-2210628,league,ProtoPulse,,
2026-06-22,modern-league-2026-06-2210628,league,RPidgey,,
2026-06-22,modern-league-2026-06-2210628,league,RenrohMTGO,,
2026-06-22,modern-league-2026-06-2210628,league,Rvng,,
2026-06-22,modern-league-2026-06-2210628,league,STRONKSMASH,,
2026-06-22,modern-league-2026-06-2210628,league,Samcaster-Mage,,
2026-06-22,modern-league-2026-06-2210628,league,ScarletStorms,,
2026-06-22,modern-league-2026-06-2210628,league,Shardless_Agent,,
2026-06-22,modern-league-2026-06-2210628,league,Sousa07,,
2026-06-22,modern-league-2026-06-2210628,league,SpikeCHEN,,
2026-06-22,modern-league-2026-06-2210628,league,Surg3i,,
2026-06-22,modern-league-2026-06-2210628,league,TINUX,,
2026-06-22,modern-league-2026-06-2210628,league,TomCairns,,
2026-06-22,modern-league-2026-06-2210628,league,VentoAureo,,
2026-06-22,modern-league-2026-06-2210628,league,Willthepill,,
2026-06-22,modern-league-2026-06-2210628,league,apriolo1,,
2026-06-22,modern-league-2026-06-2210628,league,azax,,
2026-06-22,modern-league-2026-06-2210628,league,batikang,,
2026-06-22,modern-league-2026-06-2210628,league,choccy_milk,,
2026-06-22,modern-league-2026-06-2210628,league,choccy_milk,,
2026-06-22,modern-league-2026-06-2210628,league,daxerz,,
2026-06-22,modern-league-2026-06-2210628,league,dmorito,,
2026-06-22,modern-league-2026-06-2210628,league,eggybenny,,
2026-06-22,modern-league-2026-06-2210628,league,esatheking,,
2026-06-22,modern-league-2026-06-2210628,league,fireflymylove,,
2026-06-22,modern-league-2026-06-2210628,league,fuya,,
2026-06-22,modern-league-2026-06-2210628,league,goron27,,
2026-06-22,modern-league-2026-06-2210628,league,hubed,,
2026-06-22,modern-league-2026-06-2210628,league,kylet23,,
2026-06-22,modern-league-2026-06-2210628,league,malattia96,,
2026-06-22,modern-league-2026-06-2210628,league,marcoshadow,,
2026-06-22,modern-league-2026-06-2210628,league,psych4tog,,
2026-06-22,modern-league-2026-06-2210628,league,rrhigh4,,
2026-06-22,modern-league-2026-06-2210628,league,thodoris17,,
2026-06-22,modern-league-2026-06-2210628,league,thodoris17,,
2026-06-22,modern-league-2026-06-2210628,league,updraftelemental,,
2026-06-22,modern-league-2026-06-2210628,league,vegasonee,,
2026-06-23,modern-challenge-64-2026-06-2312845617,challenge-64,azax,1,15
2026-06-23,modern-challenge-64-2026-06-2312845617,challenge-64,LBBL,2,15
2026-06-23,modern-challenge-64-2026-06-2312845617,challenge-64,MixolydianMagus,3,18
2026-06-23,modern-challenge-64-2026-06-2312845617,challenge-64,Marxelo,4,15
2026-06-23,modern-challenge-64-2026-06-2312845617,challenge-64,ShikiXYZ,5,21
2026-06-23,modern-challenge-64-2026-06-2312845617,challenge-64,HouseOfManaMTG,6,18
2026-06-23,modern-challenge-64-2026-06-2312845617,challenge-64,LegacyGrinder,7,18
2026-06-23,modern-challenge-64-2026-06-2312845617,challenge-64,LukeBrandes,8,18
2026-06-23,modern-challenge-64-2026-06-2312845617,challenge-64,NJ5030,9,15
2026-06-23,modern-challenge-64-2026-06-2312845617,challenge-64,nahuel10,10,15
2026-06-23,modern-challenge-64-2026-06-2312845617,challenge-64,MeninooNey,11,15
2026-06-23,modern-challenge-64-2026-06-2312845617,challenge-64,Clamavus,12,15
2026-06-23,modern-challenge-64-2026-06-2312845617,challenge-64,MacIsaac,13,15
2026-06-23,modern-challenge-64-2026-06-2312845617,challenge-64,hugofreitas1,14,15
2026-06-23,modern-challenge-64-2026-06-2312845617,challenge-64,cftsoc3,15,15
2026-06-23,modern-challenge-64-2026-06-2312845617,challenge-64,jussupinator,16,12
2026-06-23,modern-challenge-64-2026-06-2312845617,challenge-64,yriel,17,12
2026-06-23,modern-challenge-64-2026-06-2312845617,challenge-64,romstek,18,12
2026-06-23,modern-challenge-64-2026-06-2312845617,challenge-64,AFX,19,12
2026-06-23,modern-challenge-64-2026-06-2312845617,challenge-64,soggymeatball,20,12
2026-06-23,modern-challenge-64-2026-06-2312845617,challenge-64,nesple,21,12
2026-06-23,modern-challenge-64-2026-06-2312845617,challenge-64,IHateJAJAJA,22,12
2026-06-23,modern-challenge-64-2026-06-2312845617,challenge-64,Tinker_deck,23,12
2026-06-23,modern-challenge-64-2026-06-2312845617,challenge-64,DB_cntrlfreak_ttv,24,12
2026-06-23,modern-challenge-64-2026-06-2312845617,challenge-64,jackie42005,25,12
2026-06-23,modern-challenge-64-2026-06-2312845617,challenge-64,DemianDesposito10,26,12
2026-06-23,modern-challenge-64-2026-06-2312845617,challenge-64,LucasG1ggs,27,12
2026-06-23,modern-challenge-64-2026-06-2312845617,challenge-64,bomberboss,28,12
2026-06-23,modern-challenge-64-2026-06-2312845617,challenge-64,InspiringPresence,29,12
2026-06-23,modern-challenge-64-2026-06-2312845617,challenge-64,Bullwinkkle6705,30,12
2026-06-23,modern-challenge-64-2026-06-2312845617,challenge-64,Misplacedginger,31,9
2026-06-23,modern-challenge-64-2026-06-2312845617,challenge-64,RandomOctopus,32,9
2026-06-23,modern-league-2026-06-2310628,league,1WizNth,,
2026-06-23,modern-league-2026-06-2310628,league,AnimaMundipopo,,
2026-06-23,modern-league-2026-06-2310628,league,Arcbound_Papi,,
2026-06-23,modern-league-2026-06-2310628,league,Br1_,,
2026-06-23,modern-league-2026-06-2310628,league,Curacao_Puro,,
2026-06-23,modern-league-2026-06-2310628,league,Dingo34,,
2026-06-23,modern-league-2026-06-2310628,league,EmPython,,
2026-06-23,modern-league-2026-06-2310628,league,Etriol,,
2026-06-23,modern-league-2026-06-2310628,league,Fatcaster_Mage,,
2026-06-23,modern-league-2026-06-2310628,league,GWT,,
2026-06-23,modern-league-2026-06-2310628,league,HelpfulHobo,,
2026-06-23,modern-league-2026-06-2310628,league,HuUeBR,,
2026-06-23,modern-league-2026-06-2310628,league,IriAscent,,
2026-06-23,modern-league-2026-06-2310628,league,JeromeAlce,,
2026-06-23,modern-league-2026-06-2310628,league,Junebugg,,
2026-06-23,modern-league-2026-06-2310628,league,Kummins11,,
2026-06-23,modern-league-2026-06-2310628,league,LalauWBA,,
2026-06-23,modern-league-2026-06-2310628,league,LeandroKopke,,
2026-06-23,modern-league-2026-06-2310628,league,Legion935,,
2026-06-23,modern-league-2026-06-2310628,league,Leyen_decker,,
2026-06-23,modern-league-2026-06-2310628,league,Malox11,,
2026-06-23,modern-league-2026-06-2310628,league,Marvin_Dalkiri,,
2026-06-23,modern-league-2026-06-2310628,league,OrnatePuzzles,,
2026-06-23,modern-league-2026-06-2310628,league,Pelican00,,
2026-06-23,modern-league-2026-06-2310628,league,Roquefort,,
2026-06-23,modern-league-2026-06-2310628,league,ScreenwriterNY,,
2026-06-23,modern-league-2026-06-2310628,league,Silversane,,
2026-06-23,modern-league-2026-06-2310628,league,Sisyfos_happy,,
2026-06-23,modern-league-2026-06-2310628,league,TOP_AI,,
2026-06-23,modern-league-2026-06-2310628,league,Trocasna,,
2026-06-23,modern-league-2026-06-2310628,league,Trocasna,,
2026-06-23,modern-league-2026-06-2310628,league,Yanley,,
2026-06-23,modern-league-2026-06-2310628,league,Yarfangel,,
2026-06-23,modern-league-2026-06-2310628,league,annihilator8,,
2026-06-23,modern-league-2026-06-2310628,league,arbitraryarmor,,
2026-06-23,modern-league-2026-06-2310628,league,bloscott220,,
2026-06-23,modern-league-2026-06-2310628,league,chiyou,,
2026-06-23,modern-league-2026-06-2310628,league,darikun,,
2026-06-23,modern-league-2026-06-2310628,league,daviddmtg,,
2026-06-23,modern-league-2026-06-2310628,league,littesir095,,
2026-06-23,modern-league-2026-06-2310628,league,manicpixiedemon,,
2026-06-23,modern-league-2026-06-2310628,league,moreno13,,
2026-06-23,modern-league-2026-06-2310628,league,schobr,,
2026-06-23,modern-league-2026-06-2310628,league,sleightofhand94,,
2026-06-23,modern-league-2026-06-2310628,league,spoonhandsmcgee,,
2026-06-23,modern-league-2026-06-2310628,league,stampida,,
2026-06-23,modern-league-2026-06-2310628,league,unagieel,,
2026-06-23,modern-league-2026-06-2310847,league,Bobovic,,
2026-06-23,modern-league-2026-06-2310847,league,CesarMerjan,,
2026-06-23,modern-league-2026-06-2310847,league,JuanmaAT,,
2026-06-23,modern-league-2026-06-2310847,league,LordEgg,,
2026-06-23,modern-league-2026-06-2310847,league,Sfrenka667,,
2026-06-24,modern-challenge-32-2026-06-2412845726,challenge-32,Rvng,1,12
2026-06-24,modern-challenge-32-2026-06-2412845726,challenge-32,Dioferreira,2,12
2026-06-24,modern-challenge-32-2026-06-2412845726,challenge-32,Bowman2,3,18
2026-06-24,modern-challenge-32-2026-06-2412845726,challenge-32,KillerWhale01,4,15
2026-06-24,modern-challenge-32-2026-06-2412845726,challenge-32,JohnTag667,5,15
2026-06-24,modern-challenge-32-2026-06-2412845726,challenge-32,ScreenwriterNY,6,15
2026-06-24,modern-challenge-32-2026-06-2412845726,challenge-32,Spellyp,7,12
2026-06-24,modern-challenge-32-2026-06-2412845726,challenge-32,hugofreitas1,8,12
2026-06-24,modern-challenge-32-2026-06-2412845726,challenge-32,Venom01,9,12
2026-06-24,modern-challenge-32-2026-06-2412845726,challenge-32,tuckedaway,10,12
2026-06-24,modern-challenge-32-2026-06-2412845726,challenge-32,IHateJAJAJA,11,12
2026-06-24,modern-challenge-32-2026-06-2412845726,challenge-32,bcs8995,12,9
2026-06-24,modern-challenge-32-2026-06-2412845726,challenge-32,CliffBoyardee,13,9
2026-06-24,modern-challenge-32-2026-06-2412845726,challenge-32,peter780108,14,9
2026-06-24,modern-challenge-32-2026-06-2412845726,challenge-32,TheColorOfBoom,15,9
2026-06-24,modern-challenge-32-2026-06-2412845726,challenge-32,MeninooNey,16,9
2026-06-24,modern-challenge-32-2026-06-2412845726,challenge-32,hypgn0sis,17,9
2026-06-24,modern-challenge-32-2026-06-2412845726,challenge-32,rgrauch,18,6
2026-06-24,modern-challenge-32-2026-06-2412845726,challenge-32,niuwaid001,19,6
2026-06-24,modern-challenge-32-2026-06-2412845726,challenge-32,KadettiKersantti,20,6
2026-06-24,modern-challenge-32-2026-06-2412845726,challenge-32,DeepDisherino,21,6
2026-06-24,modern-challenge-32-2026-06-2412845726,challenge-32,Yenchy,22,6
2026-06-24,modern-challenge-32-2026-06-2412845726,challenge-32,selesneal,23,3
2026-06-24,modern-challenge-32-2026-06-2412845726,challenge-32,AFX,24,3
2026-06-24,modern-challenge-32-2026-06-2412845726,challenge-32,Porks,25,3
2026-06-24,modern-challenge-32-2026-06-2412845726,challenge-32,LucasG1ggs,26,3
2026-06-24,modern-challenge-32-2026-06-2412845726,challenge-32,MC_amp2267,27,3
2026-06-24,modern-challenge-32-2026-06-2412845726,challenge-32,Advxnt,28,3
2026-06-24,modern-challenge-32-2026-06-2412845726,challenge-32,TheTateristTot,29,3
2026-06-24,modern-challenge-32-2026-06-2412845726,challenge-32,littlebinboy,30,3
2026-06-24,modern-challenge-32-2026-06-2412845726,challenge-32,Rapgod,31,3
2026-06-24,modern-challenge-32-2026-06-2412845726,challenge-32,ComingFromBehind,32,0
2026-06-24,modern-challenge-96-2026-06-2412845628,challenge-96,cftsoc3,1,18
2026-06-24,modern-challenge-96-2026-06-2412845628,challenge-96,JustAnotherGuy83,2,18
2026-06-24,modern-challenge-96-2026-06-2412845628,challenge-96,TomBombadi1,3,18
2026-06-24,modern-challenge-96-2026-06-2412845628,challenge-96,rastaf,4,18
2026-06-24,modern-challenge-96-2026-06-2412845628,challenge-96,Tommi1685,5,18
2026-06-24,modern-challenge-96-2026-06-2412845628,challenge-96,MdvWin,6,18
2026-06-24,modern-challenge-96-2026-06-2412845628,challenge-96,MeninoNey,7,18
2026-06-24,modern-challenge-96-2026-06-2412845628,challenge-96,ShikiXYZ,8,15
2026-06-24,modern-challenge-96-2026-06-2412845628,challenge-96,MC_amp2267,9,15
2026-06-24,modern-challenge-96-2026-06-2412845628,challenge-96,TSPJendrek,10,15
2026-06-24,modern-challenge-96-2026-06-2412845628,challenge-96,Selfeisek,11,15
2026-06-24,modern-challenge-96-2026-06-2412845628,challenge-96,Backoff,12,15
2026-06-24,modern-challenge-96-2026-06-2412845628,challenge-96,Porks,13,15
2026-06-24,modern-challenge-96-2026-06-2412845628,challenge-96,HouseOfManaMTG,14,15
2026-06-24,modern-challenge-96-2026-06-2412845628,challenge-96,Misplacedginger,15,15
2026-06-24,modern-challenge-96-2026-06-2412845628,challenge-96,Imaeda,16,15
2026-06-24,modern-challenge-96-2026-06-2412845628,challenge-96,jessy_samek,17,15
2026-06-24,modern-challenge-96-2026-06-2412845628,challenge-96,Vladimir1924,18,15
2026-06-24,modern-challenge-96-2026-06-2412845628,challenge-96,Jumba,19,15
2026-06-24,modern-challenge-96-2026-06-2412845628,challenge-96,KelMasterP,20,15
2026-06-24,modern-challenge-96-2026-06-2412845628,challenge-96,bugzbugs,21,15
2026-06-24,modern-challenge-96-2026-06-2412845628,challenge-96,Zuin,22,15
2026-06-24,modern-challenge-96-2026-06-2412845628,challenge-96,PaulArcher,23,15
2026-06-24,modern-challenge-96-2026-06-2412845628,challenge-96,hugofreitas1,24,15
2026-06-24,modern-challenge-96-2026-06-2412845628,challenge-96,Damocles024,25,12
2026-06-24,modern-challenge-96-2026-06-2412845628,challenge-96,JPA93,26,12
2026-06-24,modern-challenge-96-2026-06-2412845628,challenge-96,MercurialChemister,27,12
2026-06-24,modern-challenge-96-2026-06-2412845628,challenge-96,BERNASTORRES,28,12
2026-06-24,modern-challenge-96-2026-06-2412845628,challenge-96,Fransadness,29,12
2026-06-24,modern-challenge-96-2026-06-2412845628,challenge-96,MJ_23,30,12
2026-06-24,modern-challenge-96-2026-06-2412845628,challenge-96,MacIsaac,31,12
2026-06-24,modern-challenge-96-2026-06-2412845628,challenge-96,Matts,32,12
2026-06-24,modern-league-2026-06-2410847,league,Amfet4,,
2026-06-24,modern-league-2026-06-2410847,league,BONK101,,
2026-06-24,modern-league-2026-06-2410847,league,BReal2,,
2026-06-24,modern-league-2026-06-2410847,league,Convo,,
2026-06-24,modern-league-2026-06-2410847,league,DB_Rizzi,,
2026-06-24,modern-league-2026-06-2410847,league,Da_Ruas7,,
2026-06-24,modern-league-2026-06-2410847,league,Davidowiz,,
2026-06-24,modern-league-2026-06-2410847,league,Davidowiz,,
2026-06-24,modern-league-2026-06-2410847,league,Davidowiz,,
2026-06-24,modern-league-2026-06-2410847,league,DeidaraV2,,
2026-06-24,modern-league-2026-06-2410847,league,Dyno-,,
2026-06-24,modern-league-2026-06-2410847,league,Geme,,
2026-06-24,modern-league-2026-06-2410847,league,Haiwa,,
2026-06-24,modern-league-2026-06-2410847,league,Hooti,,
2026-06-24,modern-league-2026-06-2410847,league,IL_COSCA,,
2026-06-24,modern-league-2026-06-2410847,league,Im_Yer_Huckleberry,,
2026-06-24,modern-league-2026-06-2410847,league,JLBall,,
2026-06-24,modern-league-2026-06-2410847,league,MBRO,,
2026-06-24,modern-league-2026-06-2410847,league,MagicDevil666,,
2026-06-24,modern-league-2026-06-2410847,league,MagicMan08,,
2026-06-24,modern-league-2026-06-2410847,league,MoBeatS,,
2026-06-24,modern-league-2026-06-2410847,league,Mtyrant,,
2026-06-24,modern-league-2026-06-2410847,league,Nictophobia,,
2026-06-24,modern-league-2026-06-2410847,league,OafMcNamara,,
2026-06-24,modern-league-2026-06-2410847,league,Osiris85,,
2026-06-24,modern-league-2026-06-2410847,league,Outsid3r,,
2026-06-24,modern-league-2026-06-2410847,league,Paranzio2104,,
2026-06-24,modern-league-2026-06-2410847,league,Porks,,
2026-06-24,modern-league-2026-06-2410847,league,PredatorStyle,,
2026-06-24,modern-league-2026-06-2410847,league,Raydric,,
2026-06-24,modern-league-2026-06-2410847,league,Redman1034,,
2026-06-24,modern-league-2026-06-2410847,league,Samcaster-Mage,,
2026-06-24,modern-league-2026-06-2410847,league,Sodium123,,
2026-06-24,modern-league-2026-06-2410847,league,Sommertroll,,
2026-06-24,modern-league-2026-06-2410847,league,TomBombadi1,,
2026-06-24,modern-league-2026-06-2410847,league,Valident,,
2026-06-24,modern-league-2026-06-2410847,league,Xanzure,,
2026-06-24,modern-league-2026-06-2410847,league,Xinck,,
2026-06-24,modern-league-2026-06-2410847,league,Zeect,,
2026-06-24,modern-league-2026-06-2410847,league,Zeect,,
2026-06-24,modern-league-2026-06-2410847,league,__Magic__Dan__,,
2026-06-24,modern-league-2026-06-2410847,league,bugzbugs,,
2026-06-24,modern-league-2026-06-2410847,league,coastae7,,
2026-06-24,modern-league-2026-06-2410847,league,comicbookday,,
2026-06-24,modern-league-2026-06-2410847,league,darikun,,
2026-06-24,modern-league-2026-06-2410847,league,egadd2894,,
2026-06-24,modern-league-2026-06-2410847,league,fradev1988,,
2026-06-24,modern-league-2026-06-2410847,league,fullerluke30,,
2026-06-24,modern-league-2026-06-2410847,league,kanister,,
2026-06-24,modern-league-2026-06-2410847,league,kspgigabyte,,
2026-06-24,modern-league-2026-06-2410847,league,mtjesus_,,
2026-06-24,modern-league-2026-06-2410847,league,quark888,,
2026-06-24,modern-league-2026-06-2410847,league,rinri-,,
2026-06-24,modern-league-2026-06-2410847,league,soggymeatball,,
2026-06-24,modern-league-2026-06-2410847,league,three0,,
2026-06-24,modern-league-2026-06-2410847,league,toothymtg,,
2026-06-24,modern-league-2026-06-2410847,league,urzatheplaneswalker,,
2026-06-25,modern-challenge-64-2026-06-2512845638,challenge-64,Corkyboyy,1,15
2026-06-25,modern-challenge-64-2026-06-2512845638,challenge-64,Jumba,2,18
2026-06-25,modern-challenge-64-2026-06-2512845638,challenge-64,Makoobi,3,18
2026-06-25,modern-challenge-64-2026-06-2512845638,challenge-64,Takayama,4,15
2026-06-25,modern-challenge-64-2026-06-2512845638,challenge-64,Sarlanga,5,21
2026-06-25,modern-challenge-64-2026-06-2512845638,challenge-64,Marvelman123,6,18
2026-06-25,modern-challenge-64-2026-06-2512845638,challenge-64,bunnyfat,7,18
2026-06-25,modern-challenge-64-2026-06-2512845638,challenge-64,kanister,8,15
2026-06-25,modern-challenge-64-2026-06-2512845638,challenge-64,Savior0117,9,15
2026-06-25,modern-challenge-64-2026-06-2512845638,challenge-64,hugofreitas1,10,15
2026-06-25,modern-challenge-64-2026-06-2512845638,challenge-64,Ignotus97,11,15
2026-06-25,modern-challenge-64-2026-06-2512845638,challenge-64,rastaf,12,15
2026-06-25,modern-challenge-64-2026-06-2512845638,challenge-64,Chloe_Knight,13,15
2026-06-25,modern-challenge-64-2026-06-2512845638,challenge-64,Nammersquats,14,15
2026-06-25,modern-challenge-64-2026-06-2512845638,challenge-64,GWT,15,15
2026-06-25,modern-challenge-64-2026-06-2512845638,challenge-64,haoqinglangou,16,15
2026-06-25,modern-challenge-64-2026-06-2512845638,challenge-64,MahfuzVanGogh,17,15
2026-06-25,modern-challenge-64-2026-06-2512845638,challenge-64,Pleyboy,18,15
2026-06-25,modern-challenge-64-2026-06-2512845638,challenge-64,Rvng,19,15
2026-06-25,modern-challenge-64-2026-06-2512845638,challenge-64,claudioh,20,12
2026-06-25,modern-challenge-64-2026-06-2512845638,challenge-64,Bruskk,21,12
2026-06-25,modern-challenge-64-2026-06-2512845638,challenge-64,SanPop,22,12
2026-06-25,modern-challenge-64-2026-06-2512845638,challenge-64,whiterenren,23,12
2026-06-25,modern-challenge-64-2026-06-2512845638,challenge-64,bomberboss,24,12
2026-06-25,modern-challenge-64-2026-06-2512845638,challenge-64,microman900,25,12
2026-06-25,modern-challenge-64-2026-06-2512845638,challenge-64,levunga21,26,12
2026-06-25,modern-challenge-64-2026-06-2512845638,challenge-64,TheUnseen,27,12
2026-06-25,modern-challenge-64-2026-06-2512845638,challenge-64,Davidowiz,28,12
2026-06-25,modern-challenge-64-2026-06-2512845638,challenge-64,Persona_Non_Grata,29,12
2026-06-25,modern-challenge-64-2026-06-2512845638,challenge-64,jps_17,30,12
2026-06-25,modern-challenge-64-2026-06-2512845638,challenge-64,Odin2015,31,12
2026-06-25,modern-challenge-64-2026-06-2512845638,challenge-64,MeninoNey,32,12
2026-06-25,modern-league-2026-06-2510847,league,AbelMolto,,
2026-06-25,modern-league-2026-06-2510847,league,Bachipandi21,,
2026-06-25,modern-league-2026-06-2510847,league,BlackTithe,,
2026-06-25,modern-league-2026-06-2510847,league,Corkyboyy,,
2026-06-25,modern-league-2026-06-2510847,league,DeepDisherino,,
2026-06-25,modern-league-2026-06-2510847,league,Disgruntled_Elk,,
2026-06-25,modern-league-2026-06-2510847,league,FrankEG_MTG,,
2026-06-25,modern-league-2026-06-2510847,league,Goshe,,
2026-06-25,modern-league-2026-06-2510847,league,GreaterClifford,,
2026-06-25,modern-league-2026-06-2510847,league,HA0N,,
2026-06-25,modern-league-2026-06-2510847,league,HelpfulHobo,,
2026-06-25,modern-league-2026-06-2510847,league,JasixRebelJ6,,
2026-06-25,modern-league-2026-06-2510847,league,Jonson26,,
2026-06-25,modern-league-2026-06-2510847,league,Junebugg,,
2026-06-25,modern-league-2026-06-2510847,league,LeandroKopke,,
2026-06-25,modern-league-2026-06-2510847,league,Loga_rithm,,
2026-06-25,modern-league-2026-06-2510847,league,Magnesio,,
2026-06-25,modern-league-2026-06-2510847,league,MaxMedeiros,,
2026-06-25,modern-league-2026-06-2510847,league,Micro,,
2026-06-25,modern-league-2026-06-2510847,league,MissTrigger,,
2026-06-25,modern-league-2026-06-2510847,league,NMT_Bamba,,
2026-06-25,modern-league-2026-06-2510847,league,OttoGambler,,
2026-06-25,modern-league-2026-06-2510847,league,Paranzio2104,,
2026-06-25,modern-league-2026-06-2510847,league,Ploople,,
2026-06-25,modern-league-2026-06-2510847,league,RiceTackler,,
2026-06-25,modern-league-2026-06-2510847,league,Rudokant,,
2026-06-25,modern-league-2026-06-2510847,league,Seby666,,
2026-06-25,modern-league-2026-06-2510847,league,SightWinner,,
2026-06-25,modern-league-2026-06-2510847,league,TheReverb,,
2026-06-25,modern-league-2026-06-2510847,league,Yanto77,,
2026-06-25,modern-league-2026-06-2510847,league,Ziene,,
2026-06-25,modern-league-2026-06-2510847,league,akwz,,
2026-06-25,modern-league-2026-06-2510847,league,dorayaki6020,,
2026-06-25,modern-league-2026-06-2510847,league,grinderA,,
2026-06-25,modern-league-2026-06-2510847,league,hellisreal,,
2026-06-25,modern-league-2026-06-2510847,league,ipshow,,
2026-06-25,modern-league-2026-06-2510847,league,marcofabrizi,,
2026-06-25,modern-league-2026-06-2510847,league,shadow_PT,,
2026-06-25,modern-league-2026-06-2510847,league,slaxx,,
2026-06-25,modern-league-2026-06-2510847,league,vegasonee,,
2026-06-26,modern-challenge-64-2026-06-2612845655,challenge-64,ShowTime_,1,18
2026-06-26,modern-challenge-64-2026-06-2612845655,challenge-64,rastaf,2,18
2026-06-26,modern-challenge-64-2026-06-2612845655,challenge-64,Scorpion100,3,18
2026-06-26,modern-challenge-64-2026-06-2612845655,challenge-64,CMack_,4,15
2026-06-26,modern-challenge-64-2026-06-2612845655,challenge-64,Merfall,5,21
2026-06-26,modern-challenge-64-2026-06-2612845655,challenge-64,Mooshack,6,18
2026-06-26,modern-challenge-64-2026-06-2612845655,challenge-64,Mldyss,7,18
2026-06-26,modern-challenge-64-2026-06-2612845655,challenge-64,St1ffler,8,18
2026-06-26,modern-challenge-64-2026-06-2612845655,challenge-64,matiaskm,9,15
2026-06-26,modern-challenge-64-2026-06-2612845655,challenge-64,dormitian,10,15
2026-06-26,modern-challenge-64-2026-06-2612845655,challenge-64,1OR513N86,11,15
2026-06-26,modern-challenge-64-2026-06-2612845655,challenge-64,AvanCe,12,15
2026-06-26,modern-challenge-64-2026-06-2612845655,challenge-64,k9inthetardis,13,15
2026-06-26,modern-challenge-64-2026-06-2612845655,challenge-64,Young_Shaman,14,15
2026-06-26,modern-challenge-64-2026-06-2612845655,challenge-64,Prodyman,15,15
2026-06-26,modern-challenge-64-2026-06-2612845655,challenge-64,bugzbugs,16,15
2026-06-26,modern-challenge-64-2026-06-2612845655,challenge-64,Porks,17,15
2026-06-26,modern-challenge-64-2026-06-2612845655,challenge-64,MC_amp2267,18,15
2026-06-26,modern-challenge-64-2026-06-2612845655,challenge-64,Xwhale,19,15
2026-06-26,modern-challenge-64-2026-06-2612845655,challenge-64,CliffBoyardee,20,15
2026-06-26,modern-challenge-64-2026-06-2612845655,challenge-64,Tamarindo,21,15
2026-06-26,modern-challenge-64-2026-06-2612845655,challenge-64,DB_cntrlfreak_ttv,22,15
2026-06-26,modern-challenge-64-2026-06-2612845655,challenge-64,leandru,23,15
2026-06-26,modern-challenge-64-2026-06-2612845655,challenge-64,Backoff,24,15
2026-06-26,modern-challenge-64-2026-06-2612845655,challenge-64,bouhachiotoko,25,12
2026-06-26,modern-challenge-64-2026-06-2612845655,challenge-64,MeninooNey,26,12
2026-06-26,modern-challenge-64-2026-06-2612845655,challenge-64,Univerce,27,12
2026-06-26,modern-challenge-64-2026-06-2612845655,challenge-64,GodOfSlaughter,28,12
2026-06-26,modern-challenge-64-2026-06-2612845655,challenge-64,Jedgi,29,12
2026-06-26,modern-challenge-64-2026-06-2612845655,challenge-64,elementix,30,12
2026-06-26,modern-challenge-64-2026-06-2612845655,challenge-64,Danielpena397,31,12
2026-06-26,modern-challenge-64-2026-06-2612845655,challenge-64,RandomOctopus,32,12
2026-06-26,modern-league-2026-06-2610847,league,1ride,,
2026-06-26,modern-league-2026-06-2610847,league,AbelMolto,,
2026-06-26,modern-league-2026-06-2610847,league,AllanonCEW,,
2026-06-26,modern-league-2026-06-2610847,league,Andrea_Paglialunga,,
2026-06-26,modern-league-2026-06-2610847,league,AzureMoon,,
2026-06-26,modern-league-2026-06-2610847,league,BaDzIo,,
2026-06-26,modern-league-2026-06-2610847,league,DeepDisherino,,
2026-06-26,modern-league-2026-06-2610847,league,Downfall89,,
2026-06-26,modern-league-2026-06-2610847,league,Duck_fs,,
2026-06-26,modern-league-2026-06-2610847,league,EiJunCHN,,
2026-06-26,modern-league-2026-06-2610847,league,Epreez,,
2026-06-26,modern-league-2026-06-2610847,league,Frejat,,
2026-06-26,modern-league-2026-06-2610847,league,FreyGF,,
2026-06-26,modern-league-2026-06-2610847,league,Ganz87,,
2026-06-26,modern-league-2026-06-2610847,league,Goshe,,
2026-06-26,modern-league-2026-06-2610847,league,HDG_BorisE,,
2026-06-26,modern-league-2026-06-2610847,league,JAJC,,
2026-06-26,modern-league-2026-06-2610847,league,JahBoodle,,
2026-06-26,modern-league-2026-06-2610847,league,Jonii,,
2026-06-26,modern-league-2026-06-2610847,league,Jrcitizen,,
2026-06-26,modern-league-2026-06-2610847,league,Kyusei,,
2026-06-26,modern-league-2026-06-2610847,league,LordEgg,,
2026-06-26,modern-league-2026-06-2610847,league,Manuel_Danninger,,
2026-06-26,modern-league-2026-06-2610847,league,MisterCool,,
2026-06-26,modern-league-2026-06-2610847,league,MorbidDrop,,
2026-06-26,modern-league-2026-06-2610847,league,NHA37,,
2026-06-26,modern-league-2026-06-2610847,league,NickBolas90,,
2026-06-26,modern-league-2026-06-2610847,league,OafMcNamara,,
2026-06-26,modern-league-2026-06-2610847,league,Pan0323,,
2026-06-26,modern-league-2026-06-2610847,league,Paranzio2104,,
2026-06-26,modern-league-2026-06-2610847,league,Pleyboy,,
2026-06-26,modern-league-2026-06-2610847,league,Pugface,,
2026-06-26,modern-league-2026-06-2610847,league,RezerDeDog,,
2026-06-26,modern-league-2026-06-2610847,league,Savior0117,,
2026-06-26,modern-league-2026-06-2610847,league,Sawter,,
2026-06-26,modern-league-2026-06-2610847,league,SenatorArmstrong,,
2026-06-26,modern-league-2026-06-2610847,league,TreebornFrog,,
2026-06-26,modern-league-2026-06-2610847,league,Tuttle1,,
2026-06-26,modern-league-2026-06-2610847,league,VizosMTG,,
2026-06-26,modern-league-2026-06-2610847,league,Xenowan,,
2026-06-26,modern-league-2026-06-2610847,league,azax,,
2026-06-26,modern-league-2026-06-2610847,league,badthemost,,
2026-06-26,modern-league-2026-06-2610847,league,cgouldner,,
2026-06-26,modern-league-2026-06-2610847,league,chilwad8132,,
2026-06-26,modern-league-2026-06-2610847,league,dayodemayo,,
2026-06-26,modern-league-2026-06-2610847,league,eduardojmp,,
2026-06-26,modern-league-2026-06-2610847,league,fried-rice,,
2026-06-26,modern-league-2026-06-2610847,league,hellisreal,,
2026-06-26,modern-league-2026-06-2610847,league,littlebinboy,,
2026-06-26,modern-league-2026-06-2610847,league,maear,,
2026-06-26,modern-league-2026-06-2610847,league,moosedroppings,,
2026-06-26,modern-league-2026-06-2610847,league,mrchocolate,,
2026-06-26,modern-league-2026-06-2610847,league,narcatrashcan,,
2026-06-26,modern-league-2026-06-2610847,league,pottinkx,,
2026-06-26,modern-league-2026-06-2610847,league,stefansson30952,,
2026-06-26,modern-league-2026-06-2610847,league,thodoris17,,
2026-06-26,modern-league-2026-06-2610847,league,twixcow,,
2026-06-26,modern-league-2026-06-2610847,league,wutang08,,
2026-06-26,modern-league-2026-06-2610847,league,wzanotti,,
2026-06-26,modern-league-2026-06-2610847,league,xame3,,
2026-06-27,modern-challenge-32-2026-06-2712845664,challenge-32,gazmon48,1,21
2026-06-27,modern-challenge-32-2026-06-2712845664,challenge-32,Capitano_CL,2,18
2026-06-27,modern-challenge-32-2026-06-2712845664,challenge-32,Scorpion100,3,18
2026-06-27,modern-challenge-32-2026-06-2712845664,challenge-32,HelpfulHobo,4,18
2026-06-27,modern-challenge-32-2026-06-2712845664,challenge-32,OafMcNamara,5,18
2026-06-27,modern-challenge-32-2026-06-2712845664,challenge-32,Odin2015,6,15
2026-06-27,modern-challenge-32-2026-06-2712845664,challenge-32,Linden_43,7,15
2026-06-27,modern-challenge-32-2026-06-2712845664,challenge-32,monsteryuan,8,15
2026-06-27,modern-challenge-32-2026-06-2712845664,challenge-32,stefansson30952,9,15
2026-06-27,modern-challenge-32-2026-06-2712845664,challenge-32,E_Kaminuma,10,15
2026-06-27,modern-challenge-32-2026-06-2712845664,challenge-32,MorbidDrop,11,15
2026-06-27,modern-challenge-32-2026-06-2712845664,challenge-32,eclipse4343,12,15
2026-06-27,modern-challenge-32-2026-06-2712845664,challenge-32,ionez,13,15
2026-06-27,modern-challenge-32-2026-06-2712845664,challenge-32,littesir095,14,15
2026-06-27,modern-challenge-32-2026-06-2712845664,challenge-32,MTGBananasack,15,15
2026-06-27,modern-challenge-32-2026-06-2712845664,challenge-32,Ashbrown,16,15
2026-06-27,modern-challenge-32-2026-06-2712845664,challenge-32,niuwaid001,17,15
2026-06-27,modern-challenge-32-2026-06-2712845664,challenge-32,nv_goblin,18,15
2026-06-27,modern-challenge-32-2026-06-2712845664,challenge-32,NerdDadChad,19,15
2026-06-27,modern-challenge-32-2026-06-2712845664,challenge-32,Golgarburr,20,12
2026-06-27,modern-challenge-32-2026-06-2712845664,challenge-32,suddkymo,21,12
2026-06-27,modern-challenge-32-2026-06-2712845664,challenge-32,RogueKobold679,22,12
2026-06-27,modern-challenge-32-2026-06-2712845664,challenge-32,xerioc,23,12
2026-06-27,modern-challenge-32-2026-06-2712845664,challenge-32,aljce,24,12
2026-06-27,modern-challenge-32-2026-06-2712845664,challenge-32,Jonii,25,12
2026-06-27,modern-challenge-32-2026-06-2712845664,challenge-32,ejk,26,12
2026-06-27,modern-challenge-32-2026-06-2712845664,challenge-32,OPaZZwiZard,27,12
2026-06-27,modern-challenge-32-2026-06-2712845664,challenge-32,ItsMagicJuan,28,12
2026-06-27,modern-challenge-32-2026-06-2712845664,challenge-32,TingInTheRice,29,12
2026-06-27,modern-challenge-32-2026-06-2712845664,challenge-32,Bagoot,30,12
2026-06-27,modern-challenge-32-2026-06-2712845664,challenge-32,i_b_TRUE,31,12
2026-06-27,modern-challenge-32-2026-06-2712845664,challenge-32,tibalt_of_red_sub,32,12
2026-06-27,modern-challenge-32-2026-06-2712845666,challenge-32,SanPop,1,15
2026-06-27,modern-challenge-32-2026-06-2712845666,challenge-32,strgn7,2,15
2026-06-27,modern-challenge-32-2026-06-2712845666,challenge-32,Junkmener,3,15
2026-06-27,modern-challenge-32-2026-06-2712845666,challenge-32,lilianna1989,4,12
2026-06-27,modern-challenge-32-2026-06-2712845666,challenge-32,sidisi,5,18
2026-06-27,modern-challenge-32-2026-06-2712845666,challenge-32,Gxs3v3n,6,15
2026-06-27,modern-challenge-32-2026-06-2712845666,challenge-32,klien7,7,12
2026-06-27,modern-challenge-32-2026-06-2712845666,challenge-32,yolad,8,12
2026-06-27,modern-challenge-32-2026-06-2712845666,challenge-32,LuRu,9,12
2026-06-27,modern-challenge-32-2026-06-2712845666,challenge-32,stefansson30952,10,12
2026-06-27,modern-challenge-32-2026-06-2712845666,challenge-32,Lord_of_The_Wastes,11,12
2026-06-27,modern-challenge-32-2026-06-2712845666,challenge-32,SpecterTurtle,12,12
2026-06-27,modern-challenge-32-2026-06-2712845666,challenge-32,Foxantes,13,12
2026-06-27,modern-challenge-32-2026-06-2712845666,challenge-32,JV_7777,14,12
2026-06-27,modern-challenge-32-2026-06-2712845666,challenge-32,MarcoBelacca95,15,9
2026-06-27,modern-challenge-32-2026-06-2712845666,challenge-32,morris,16,9
2026-06-27,modern-challenge-32-2026-06-2712845666,challenge-32,fradev1988,17,9
2026-06-27,modern-challenge-32-2026-06-2712845666,challenge-32,OSCA66,18,9
2026-06-27,modern-challenge-32-2026-06-2712845666,challenge-32,ElPace,19,9
2026-06-27,modern-challenge-32-2026-06-2712845666,challenge-32,Preparation,20,9
2026-06-27,modern-challenge-32-2026-06-2712845666,challenge-32,soggymeatball,21,9
2026-06-27,modern-challenge-32-2026-06-2712845666,challenge-32,crazythursday,22,9
2026-06-27,modern-challenge-32-2026-06-2712845666,challenge-32,touto_Isle,23,9
2026-06-27,modern-challenge-32-2026-06-2712845666,challenge-32,kthanakit26,24,9
2026-06-27,modern-challenge-32-2026-06-2712845666,challenge-32,Venom01,25,9
2026-06-27,modern-challenge-32-2026-06-2712845666,challenge-32,Kritik,26,9
2026-06-27,modern-challenge-32-2026-06-2712845666,challenge-32,felider,27,6
2026-06-27,modern-challenge-32-2026-06-2712845666,challenge-32,kristofff,28,6
2026-06-27,modern-challenge-32-2026-06-2712845666,challenge-32,KingCoomf,29,6
2026-06-27,modern-challenge-32-2026-06-2712845666,challenge-32,Legion_Presunto,30,6
2026-06-27,modern-challenge-32-2026-06-2712845666,challenge-32,DemianDesposito10,31,6
2026-06-27,modern-challenge-32-2026-06-2712845666,challenge-32,FunFun_Tony,32,6
2026-06-27,modern-challenge-64-2026-06-2712845671,challenge-64,McWinSauce,1,15
2026-06-27,modern-challenge-64-2026-06-2712845671,challenge-64,strgn7,2,21
2026-06-27,modern-challenge-64-2026-06-2712845671,challenge-64,Young_Shaman,3,18
2026-06-27,modern-challenge-64-2026-06-2712845671,challenge-64,HawQ,4,18
2026-06-27,modern-challenge-64-2026-06-2712845671,challenge-64,Jumba,5,18
2026-06-27,modern-challenge-64-2026-06-2712845671,challenge-64,Diomed_Tidid,6,18
2026-06-27,modern-challenge-64-2026-06-2712845671,challenge-64,chuyingfei,7,18
2026-06-27,modern-challenge-64-2026-06-2712845671,challenge-64,Takayama,8,15
2026-06-27,modern-challenge-64-2026-06-2712845671,challenge-64,St1ffler,9,15
2026-06-27,modern-challenge-64-2026-06-2712845671,challenge-64,Yanatoy,10,15
2026-06-27,modern-challenge-64-2026-06-2712845671,challenge-64,claudioh,11,15
2026-06-27,modern-challenge-64-2026-06-2712845671,challenge-64,Arcbound_Papi,12,15
2026-06-27,modern-challenge-64-2026-06-2712845671,challenge-64,TrueHero,13,15
2026-06-27,modern-challenge-64-2026-06-2712845671,challenge-64,Backoff,14,15
2026-06-27,modern-challenge-64-2026-06-2712845671,challenge-64,Spooky_Snoop,15,15
2026-06-27,modern-challenge-64-2026-06-2712845671,challenge-64,Xerk,16,15
2026-06-27,modern-challenge-64-2026-06-2712845671,challenge-64,makaaaa,17,15
2026-06-27,modern-challenge-64-2026-06-2712845671,challenge-64,littlebinboy,18,15
2026-06-27,modern-challenge-64-2026-06-2712845671,challenge-64,EthanGZA,19,15
2026-06-27,modern-challenge-64-2026-06-2712845671,challenge-64,Apocalypso,20,15
2026-06-27,modern-challenge-64-2026-06-2712845671,challenge-64,TheAlmightyCheddar,21,12
2026-06-27,modern-challenge-64-2026-06-2712845671,challenge-64,Tree42o,22,12
2026-06-27,modern-challenge-64-2026-06-2712845671,challenge-64,MahfuzVanGogh,23,12
2026-06-27,modern-challenge-64-2026-06-2712845671,challenge-64,galaxybird,24,12
2026-06-27,modern-challenge-64-2026-06-2712845671,challenge-64,AlpInco,25,12
2026-06-27,modern-challenge-64-2026-06-2712845671,challenge-64,Alakai,26,12
2026-06-27,modern-challenge-64-2026-06-2712845671,challenge-64,VampireDiaries,27,12
2026-06-27,modern-challenge-64-2026-06-2712845671,challenge-64,Elias,28,12
2026-06-27,modern-challenge-64-2026-06-2712845671,challenge-64,ersky,29,12
2026-06-27,modern-challenge-64-2026-06-2712845671,challenge-64,Giacomellus7,30,12
2026-06-27,modern-challenge-64-2026-06-2712845671,challenge-64,Jonii,31,12
2026-06-27,modern-challenge-64-2026-06-2712845671,challenge-64,avishai-elma,32,12
2026-06-27,modern-league-2026-06-2710847,league,1ride,,
2026-06-27,modern-league-2026-06-2710847,league,Amfet4,,
2026-06-27,modern-league-2026-06-2710847,league,Arcbound_Papi,,
2026-06-27,modern-league-2026-06-2710847,league,Avawen,,
2026-06-27,modern-league-2026-06-2710847,league,CHEEZOOO,,
2026-06-27,modern-league-2026-06-2710847,league,Costola91,,
2026-06-27,modern-league-2026-06-2710847,league,CptNixon,,
2026-06-27,modern-league-2026-06-2710847,league,DB_CalmMirror,,
2026-06-27,modern-league-2026-06-2710847,league,DskBayWolf,,
2026-06-27,modern-league-2026-06-2710847,league,Ellison,,
2026-06-27,modern-league-2026-06-2710847,league,Eyelash,,
2026-06-27,modern-league-2026-06-2710847,league,Fransadness,,
2026-06-27,modern-league-2026-06-2710847,league,FreeBobby315,,
2026-06-27,modern-league-2026-06-2710847,league,GasubaHunter,,
2026-06-27,modern-league-2026-06-2710847,league,Giltspire,,
2026-06-27,modern-league-2026-06-2710847,league,HDG_BorisE,,
2026-06-27,modern-league-2026-06-2710847,league,IronPabs,,
2026-06-27,modern-league-2026-06-2710847,league,JRobbins55,,
2026-06-27,modern-league-2026-06-2710847,league,Jakesbaked,,
2026-06-27,modern-league-2026-06-2710847,league,JeromeFrancisco,,
2026-06-27,modern-league-2026-06-2710847,league,Ledime1,,
2026-06-27,modern-league-2026-06-2710847,league,Lufia,,
2026-06-27,modern-league-2026-06-2710847,league,Maccaciock,,
2026-06-27,modern-league-2026-06-2710847,league,MatthewBeattie,,
2026-06-27,modern-league-2026-06-2710847,league,MegaGarchomp,,
2026-06-27,modern-league-2026-06-2710847,league,Mistakenn,,
2026-06-27,modern-league-2026-06-2710847,league,Mr_Hotdog,,
2026-06-27,modern-league-2026-06-2710847,league,Ouranos139,,
2026-06-27,modern-league-2026-06-2710847,league,RezerDeDog,,
2026-06-27,modern-league-2026-06-2710847,league,Rvng,,
2026-06-27,modern-league-2026-06-2710847,league,Skrocious,,
2026-06-27,modern-league-2026-06-2710847,league,Sockdolager,,
2026-06-27,modern-league-2026-06-2710847,league,Stutefar,,
2026-06-27,modern-league-2026-06-2710847,league,Tezzey,,
2026-06-27,modern-league-2026-06-2710847,league,TheLengend90,,
2026-06-27,modern-league-2026-06-2710847,league,Tinker_deck,,
2026-06-27,modern-league-2026-06-2710847,league,Triflic,,
2026-06-27,modern-league-2026-06-2710847,league,VCF,,
2026-06-27,modern-league-2026-06-2710847,league,VeryConfuzzled,,
2026-06-27,modern-league-2026-06-2710847,league,azax,,
2026-06-27,modern-league-2026-06-2710847,league,bearland,,
2026-06-27,modern-league-2026-06-2710847,league,beetea,,
2026-06-27,modern-league-2026-06-2710847,league,blademagician,,
2026-06-27,modern-league-2026-06-2710847,league,brockle,,
2026-06-27,modern-league-2026-06-2710847,league,hellisreal,,
2026-06-27,modern-league-2026-06-2710847,league,hubed,,
2026-06-27,modern-league-2026-06-2710847,league,jundilion,,
2026-06-27,modern-league-2026-06-2710847,league,kattsu,,
2026-06-27,modern-league-2026-06-2710847,league,kusyusk,,
2026-06-27,modern-league-2026-06-2710847,league,maimai13,,
2026-06-27,modern-league-2026-06-2710847,league,morris,,
2026-06-27,modern-league-2026-06-2710847,league,narcatrashcan,,
2026-06-27,modern-league-2026-06-2710847,league,nk20,,
2026-06-27,modern-league-2026-06-2710847,league,sekizou,,
2026-06-27,modern-league-2026-06-2710847,league,theasiankid,,
2026-06-27,modern-league-2026-06-2710847,league,toyasaku,,
2026-06-27,modern-league-2026-06-2710847,league,whviolet,,
2026-06-27,modern-league-2026-06-2710847,league,xera,,
2026-06-28,modern-challenge-32-2026-06-2812845682,challenge-32,Backoff,1,15
2026-06-28,modern-challenge-32-2026-06-2812845682,challenge-32,Suechtler,2,15
2026-06-28,modern-challenge-32-2026-06-2812845682,challenge-32,Polikasoll,3,18
2026-06-28,modern-challenge-32-2026-06-2812845682,challenge-32,LegendaryHuman,4,15
2026-06-28,modern-challenge-32-2026-06-2812845682,challenge-32,Coradorable,5,15
2026-06-28,modern-challenge-32-2026-06-2812845682,challenge-32,pwqz,6,15
2026-06-28,modern-challenge-32-2026-06-2812845682,challenge-32,jev_,7,15
2026-06-28,modern-challenge-32-2026-06-2812845682,challenge-32,Alakai,8,12
2026-06-28,modern-challenge-32-2026-06-2812845682,challenge-32,hugeowl,9,12
2026-06-28,modern-challenge-32-2026-06-2812845682,challenge-32,xfile,10,12
2026-06-28,modern-challenge-32-2026-06-2812845682,challenge-32,Ryuzaki0,11,12
2026-06-28,modern-challenge-32-2026-06-2812845682,challenge-32,rafp,12,12
2026-06-28,modern-challenge-32-2026-06-2812845682,challenge-32,viktor_von_muerte,13,12
2026-06-28,modern-challenge-32-2026-06-2812845682,challenge-32,__Magic__Dan__,14,12
2026-06-28,modern-challenge-32-2026-06-2812845682,challenge-32,Hypsh,15,12
2026-06-28,modern-challenge-32-2026-06-2812845682,challenge-32,bomberboss,16,12
2026-06-28,modern-challenge-32-2026-06-2812845682,challenge-32,Sodium123,17,12
2026-06-28,modern-challenge-32-2026-06-2812845682,challenge-32,oosunq,18,12
2026-06-28,modern-challenge-32-2026-06-2812845682,challenge-32,LordEgg,19,12
2026-06-28,modern-challenge-32-2026-06-2812845682,challenge-32,Latorretta,20,12
2026-06-28,modern-challenge-32-2026-06-2812845682,challenge-32,Elias,21,9
2026-06-28,modern-challenge-32-2026-06-2812845682,challenge-32,Lavaridge,22,9
2026-06-28,modern-challenge-32-2026-06-2812845682,challenge-32,Dreddybajs,23,9
2026-06-28,modern-challenge-32-2026-06-2812845682,challenge-32,JahBoodle,24,9
2026-06-28,modern-challenge-32-2026-06-2812845682,challenge-32,Clesss,25,9
2026-06-28,modern-challenge-32-2026-06-2812845682,challenge-32,NuBlkAu,26,9
2026-06-28,modern-challenge-32-2026-06-2812845682,challenge-32,PDeS,27,9
2026-06-28,modern-challenge-32-2026-06-2812845682,challenge-32,St1ffler,28,9
2026-06-28,modern-challenge-32-2026-06-2812845682,challenge-32,Laplasjan,29,9
2026-06-28,modern-challenge-32-2026-06-2812845682,challenge-32,JuanmaAT,30,9
2026-06-28,modern-challenge-32-2026-06-2812845682,challenge-32,gyyby297,31,9
2026-06-28,modern-challenge-32-2026-06-2812845682,challenge-32,TrueHero,32,9
2026-06-28,modern-challenge-64-2026-06-2812845678,challenge-64,KingHairy,1,21
2026-06-28,modern-challenge-64-2026-06-2812845678,challenge-64,JohnTag667,2,18
2026-06-28,modern-challenge-64-2026-06-2812845678,challenge-64,phillydrew215,3,18
2026-06-28,modern-challenge-64-2026-06-2812845678,challenge-64,ScreenwriterNY,4,18
2026-06-28,modern-challenge-64-2026-06-2812845678,challenge-64,claudioh,5,18
2026-06-28,modern-challenge-64-2026-06-2812845678,challenge-64,jontih,6,18
2026-06-28,modern-challenge-64-2026-06-2812845678,challenge-64,Ceiros,7,15
2026-06-28,modern-challenge-64-2026-06-2812845678,challenge-64,CliffBoyardee,8,15
2026-06-28,modern-challenge-64-2026-06-2812845678,challenge-64,IanHoff,9,15
2026-06-28,modern-challenge-64-2026-06-2812845678,challenge-64,elijah516,10,15
2026-06-28,modern-challenge-64-2026-06-2812845678,challenge-64,OPaZZwiZard,11,15
2026-06-28,modern-challenge-64-2026-06-2812845678,challenge-64,peter780108,12,15
2026-06-28,modern-challenge-64-2026-06-2812845678,challenge-64,Chadderk,13,15
2026-06-28,modern-challenge-64-2026-06-2812845678,challenge-64,hauterho,14,15
2026-06-28,modern-challenge-64-2026-06-2812845678,challenge-64,maear,15,15
2026-06-28,modern-challenge-64-2026-06-2812845678,challenge-64,Young_Shaman,16,12
2026-06-28,modern-challenge-64-2026-06-2812845678,challenge-64,MC_amp2267,17,12
2026-06-28,modern-challenge-64-2026-06-2812845678,challenge-64,MarcoBelacca95,18,12
2026-06-28,modern-challenge-64-2026-06-2812845678,challenge-64,Clamavus,19,12
2026-06-28,modern-challenge-64-2026-06-2812845678,challenge-64,Chemist1234,20,12
2026-06-28,modern-challenge-64-2026-06-2812845678,challenge-64,_Batutinha_,21,12
2026-06-28,modern-challenge-64-2026-06-2812845678,challenge-64,Zorro7x4,22,12
2026-06-28,modern-challenge-64-2026-06-2812845678,challenge-64,magikal_juggalo,23,12
2026-06-28,modern-challenge-64-2026-06-2812845678,challenge-64,Thronhart,24,12
2026-06-28,modern-challenge-64-2026-06-2812845678,challenge-64,bless_von,25,12
2026-06-28,modern-challenge-64-2026-06-2812845678,challenge-64,oinkmage22,26,12
2026-06-28,modern-challenge-64-2026-06-2812845678,challenge-64,johnsmith3373,27,12
2026-06-28,modern-challenge-64-2026-06-2812845678,challenge-64,Tree42o,28,12
2026-06-28,modern-challenge-64-2026-06-2812845678,challenge-64,sultai4lyfe,29,12
2026-06-28,modern-challenge-64-2026-06-2812845678,challenge-64,Savior0117,30,9
2026-06-28,modern-challenge-64-2026-06-2812845678,challenge-64,AvianScrolls,31,9
2026-06-28,modern-challenge-64-2026-06-2812845678,challenge-64,Jonson26,32,9
2026-06-28,modern-league-2026-06-2810847,league,AbelMolto,,
2026-06-28,modern-league-2026-06-2810847,league,Ashbrown,,
2026-06-28,modern-league-2026-06-2810847,league,Awalps,,
2026-06-28,modern-league-2026-06-2810847,league,AzureMoon,,
2026-06-28,modern-league-2026-06-2810847,league,BattaMTG,,
2026-06-28,modern-league-2026-06-2810847,league,Baurong,,
2026-06-28,modern-league-2026-06-2810847,league,Bl4ckdragon,,
2026-06-28,modern-league-2026-06-2810847,league,BrPestana,,
2026-06-28,modern-league-2026-06-2810847,league,BuelowKarl,,
2026-06-28,modern-league-2026-06-2810847,league,Calambity,,
2026-06-28,modern-league-2026-06-2810847,league,DB_Rizzi,,
2026-06-28,modern-league-2026-06-2810847,league,DenebLyrae,,
2026-06-28,modern-league-2026-06-2810847,league,Do0mSwitch,,
2026-06-28,modern-league-2026-06-2810847,league,Do0mSwitch,,
2026-06-28,modern-league-2026-06-2810847,league,Hovsgaard,,
2026-06-28,modern-league-2026-06-2810847,league,IntegralHDK,,
2026-06-28,modern-league-2026-06-2810847,league,Isael,,
2026-06-28,modern-league-2026-06-2810847,league,JAJC,,
2026-06-28,modern-league-2026-06-2810847,league,JoaoFialho,,
2026-06-28,modern-league-2026-06-2810847,league,Jrcitizen,,
2026-06-28,modern-league-2026-06-2810847,league,Kvoth3MTG,,
2026-06-28,modern-league-2026-06-2810847,league,LaJij,,
2026-06-28,modern-league-2026-06-2810847,league,LangeBastian,,
2026-06-28,modern-league-2026-06-2810847,league,Loga_rithm,,
2026-06-28,modern-league-2026-06-2810847,league,Lufia,,
2026-06-28,modern-league-2026-06-2810847,league,MatthewBeattie,,
2026-06-28,modern-league-2026-06-2810847,league,Mirido_,,
2026-06-28,modern-league-2026-06-2810847,league,Nagato_Boran,,
2026-06-28,modern-league-2026-06-2810847,league,Realitysmashr1,,
2026-06-28,modern-league-2026-06-2810847,league,RedRex99,,
2026-06-28,modern-league-2026-06-2810847,league,Rvng,,
2026-06-28,modern-league-2026-06-2810847,league,Ryuji,,
2026-06-28,modern-league-2026-06-2810847,league,SanPop,,
2026-06-28,modern-league-2026-06-2810847,league,Seefel,,
2026-06-28,modern-league-2026-06-2810847,league,St1ffler,,
2026-06-28,modern-league-2026-06-2810847,league,TYPEWOG,,
2026-06-28,modern-league-2026-06-2810847,league,TakatouYouichi,,
2026-06-28,modern-league-2026-06-2810847,league,TomCairns,,
2026-06-28,modern-league-2026-06-2810847,league,TuckerMTG,,
2026-06-28,modern-league-2026-06-2810847,league,W0lfus,,
2026-06-28,modern-league-2026-06-2810847,league,X_Why_Z,,
2026-06-28,modern-league-2026-06-2810847,league,_Atogatog_,,
2026-06-28,modern-league-2026-06-2810847,league,_pmo_,,
2026-06-28,modern-league-2026-06-2810847,league,aronfreyr1212,,
2026-06-28,modern-league-2026-06-2810847,league,edmbn,,
2026-06-28,modern-league-2026-06-2810847,league,fart_sniffer_93,,
2026-06-28,modern-league-2026-06-2810847,league,fj_rodman,,
2026-06-28,modern-league-2026-06-2810847,league,freddylol12,,
2026-06-28,modern-league-2026-06-2810847,league,fullerluke30,,
2026-06-28,modern-league-2026-06-2810847,league,g-rey2996,,
2026-06-28,modern-league-2026-06-2810847,league,haoqinglangou,,
2026-06-28,modern-league-2026-06-2810847,league,kyporioth,,
2026-06-28,modern-league-2026-06-2810847,league,kyporioth,,
2026-06-28,modern-league-2026-06-2810847,league,lyz050915,,
2026-06-28,modern-league-2026-06-2810847,league,mERAZED,,
2026-06-28,modern-league-2026-06-2810847,league,marcofabrizi,,
2026-06-28,modern-league-2026-06-2810847,league,moosedroppings,,
2026-06-28,modern-league-2026-06-2810847,league,mvciey,,
2026-06-28,modern-league-2026-06-2810847,league,ncowden,,
2026-06-28,modern-league-2026-06-2810847,league,pcpalhares,,
2026-06-28,modern-league-2026-06-2810847,league,pepelameco,,
2026-06-28,modern-league-2026-06-2810847,league,smnowako,,
2026-06-28,modern-league-2026-06-2810847,league,ssbmARMY,,
2026-06-28,modern-league-2026-06-2810847,league,tigress,,
2026-06-28,modern-league-2026-06-2810847,league,yulinl,,
2026-06-29,modern-challenge-64-2026-06-2912845692,challenge-64,MC_amp2267,1,18
2026-06-29,modern-challenge-64-2026-06-2912845692,challenge-64,kaikas,2,18
2026-06-29,modern-challenge-64-2026-06-2912845692,challenge-64,Keggers,3,18
2026-06-29,modern-challenge-64-2026-06-2912845692,challenge-64,Jumba,4,15
2026-06-29,modern-challenge-64-2026-06-2912845692,challenge-64,Marxelo,5,21
2026-06-29,modern-challenge-64-2026-06-2912845692,challenge-64,parasisnotcool,6,18
2026-06-29,modern-challenge-64-2026-06-2912845692,challenge-64,Cachorrowo,7,18
2026-06-29,modern-challenge-64-2026-06-2912845692,challenge-64,Dioferreira,8,15
2026-06-29,modern-challenge-64-2026-06-2912845692,challenge-64,Tinker_deck,9,15
2026-06-29,modern-challenge-64-2026-06-2912845692,challenge-64,sioutis_kk,10,15
2026-06-29,modern-challenge-64-2026-06-2912845692,challenge-64,SuperCow12653,11,15
2026-06-29,modern-challenge-64-2026-06-2912845692,challenge-64,hugofreitas1,12,15
2026-06-29,modern-challenge-64-2026-06-2912845692,challenge-64,stefansson30952,13,15
2026-06-29,modern-challenge-64-2026-06-2912845692,challenge-64,Kollslaw,14,15
2026-06-29,modern-challenge-64-2026-06-2912845692,challenge-64,soggymeatball,15,15
2026-06-29,modern-challenge-64-2026-06-2912845692,challenge-64,sultai4lyfe,16,15
2026-06-29,modern-challenge-64-2026-06-2912845692,challenge-64,RandomOctopus,17,15
2026-06-29,modern-challenge-64-2026-06-2912845692,challenge-64,nahuel10,18,15
2026-06-29,modern-challenge-64-2026-06-2912845692,challenge-64,niuwaid001,19,12
2026-06-29,modern-challenge-64-2026-06-2912845692,challenge-64,cftsoc3,20,12
2026-06-29,modern-challenge-64-2026-06-2912845692,challenge-64,Dooter611,21,12
2026-06-29,modern-challenge-64-2026-06-2912845692,challenge-64,gamertoad,22,12
2026-06-29,modern-challenge-64-2026-06-2912845692,challenge-64,ScreenwriterNY,23,12
2026-06-29,modern-challenge-64-2026-06-2912845692,challenge-64,albertoSD,24,12
2026-06-29,modern-challenge-64-2026-06-2912845692,challenge-64,DenimHero19,25,12
2026-06-29,modern-challenge-64-2026-06-2912845692,challenge-64,Micro,26,12
2026-06-29,modern-challenge-64-2026-06-2912845692,challenge-64,johnsmith3373,27,12
2026-06-29,modern-challenge-64-2026-06-2912845692,challenge-64,bomberboss,28,12
2026-06-29,modern-challenge-64-2026-06-2912845692,challenge-64,MarcoBelacca95,29,12
2026-06-29,modern-challenge-64-2026-06-2912845692,challenge-64,Reyun,30,12
2026-06-29,modern-challenge-64-2026-06-2912845692,challenge-64,LucasG1ggs,31,12
2026-06-29,modern-challenge-64-2026-06-2912845692,challenge-64,ChewDawg,32,12
2026-06-29,modern-challenge-96-2026-06-2912845943,challenge-96,Rvng,1,18
2026-06-29,modern-challenge-96-2026-06-2912845943,challenge-96,Selfeisek,2,18
2026-06-29,modern-challenge-96-2026-06-2912845943,challenge-96,Kev_1414,3,18
2026-06-29,modern-challenge-96-2026-06-2912845943,challenge-96,TrueHero,4,15
2026-06-29,modern-challenge-96-2026-06-2912845943,challenge-96,Xerk,5,18
2026-06-29,modern-challenge-96-2026-06-2912845943,challenge-96,viktor_von_muerte,6,18
2026-06-29,modern-challenge-96-2026-06-2912845943,challenge-96,GWT,7,18
2026-06-29,modern-challenge-96-2026-06-2912845943,challenge-96,bomberboss,8,18
2026-06-29,modern-challenge-96-2026-06-2912845943,challenge-96,X_Why_Z,9,15
2026-06-29,modern-challenge-96-2026-06-2912845943,challenge-96,Smallforest,10,15
2026-06-29,modern-challenge-96-2026-06-2912845943,challenge-96,bugzbugs,11,15
2026-06-29,modern-challenge-96-2026-06-2912845943,challenge-96,oskiyaa,12,15
2026-06-29,modern-challenge-96-2026-06-2912845943,challenge-96,Fransadness,13,15
2026-06-29,modern-challenge-96-2026-06-2912845943,challenge-96,Ryosis,14,15
2026-06-29,modern-challenge-96-2026-06-2912845943,challenge-96,Jim_Minhoca,15,15
2026-06-29,modern-challenge-96-2026-06-2912845943,challenge-96,mikeleee,16,15
2026-06-29,modern-challenge-96-2026-06-2912845943,challenge-96,DrPP,17,15
2026-06-29,modern-challenge-96-2026-06-2912845943,challenge-96,RTR_,18,15
2026-06-29,modern-challenge-96-2026-06-2912845943,challenge-96,badgods,19,15
2026-06-29,modern-challenge-96-2026-06-2912845943,challenge-96,TokaraStrait,20,15
2026-06-29,modern-challenge-96-2026-06-2912845943,challenge-96,Capitano_CL,21,15
2026-06-29,modern-challenge-96-2026-06-2912845943,challenge-96,Pleyboy,22,15
2026-06-29,modern-challenge-96-2026-06-2912845943,challenge-96,ShikiXYZ,23,15
2026-06-29,modern-challenge-96-2026-06-2912845943,challenge-96,KingHairy,24,12
2026-06-29,modern-challenge-96-2026-06-2912845943,challenge-96,Salvatto,25,12
2026-06-29,modern-challenge-96-2026-06-2912845943,challenge-96,fdriku98,26,12
2026-06-29,modern-challenge-96-2026-06-2912845943,challenge-96,Antarctica,27,12
2026-06-29,modern-challenge-96-2026-06-2912845943,challenge-96,ElPuerco,28,12
2026-06-29,modern-challenge-96-2026-06-2912845943,challenge-96,Zuin,29,12
2026-06-29,modern-challenge-96-2026-06-2912845943,challenge-96,DB_cntrlfreak_ttv,30,12
2026-06-29,modern-challenge-96-2026-06-2912845943,challenge-96,nahuel10,31,12
2026-06-29,modern-challenge-96-2026-06-2912845943,challenge-96,Moe12,32,12
2026-06-29,modern-league-2026-06-2910847,league,AlexCheroky,,
2026-06-29,modern-league-2026-06-2910847,league,Andrea_Paglialunga,,
2026-06-29,modern-league-2026-06-2910847,league,Baurong,,
2026-06-29,modern-league-2026-06-2910847,league,Chichichi,,
2026-06-29,modern-league-2026-06-2910847,league,DEPIXELEDJ2000,,
2026-06-29,modern-league-2026-06-2910847,league,Danielh6,,
2026-06-29,modern-league-2026-06-2910847,league,Datkros,,
2026-06-29,modern-league-2026-06-2910847,league,DeepDisherino,,
2026-06-29,modern-league-2026-06-2910847,league,Deitrock,,
2026-06-29,modern-league-2026-06-2910847,league,Egorable,,
2026-06-29,modern-league-2026-06-2910847,league,Eliamazzu,,
2026-06-29,modern-league-2026-06-2910847,league,Hayseed,,
2026-06-29,modern-league-2026-06-2910847,league,Jamthan,,
2026-06-29,modern-league-2026-06-2910847,league,Jselzo,,
2026-06-29,modern-league-2026-06-2910847,league,Kakoijelev,,
2026-06-29,modern-league-2026-06-2910847,league,Kollslaw,,
2026-06-29,modern-league-2026-06-2910847,league,Kurusu,,
2026-06-29,modern-league-2026-06-2910847,league,Leyen_decker,,
2026-06-29,modern-league-2026-06-2910847,league,LordEgg,,
2026-06-29,modern-league-2026-06-2910847,league,LysergiK002,,
2026-06-29,modern-league-2026-06-2910847,league,MN64,,
2026-06-29,modern-league-2026-06-2910847,league,MTerryG,,
2026-06-29,modern-league-2026-06-2910847,league,Maccaciock,,
2026-06-29,modern-league-2026-06-2910847,league,MeleeQC,,
2026-06-29,modern-league-2026-06-2910847,league,Misplacedginger,,
2026-06-29,modern-league-2026-06-2910847,league,MissTrigger,,
2026-06-29,modern-league-2026-06-2910847,league,MisterTwin,,
2026-06-29,modern-league-2026-06-2910847,league,NickBolas90,,
2026-06-29,modern-league-2026-06-2910847,league,OafMcNamara,,
2026-06-29,modern-league-2026-06-2910847,league,Rack,,
2026-06-29,modern-league-2026-06-2910847,league,SamuMtg,,
2026-06-29,modern-league-2026-06-2910847,league,Santacruz,,
2026-06-29,modern-league-2026-06-2910847,league,Shardless_Agent,,
2026-06-29,modern-league-2026-06-2910847,league,TRizzy__,,
2026-06-29,modern-league-2026-06-2910847,league,Thagol,,
2026-06-29,modern-league-2026-06-2910847,league,The_Phenom,,
2026-06-29,modern-league-2026-06-2910847,league,VampireX_,,
2026-06-29,modern-league-2026-06-2910847,league,Xanzure,,
2026-06-29,modern-league-2026-06-2910847,league,azax,,
2026-06-29,modern-league-2026-06-2910847,league,azax,,
2026-06-29,modern-league-2026-06-2910847,league,azax,,
2026-06-29,modern-league-2026-06-2910847,league,ctm00,,
2026-06-29,modern-league-2026-06-2910847,league,danlogan,,
2026-06-29,modern-league-2026-06-2910847,league,delicinha,,
2026-06-29,modern-league-2026-06-2910847,league,e0068,,
2026-06-29,modern-league-2026-06-2910847,league,fdriku98,,
2026-06-29,modern-league-2026-06-2910847,league,fradelrock,,
2026-06-29,modern-league-2026-06-2910847,league,fried-rice,,
2026-06-29,modern-league-2026-06-2910847,league,ginp,,
2026-06-29,modern-league-2026-06-2910847,league,kePs,,
2026-06-29,modern-league-2026-06-2910847,league,littlebinboy,,
2026-06-29,modern-league-2026-06-2910847,league,mERAZED,,
2026-06-29,modern-league-2026-06-2910847,league,marcoshadow,,
2026-06-29,modern-league-2026-06-2910847,league,rabblemasterblaster,,
2026-06-29,modern-league-2026-06-2910847,league,sioutis_kk,,
2026-06-29,modern-league-2026-06-2910847,league,stealthy-,,
2026-06-29,modern-league-2026-06-2910847,league,tapinho,,
2026-06-29,modern-league-2026-06-2910847,league,wara,,
2026-06-29,modern-league-2026-06-2910847,league,xera,,
2026-06-30,modern-challenge-64-2026-06-3012845711,challenge-64,rastaf,1,18
2026-06-30,modern-challenge-64-2026-06-3012845711,challenge-64,MeninooNey,2,15
2026-06-30,modern-challenge-64-2026-06-3012845711,challenge-64,bugzbugs,3,18
2026-06-30,modern-challenge-64-2026-06-3012845711,challenge-64,Odin2015,4,15
2026-06-30,modern-challenge-64-2026-06-3012845711,challenge-64,JustAnotherGuy83,5,21
2026-06-30,modern-challenge-64-2026-06-3012845711,challenge-64,Capitano_CL,6,18
2026-06-30,modern-challenge-64-2026-06-3012845711,challenge-64,RandomOctopus,7,15
2026-06-30,modern-challenge-64-2026-06-3012845711,challenge-64,Bruskk,8,15
2026-06-30,modern-challenge-64-2026-06-3012845711,challenge-64,Valident,9,15
2026-06-30,modern-challenge-64-2026-06-3012845711,challenge-64,duke12,10,15
2026-06-30,modern-challenge-64-2026-06-3012845711,challenge-64,joaoclaudioms,11,15
2026-06-30,modern-challenge-64-2026-06-3012845711,challenge-64,OafMcNamara,12,15
2026-06-30,modern-challenge-64-2026-06-3012845711,challenge-64,OctillionBees,13,15
2026-06-30,modern-challenge-64-2026-06-3012845711,challenge-64,Rvng,14,15
2026-06-30,modern-challenge-64-2026-06-3012845711,challenge-64,yriel,15,15
2026-06-30,modern-challenge-64-2026-06-3012845711,challenge-64,IDontNeedAName,16,15
2026-06-30,modern-challenge-64-2026-06-3012845711,challenge-64,GyaraMos6812,17,12
2026-06-30,modern-challenge-64-2026-06-3012845711,challenge-64,ShikiXYZ,18,12
2026-06-30,modern-challenge-64-2026-06-3012845711,challenge-64,DB_cntrlfreak_ttv,19,12
2026-06-30,modern-challenge-64-2026-06-3012845711,challenge-64,InspiringPresence,20,12
2026-06-30,modern-challenge-64-2026-06-3012845711,challenge-64,Jumba,21,12
2026-06-30,modern-challenge-64-2026-06-3012845711,challenge-64,ScreenwriterNY,22,12
2026-06-30,modern-challenge-64-2026-06-3012845711,challenge-64,LegacyGrinder,23,12
2026-06-30,modern-challenge-64-2026-06-3012845711,challenge-64,sicsmoo,24,12
2026-06-30,modern-challenge-64-2026-06-3012845711,challenge-64,MarcoBelacca95,25,12
2026-06-30,modern-challenge-64-2026-06-3012845711,challenge-64,leandru,26,12
2026-06-30,modern-challenge-64-2026-06-3012845711,challenge-64,unagieel,27,12
2026-06-30,modern-challenge-64-2026-06-3012845711,challenge-64,Pafru,28,12
2026-06-30,modern-challenge-64-2026-06-3012845711,challenge-64,Martin_Dominguez,29,12
2026-06-30,modern-challenge-64-2026-06-3012845711,challenge-64,bunnyfat,30,12
2026-06-30,modern-challenge-64-2026-06-3012845711,challenge-64,k9inthetardis,31,9
2026-06-30,modern-challenge-64-2026-06-3012845711,challenge-64,Sarlanga,32,9
2026-06-30,modern-league-2026-06-3010847,league,Acecalna,,
2026-06-30,modern-league-2026-06-3010847,league,AquileX7,,
2026-06-30,modern-league-2026-06-3010847,league,Blindside09,,
2026-06-30,modern-league-2026-06-3010847,league,BrainsickHater,,
2026-06-30,modern-league-2026-06-3010847,league,Cachorrowo,,
2026-06-30,modern-league-2026-06-3010847,league,CrisMTG77,,
2026-06-30,modern-league-2026-06-3010847,league,Crovax90,,
2026-06-30,modern-league-2026-06-3010847,league,CrusherBotBG,,
2026-06-30,modern-league-2026-06-3010847,league,Dabol-R,,
2026-06-30,modern-league-2026-06-3010847,league,DejoyOfGaming,,
2026-06-30,modern-league-2026-06-3010847,league,DobleP,,
2026-06-30,modern-league-2026-06-3010847,league,GingerGuy83,,
2026-06-30,modern-league-2026-06-3010847,league,GoncalvesF,,
2026-06-30,modern-league-2026-06-3010847,league,GrouchyTurtle,,
2026-06-30,modern-league-2026-06-3010847,league,GuildMasterboros7,,
2026-06-30,modern-league-2026-06-3010847,league,HDG_BorisE,,
2026-06-30,modern-league-2026-06-3010847,league,Hyper,,
2026-06-30,modern-league-2026-06-3010847,league,JahBoodle,,
2026-06-30,modern-league-2026-06-3010847,league,KingChainsaw,,
2026-06-30,modern-league-2026-06-3010847,league,LalauWBA,,
2026-06-30,modern-league-2026-06-3010847,league,LifeofPie,,
2026-06-30,modern-league-2026-06-3010847,league,MrCafouillette,,
2026-06-30,modern-league-2026-06-3010847,league,Mtyrant,,
2026-06-30,modern-league-2026-06-3010847,league,Mythar,,
2026-06-30,modern-league-2026-06-3010847,league,Nedense,,
2026-06-30,modern-league-2026-06-3010847,league,Odin2015,,
2026-06-30,modern-league-2026-06-3010847,league,PJKP,,
2026-06-30,modern-league-2026-06-3010847,league,Paranzio2104,,
2026-06-30,modern-league-2026-06-3010847,league,Rack,,
2026-06-30,modern-league-2026-06-3010847,league,Rainwalker83,,
2026-06-30,modern-league-2026-06-3010847,league,Row2015,,
2026-06-30,modern-league-2026-06-3010847,league,Rudokant,,
2026-06-30,modern-league-2026-06-3010847,league,ShzockChan,,
2026-06-30,modern-league-2026-06-3010847,league,TGR,,
2026-06-30,modern-league-2026-06-3010847,league,TheRightStuff,,
2026-06-30,modern-league-2026-06-3010847,league,TioJuaN,,
2026-06-30,modern-league-2026-06-3010847,league,TrapYeti,,
2026-06-30,modern-league-2026-06-3010847,league,Tyggz,,
2026-06-30,modern-league-2026-06-3010847,league,Uta5,,
2026-06-30,modern-league-2026-06-3010847,league,WorstShuffler,,
2026-06-30,modern-league-2026-06-3010847,league,_Numsgil_,,
2026-06-30,modern-league-2026-06-3010847,league,aronfreyr1212,,
2026-06-30,modern-league-2026-06-3010847,league,azax,,
2026-06-30,modern-league-2026-06-3010847,league,brina,,
2026-06-30,modern-league-2026-06-3010847,league,coastae7,,
2026-06-30,modern-league-2026-06-3010847,league,elvin7,,
2026-06-30,modern-league-2026-06-3010847,league,freddylol12,,
2026-06-30,modern-league-2026-06-3010847,league,fried-rice,,
2026-06-30,modern-league-2026-06-3010847,league,fullerluke30,,
2026-06-30,modern-league-2026-06-3010847,league,giuse713,,
2026-06-30,modern-league-2026-06-3010847,league,haoqinglangou,,
2026-06-30,modern-league-2026-06-3010847,league,hyyy1,,
2026-06-30,modern-league-2026-06-3010847,league,johnsmith3373,,
2026-06-30,modern-league-2026-06-3010847,league,jpopster,,
2026-06-30,modern-league-2026-06-3010847,league,ofcurs,,
2026-06-30,modern-league-2026-06-3010847,league,pwqz,,
2026-06-30,modern-league-2026-06-3010847,league,rafp,,
2026-06-30,modern-league-2026-06-3010847,league,reidq7,,
2026-06-30,modern-league-2026-06-3010847,league,simmons3333,,
2026-06-30,modern-league-2026-06-3010847,league,toondoslav,,
2026-06-30,modern-league-2026-06-3010847,league,xXEvers,,
2026-07-01,modern-challenge-96-2026-07-0112845722,challenge-96,toondoslav,1,21
2026-07-01,modern-challenge-96-2026-07-0112845722,challenge-96,Xerk,2,18
2026-07-01,modern-challenge-96-2026-07-0112845722,challenge-96,Bruskk,3,18
2026-07-01,modern-challenge-96-2026-07-0112845722,challenge-96,JPA93,4,18
2026-07-01,modern-challenge-96-2026-07-0112845722,challenge-96,zturchan,5,18
2026-07-01,modern-challenge-96-2026-07-0112845722,challenge-96,RCMerriam,6,18
2026-07-01,modern-challenge-96-2026-07-0112845722,challenge-96,Savior0117,7,18
2026-07-01,modern-challenge-96-2026-07-0112845722,challenge-96,Galashev29,8,15
2026-07-01,modern-challenge-96-2026-07-0112845722,challenge-96,ShikiXYZ,9,15
2026-07-01,modern-challenge-96-2026-07-0112845722,challenge-96,OafMcNamara,10,15
2026-07-01,modern-challenge-96-2026-07-0112845722,challenge-96,MeninooNey,11,15
2026-07-01,modern-challenge-96-2026-07-0112845722,challenge-96,nahuel10,12,15
2026-07-01,modern-challenge-96-2026-07-0112845722,challenge-96,tchuco,13,15
2026-07-01,modern-challenge-96-2026-07-0112845722,challenge-96,azax,14,15
2026-07-01,modern-challenge-96-2026-07-0112845722,challenge-96,Comrade1312,15,15
2026-07-01,modern-challenge-96-2026-07-0112845722,challenge-96,Craig_Long123,16,15
2026-07-01,modern-challenge-96-2026-07-0112845722,challenge-96,JohnTag667,17,15
2026-07-01,modern-challenge-96-2026-07-0112845722,challenge-96,RoccoCocco,18,15
2026-07-01,modern-challenge-96-2026-07-0112845722,challenge-96,Mldyss,19,15
2026-07-01,modern-challenge-96-2026-07-0112845722,challenge-96,brainstormlocked,20,15
2026-07-01,modern-challenge-96-2026-07-0112845722,challenge-96,Whitevision,21,15
2026-07-01,modern-challenge-96-2026-07-0112845722,challenge-96,harlouuk,22,15
2026-07-01,modern-challenge-96-2026-07-0112845722,challenge-96,xl_snapcaster,23,15
2026-07-01,modern-challenge-96-2026-07-0112845722,challenge-96,MystikHawk,24,15
2026-07-01,modern-challenge-96-2026-07-0112845722,challenge-96,chairiang,25,15
2026-07-01,modern-challenge-96-2026-07-0112845722,challenge-96,frenzyofexultations,26,15
2026-07-01,modern-challenge-96-2026-07-0112845722,challenge-96,kcomedina,27,12
2026-07-01,modern-challenge-96-2026-07-0112845722,challenge-96,missflood,28,12
2026-07-01,modern-challenge-96-2026-07-0112845722,challenge-96,jussupinator,29,12
2026-07-01,modern-challenge-96-2026-07-0112845722,challenge-96,YAK9k,30,12
2026-07-01,modern-challenge-96-2026-07-0112845722,challenge-96,rastaf,31,12
2026-07-01,modern-challenge-96-2026-07-0112845722,challenge-96,Thunus,32,12
2026-07-01,modern-league-2026-07-0110847,league,Bobone,,
2026-07-01,modern-league-2026-07-0110847,league,CrisMTG77,,
2026-07-01,modern-league-2026-07-0110847,league,Da_Ruas7,,
2026-07-01,modern-league-2026-07-0110847,league,Delta_Sanku,,
2026-07-01,modern-league-2026-07-0110847,league,ElGaiteiro,,
2026-07-01,modern-league-2026-07-0110847,league,Ferro_,,
2026-07-01,modern-league-2026-07-0110847,league,Giltspire,,
2026-07-01,modern-league-2026-07-0110847,league,Hitcliff,,
2026-07-01,modern-league-2026-07-0110847,league,Iceblade908,,
2026-07-01,modern-league-2026-07-0110847,league,Irenicus_Mfs,,
2026-07-01,modern-league-2026-07-0110847,league,Ivc,,
2026-07-01,modern-league-2026-07-0110847,league,Jonii,,
2026-07-01,modern-league-2026-07-0110847,league,Jsutas,,
2026-07-01,modern-league-2026-07-0110847,league,Kiles85,,
2026-07-01,modern-league-2026-07-0110847,league,KingChainsaw,,
2026-07-01,modern-league-2026-07-0110847,league,KoDiamonds,,
2026-07-01,modern-league-2026-07-0110847,league,Linden_43,,
2026-07-01,modern-league-2026-07-0110847,league,Maede,,
2026-07-01,modern-league-2026-07-0110847,league,Mistakenn,,
2026-07-01,modern-league-2026-07-0110847,league,Nagato_Boran,,
2026-07-01,modern-league-2026-07-0110847,league,NickBolas90,,
2026-07-01,modern-league-2026-07-0110847,league,Odin2015,,
2026-07-01,modern-league-2026-07-0110847,league,Paranzio2104,,
2026-07-01,modern-league-2026-07-0110847,league,Pasetta,,
2026-07-01,modern-league-2026-07-0110847,league,PorkMcPie,,
2026-07-01,modern-league-2026-07-0110847,league,Porks,,
2026-07-01,modern-league-2026-07-0110847,league,RedArmada,,
2026-07-01,modern-league-2026-07-0110847,league,Romulus731,,
2026-07-01,modern-league-2026-07-0110847,league,Samcaster-Mage,,
2026-07-01,modern-league-2026-07-0110847,league,Sfrenka667,,
2026-07-01,modern-league-2026-07-0110847,league,SnackyTreehorn,,
2026-07-01,modern-league-2026-07-0110847,league,TSMJustice,,
2026-07-01,modern-league-2026-07-0110847,league,VenoW_art,,
2026-07-01,modern-league-2026-07-0110847,league,Wata,,
2026-07-01,modern-league-2026-07-0110847,league,WorstShuffler,,
2026-07-01,modern-league-2026-07-0110847,league,_epinephrine,,
2026-07-01,modern-league-2026-07-0110847,league,deadbabyunicorn,,
2026-07-01,modern-league-2026-07-0110847,league,elevate41,,
2026-07-01,modern-league-2026-07-0110847,league,fj_rodman,,
2026-07-01,modern-league-2026-07-0110847,league,jontih,,
2026-07-01,modern-league-2026-07-0110847,league,littlebinboy,,
2026-07-01,modern-league-2026-07-0110847,league,lyz050915,,
2026-07-01,modern-league-2026-07-0110847,league,m0sc0wmitch,,
2026-07-01,modern-league-2026-07-0110847,league,magicgatheringbigfan,,
2026-07-01,modern-league-2026-07-0110847,league,mikeleee,,
2026-07-01,modern-league-2026-07-0110847,league,mogis67,,
2026-07-01,modern-league-2026-07-0110847,league,monste94,,
2026-07-01,modern-league-2026-07-0110847,league,mtbWolf,,
2026-07-01,modern-league-2026-07-0110847,league,nedyahiske,,
2026-07-01,modern-league-2026-07-0110847,league,nk0913,,
2026-07-01,modern-league-2026-07-0110847,league,ratabruta,,
2026-07-01,modern-league-2026-07-0110847,league,shigure1020,,
2026-07-01,modern-league-2026-07-0110847,league,toondoslav,,
2026-07-01,modern-league-2026-07-0110847,league,tuckedaway,,
2026-07-01,modern-league-2026-07-0110847,league,vegasonee,,
2026-07-01,modern-league-2026-07-0110847,league,wyxczjm,,
2026-07-01,modern-league-2026-07-0110847,league,xfile,,
2026-07-01,modern-league-2026-07-0110847,league,zecarlonxo,,
2026-07-02,modern-challenge-64-2026-07-0212846455,challenge-64,Corkyboyy,1,15
2026-07-02,modern-challenge-64-2026-07-0212846455,challenge-64,broers_,2,18
2026-07-02,modern-challenge-64-2026-07-0212846455,challenge-64,Chloe_Knight,3,18
2026-07-02,modern-challenge-64-2026-07-0212846455,challenge-64,DJK3V1N,4,18
2026-07-02,modern-challenge-64-2026-07-0212846455,challenge-64,LegendaryHuman,5,18
2026-07-02,modern-challenge-64-2026-07-0212846455,challenge-64,chairiang,6,18
2026-07-02,modern-challenge-64-2026-07-0212846455,challenge-64,kcomedina,7,18
2026-07-02,modern-challenge-64-2026-07-0212846455,challenge-64,kanister,8,18
2026-07-02,modern-challenge-64-2026-07-0212846455,challenge-64,Young_Shaman,9,15
2026-07-02,modern-challenge-64-2026-07-0212846455,challenge-64,Xanzure,10,15
2026-07-02,modern-challenge-64-2026-07-0212846455,challenge-64,ElPuerco,11,15
2026-07-02,modern-challenge-64-2026-07-0212846455,challenge-64,dunkzone,12,15
2026-07-02,modern-challenge-64-2026-07-0212846455,challenge-64,kytk321,13,15
2026-07-02,modern-challenge-64-2026-07-0212846455,challenge-64,Xenowan,14,15
2026-07-02,modern-challenge-64-2026-07-0212846455,challenge-64,Junkmener,15,15
2026-07-02,modern-challenge-64-2026-07-0212846455,challenge-64,AllanonCEW,16,15
2026-07-02,modern-challenge-64-2026-07-0212846455,challenge-64,nahuel10,17,15
2026-07-02,modern-challenge-64-2026-07-0212846455,challenge-64,McWinSauce,18,15
2026-07-02,modern-challenge-64-2026-07-0212846455,challenge-64,Prodyman,19,15
2026-07-02,modern-challenge-64-2026-07-0212846455,challenge-64,SilversRayleigh,20,15
2026-07-02,modern-challenge-64-2026-07-0212846455,challenge-64,Rvng,21,15
2026-07-02,modern-challenge-64-2026-07-0212846455,challenge-64,terlollo04,22,15
2026-07-02,modern-challenge-64-2026-07-0212846455,challenge-64,Thunus,23,15
2026-07-02,modern-challenge-64-2026-07-0212846455,challenge-64,JuanmaAT,24,12
2026-07-02,modern-challenge-64-2026-07-0212846455,challenge-64,_Falcon_,25,12
2026-07-02,modern-challenge-64-2026-07-0212846455,challenge-64,_IlNano_,26,12
2026-07-02,modern-challenge-64-2026-07-0212846455,challenge-64,Omegauo,27,12
2026-07-02,modern-challenge-64-2026-07-0212846455,challenge-64,JakeTMS,28,12
2026-07-02,modern-challenge-64-2026-07-0212846455,challenge-64,bomberboss,29,12
2026-07-02,modern-challenge-64-2026-07-0212846455,challenge-64,DJStillio,30,12
2026-07-02,modern-challenge-64-2026-07-0212846455,challenge-64,makaaaa,31,12
2026-07-02,modern-challenge-64-2026-07-0212846455,challenge-64,Dioferreira,32,12
2026-07-02,modern-league-2026-07-0210847,league,Ailith,,
2026-07-02,modern-league-2026-07-0210847,league,AlpInco,,
2026-07-02,modern-league-2026-07-0210847,league,Ashbrown,,
2026-07-02,modern-league-2026-07-0210847,league,B-Carp,,
2026-07-02,modern-league-2026-07-0210847,league,Bagoot,,
2026-07-02,modern-league-2026-07-0210847,league,Crovax90,,
2026-07-02,modern-league-2026-07-0210847,league,DB_Mengu,,
2026-07-02,modern-league-2026-07-0210847,league,Davidowiz,,
2026-07-02,modern-league-2026-07-0210847,league,DejoyOfGaming,,
2026-07-02,modern-league-2026-07-0210847,league,DonEnrique,,
2026-07-02,modern-league-2026-07-0210847,league,Doomenstein,,
2026-07-02,modern-league-2026-07-0210847,league,E2d3T,,
2026-07-02,modern-league-2026-07-0210847,league,Evelyn_,,
2026-07-02,modern-league-2026-07-0210847,league,GingerGuy83,,
2026-07-02,modern-league-2026-07-0210847,league,Giovane_Lupo,,
2026-07-02,modern-league-2026-07-0210847,league,Inkmaster,,
2026-07-02,modern-league-2026-07-0210847,league,Jakesbaked,,
2026-07-02,modern-league-2026-07-0210847,league,Kartoffelman,,
2026-07-02,modern-league-2026-07-0210847,league,Keggers,,
2026-07-02,modern-league-2026-07-0210847,league,LangeBastian,,
2026-07-02,modern-league-2026-07-0210847,league,MagicDevil666,,
2026-07-02,modern-league-2026-07-0210847,league,MarkMaoZi,,
2026-07-02,modern-league-2026-07-0210847,league,Nagato_Boran,,
2026-07-02,modern-league-2026-07-0210847,league,Nuserdog,,
2026-07-02,modern-league-2026-07-0210847,league,OldSpicey,,
2026-07-02,modern-league-2026-07-0210847,league,OldSpicey,,
2026-07-02,modern-league-2026-07-0210847,league,PMMori,,
2026-07-02,modern-league-2026-07-0210847,league,Pandathemagical,,
2026-07-02,modern-league-2026-07-0210847,league,Peven,,
2026-07-02,modern-league-2026-07-0210847,league,Rangelon,,
2026-07-02,modern-league-2026-07-0210847,league,Redman1034,,
2026-07-02,modern-league-2026-07-0210847,league,Retrisma,,
2026-07-02,modern-league-2026-07-0210847,league,Rostocker,,
2026-07-02,modern-league-2026-07-0210847,league,Rudokant,,
2026-07-02,modern-league-2026-07-0210847,league,SacredCat29,,
2026-07-02,modern-league-2026-07-0210847,league,Samcaster-Mage,,
2026-07-02,modern-league-2026-07-0210847,league,SupremX,,
2026-07-02,modern-league-2026-07-0210847,league,Trinax72,,
2026-07-02,modern-league-2026-07-0210847,league,Twantie,,
2026-07-02,modern-league-2026-07-0210847,league,Unplayer,,
2026-07-02,modern-league-2026-07-0210847,league,Xe3d,,
2026-07-02,modern-league-2026-07-0210847,league,ZSparx,,
2026-07-02,modern-league-2026-07-0210847,league,_Tia93_,,
2026-07-02,modern-league-2026-07-0210847,league,aplapp,,
2026-07-02,modern-league-2026-07-0210847,league,azax,,
2026-07-02,modern-league-2026-07-0210847,league,azax,,
2026-07-02,modern-league-2026-07-0210847,league,bananakin,,
2026-07-02,modern-league-2026-07-0210847,league,chilwad8132,,
2026-07-02,modern-league-2026-07-0210847,league,dough_shack,,
2026-07-02,modern-league-2026-07-0210847,league,eyalos2806,,
2026-07-02,modern-league-2026-07-0210847,league,giuse713,,
2026-07-02,modern-league-2026-07-0210847,league,iltinu_mtg,,
2026-07-02,modern-league-2026-07-0210847,league,melo96,,
2026-07-02,modern-league-2026-07-0210847,league,moreno13,,
2026-07-02,modern-league-2026-07-0210847,league,second_circle,,
2026-07-02,modern-league-2026-07-0210847,league,solaec0501,,
2026-07-02,modern-league-2026-07-0210847,league,theasiankid,,
2026-07-02,modern-league-2026-07-0210847,league,thottie_crippin,,
2026-07-02,modern-league-2026-07-0210847,league,zhangkh,,
2026-07-03,modern-challenge-64-2026-07-0312846472,challenge-64,Savior0117,1,18
2026-07-03,modern-challenge-64-2026-07-0312846472,challenge-64,xdd,2,18
2026-07-03,modern-challenge-64-2026-07-0312846472,challenge-64,ShikiXYZ,3,21
2026-07-03,modern-challenge-64-2026-07-0312846472,challenge-64,Jumba,4,18
2026-07-03,modern-challenge-64-2026-07-0312846472,challenge-64,selesneal,5,18
2026-07-03,modern-challenge-64-2026-07-0312846472,challenge-64,Death_Lighter,6,18
2026-07-03,modern-challenge-64-2026-07-0312846472,challenge-64,Marmotte_Lambda,7,18
2026-07-03,modern-challenge-64-2026-07-0312846472,challenge-64,Suechtler,8,18
2026-07-03,modern-challenge-64-2026-07-0312846472,challenge-64,KingHairy,9,15
2026-07-03,modern-challenge-64-2026-07-0312846472,challenge-64,Cachorrowo,10,15
2026-07-03,modern-challenge-64-2026-07-0312846472,challenge-64,Oscar_Franco,11,15
2026-07-03,modern-challenge-64-2026-07-0312846472,challenge-64,Porks,12,15
2026-07-03,modern-challenge-64-2026-07-0312846472,challenge-64,D00mwake,13,15
2026-07-03,modern-challenge-64-2026-07-0312846472,challenge-64,Gxs3v3n,14,15
2026-07-03,modern-challenge-64-2026-07-0312846472,challenge-64,Backoff,15,15
2026-07-03,modern-challenge-64-2026-07-0312846472,challenge-64,YungDingo,16,15
2026-07-03,modern-challenge-64-2026-07-0312846472,challenge-64,MarcoBelacca95,17,15
2026-07-03,modern-challenge-64-2026-07-0312846472,challenge-64,rastaf,18,15
2026-07-03,modern-challenge-64-2026-07-0312846472,challenge-64,CliffBoyardee,19,15
2026-07-03,modern-challenge-64-2026-07-0312846472,challenge-64,kaikas,20,15
2026-07-03,modern-challenge-64-2026-07-0312846472,challenge-64,deftjad,21,15
2026-07-03,modern-challenge-64-2026-07-0312846472,challenge-64,harlouuk,22,15
2026-07-03,modern-challenge-64-2026-07-0312846472,challenge-64,GWT,23,15
2026-07-03,modern-challenge-64-2026-07-0312846472,challenge-64,Urthstrype,24,15
2026-07-03,modern-challenge-64-2026-07-0312846472,challenge-64,sgcyrus,25,15
2026-07-03,modern-challenge-64-2026-07-0312846472,challenge-64,Retrisma,26,12
2026-07-03,modern-challenge-64-2026-07-0312846472,challenge-64,chuyingfei,27,12
2026-07-03,modern-challenge-64-2026-07-0312846472,challenge-64,eyalos2806,28,12
2026-07-03,modern-challenge-64-2026-07-0312846472,challenge-64,Edel,29,12
2026-07-03,modern-challenge-64-2026-07-0312846472,challenge-64,Bruskk,30,12
2026-07-03,modern-challenge-64-2026-07-0312846472,challenge-64,Univerce,31,12
2026-07-03,modern-challenge-64-2026-07-0312846472,challenge-64,Doomenstein,32,12
2026-07-03,modern-league-2026-07-0310847,league,Arcbound_Papi,,
2026-07-03,modern-league-2026-07-0310847,league,Argtigg,,
2026-07-03,modern-league-2026-07-0310847,league,Astrid_star,,
2026-07-03,modern-league-2026-07-0310847,league,EquipCranialPlating,,
2026-07-03,modern-league-2026-07-0310847,league,Fatal_Vlad,,
2026-07-03,modern-league-2026-07-0310847,league,Free2,,
2026-07-03,modern-league-2026-07-0310847,league,Freohr,,
2026-07-03,modern-league-2026-07-0310847,league,GingerHitman,,
2026-07-03,modern-league-2026-07-0310847,league,Heat_Se3king_Mi$sile,,
2026-07-03,modern-league-2026-07-0310847,league,Honeycomb_,,
2026-07-03,modern-league-2026-07-0310847,league,Hravv,,
2026-07-03,modern-league-2026-07-0310847,league,Imaeda,,
2026-07-03,modern-league-2026-07-0310847,league,JBudde,,
2026-07-03,modern-league-2026-07-0310847,league,Jacobisboss,,
2026-07-03,modern-league-2026-07-0310847,league,KingChainsaw,,
2026-07-03,modern-league-2026-07-0310847,league,KingCoomf,,
2026-07-03,modern-league-2026-07-0310847,league,Kuisteri,,
2026-07-03,modern-league-2026-07-0310847,league,Leohard,,
2026-07-03,modern-league-2026-07-0310847,league,Leovoldo,,
2026-07-03,modern-league-2026-07-0310847,league,Linden_43,,
2026-07-03,modern-league-2026-07-0310847,league,Lotus_K2,,
2026-07-03,modern-league-2026-07-0310847,league,Manuel_Danninger,,
2026-07-03,modern-league-2026-07-0310847,league,Mapletreefrog,,
2026-07-03,modern-league-2026-07-0310847,league,Micro,,
2026-07-03,modern-league-2026-07-0310847,league,NicolasGEM,,
2026-07-03,modern-league-2026-07-0310847,league,Nyife,,
2026-07-03,modern-league-2026-07-0310847,league,Prim3Time,,
2026-07-03,modern-league-2026-07-0310847,league,RiuuK1,,
2026-07-03,modern-league-2026-07-0310847,league,Sandstorm87,,
2026-07-03,modern-league-2026-07-0310847,league,Saporon,,
2026-07-03,modern-league-2026-07-0310847,league,Snowga,,
2026-07-03,modern-league-2026-07-0310847,league,Sockdolager,,
2026-07-03,modern-league-2026-07-0310847,league,TomBombadi1,,
2026-07-03,modern-league-2026-07-0310847,league,Toscanini,,
2026-07-03,modern-league-2026-07-0310847,league,Yoshi_,,
2026-07-03,modern-league-2026-07-0310847,league,_SonBes_,,
2026-07-03,modern-league-2026-07-0310847,league,_epinephrine,,
2026-07-03,modern-league-2026-07-0310847,league,alessandro81,,
2026-07-03,modern-league-2026-07-0310847,league,aspiringspike,,
2026-07-03,modern-league-2026-07-0310847,league,auzzie51,,
2026-07-03,modern-league-2026-07-0310847,league,azax,,
2026-07-03,modern-league-2026-07-0310847,league,comicbookday,,
2026-07-03,modern-league-2026-07-0310847,league,ctm00,,
2026-07-03,modern-league-2026-07-0310847,league,danichipo,,
2026-07-03,modern-league-2026-07-0310847,league,darikun,,
2026-07-03,modern-league-2026-07-0310847,league,ellcampesino,,
2026-07-03,modern-league-2026-07-0310847,league,ika_jpn,,
2026-07-03,modern-league-2026-07-0310847,league,keyzoo,,
2026-07-03,modern-league-2026-07-0310847,league,kyuby899,,
2026-07-03,modern-league-2026-07-0310847,league,maimai13,,
2026-07-03,modern-league-2026-07-0310847,league,marcoshadow,,
2026-07-03,modern-league-2026-07-0310847,league,monkofwar,,
2026-07-03,modern-league-2026-07-0310847,league,mylast,,
2026-07-03,modern-league-2026-07-0310847,league,pentagrampa,,
2026-07-03,modern-league-2026-07-0310847,league,satanicchl,,
2026-07-03,modern-league-2026-07-0310847,league,sps,,
2026-07-03,modern-league-2026-07-0310847,league,ssnelson,,
2026-07-03,modern-league-2026-07-0310847,league,standstillman,,
2026-07-03,modern-league-2026-07-0310847,league,sultai4lyfe,,
2026-07-03,modern-league-2026-07-0310847,league,vegasonee,,
2026-07-03,modern-league-2026-07-0310847,league,xXEvers,,
2026-07-03,modern-league-2026-07-0310847,league,xl_snapcaster,,
2026-07-04,modern-challenge-32-2026-07-0412846483,challenge-32,yolad,1,15
2026-07-04,modern-challenge-32-2026-07-0412846483,challenge-32,Jonii,2,12
2026-07-04,modern-challenge-32-2026-07-0412846483,challenge-32,FakeShaver,3,18
2026-07-04,modern-challenge-32-2026-07-0412846483,challenge-32,gazmon48,4,12
2026-07-04,modern-challenge-32-2026-07-0412846483,challenge-32,TrueHero,5,15
2026-07-04,modern-challenge-32-2026-07-0412846483,challenge-32,LuRu,6,15
2026-07-04,modern-challenge-32-2026-07-0412846483,challenge-32,Taddy_99,7,15
2026-07-04,modern-challenge-32-2026-07-0412846483,challenge-32,Selfeisek,8,12
2026-07-04,modern-challenge-32-2026-07-0412846483,challenge-32,Xerk,9,12
2026-07-04,modern-challenge-32-2026-07-0412846483,challenge-32,strgn7,10,12
2026-07-04,modern-challenge-32-2026-07-0412846483,challenge-32,SanPop,11,12
2026-07-04,modern-challenge-32-2026-07-0412846483,challenge-32,Cachorrowo,12,12
2026-07-04,modern-challenge-32-2026-07-0412846483,challenge-32,Fransadness,13,12
2026-07-04,modern-challenge-32-2026-07-0412846483,challenge-32,frenzyofexultations,14,9
2026-07-04,modern-challenge-32-2026-07-0412846483,challenge-32,MarcoBelacca95,15,9
2026-07-04,modern-challenge-32-2026-07-0412846483,challenge-32,Dreddybajs,16,9
2026-07-04,modern-challenge-32-2026-07-0412846483,challenge-32,pppoku,17,9
2026-07-04,modern-challenge-32-2026-07-0412846483,challenge-32,solaec0501,18,9
2026-07-04,modern-challenge-32-2026-07-0412846483,challenge-32,crazythursday,19,9
2026-07-04,modern-challenge-32-2026-07-0412846483,challenge-32,eXeliS,20,9
2026-07-04,modern-challenge-32-2026-07-0412846483,challenge-32,surgetemelo,21,9
2026-07-04,modern-challenge-32-2026-07-0412846483,challenge-32,Foxantes,22,9
2026-07-04,modern-challenge-32-2026-07-0412846483,challenge-32,1OR513N86,23,9
2026-07-04,modern-challenge-32-2026-07-0412846483,challenge-32,Moe12,24,6
2026-07-04,modern-challenge-32-2026-07-0412846483,challenge-32,JAJC,25,6
2026-07-04,modern-challenge-32-2026-07-0412846483,challenge-32,JPA93,26,6
2026-07-04,modern-challenge-32-2026-07-0412846483,challenge-32,Eyelash,27,6
2026-07-04,modern-challenge-32-2026-07-0412846483,challenge-32,DragonFodder,28,6
2026-07-04,modern-challenge-32-2026-07-0412846483,challenge-32,EiJunCHN,29,3
2026-07-04,modern-challenge-32-2026-07-0412846483,challenge-32,Joey_Wheeler,30,3
2026-07-04,modern-challenge-32-2026-07-0412846483,challenge-32,sioutis_kk,31,3
2026-07-04,modern-challenge-32-2026-07-0412846483,challenge-32,Deathmaxx,32,3
2026-07-04,modern-challenge-64-2026-07-0412846481,challenge-64,Flossing,1,18
2026-07-04,modern-challenge-64-2026-07-0412846481,challenge-64,kasiso,2,15
2026-07-04,modern-challenge-64-2026-07-0412846481,challenge-64,Selfeisek,3,18
2026-07-04,modern-challenge-64-2026-07-0412846481,challenge-64,flamyblade,4,15
2026-07-04,modern-challenge-64-2026-07-0412846481,challenge-64,reidq7,5,18
2026-07-04,modern-challenge-64-2026-07-0412846481,challenge-64,HelpfulHobo,6,18
2026-07-04,modern-challenge-64-2026-07-0412846481,challenge-64,bennybo,7,15
2026-07-04,modern-challenge-64-2026-07-0412846481,challenge-64,RandomOctopus,8,15
2026-07-04,modern-challenge-64-2026-07-0412846481,challenge-64,sultai4lyfe,9,15
2026-07-04,modern-challenge-64-2026-07-0412846481,challenge-64,TheMeatMan,10,15
2026-07-04,modern-challenge-64-2026-07-0412846481,challenge-64,toothymtg,11,15
2026-07-04,modern-challenge-64-2026-07-0412846481,challenge-64,tuckedaway,12,15
2026-07-04,modern-challenge-64-2026-07-0412846481,challenge-64,dsnavely13,13,15
2026-07-04,modern-challenge-64-2026-07-0412846481,challenge-64,Dioferreira,14,15
2026-07-04,modern-challenge-64-2026-07-0412846481,challenge-64,ProtoPulse,15,15
2026-07-04,modern-challenge-64-2026-07-0412846481,challenge-64,selesneal,16,12
2026-07-04,modern-challenge-64-2026-07-0412846481,challenge-64,C_S_W____,17,12
2026-07-04,modern-challenge-64-2026-07-0412846481,challenge-64,FranBenitez91,18,12
2026-07-04,modern-challenge-64-2026-07-0412846481,challenge-64,puppymissile,19,12
2026-07-04,modern-challenge-64-2026-07-0412846481,challenge-64,distinctive,20,12
2026-07-04,modern-challenge-64-2026-07-0412846481,challenge-64,choccy_milk,21,12
2026-07-04,modern-challenge-64-2026-07-0412846481,challenge-64,Rapgod,22,12
2026-07-04,modern-challenge-64-2026-07-0412846481,challenge-64,LucasG1ggs,23,12
2026-07-04,modern-challenge-64-2026-07-0412846481,challenge-64,fried-liver-attack,24,12
2026-07-04,modern-challenge-64-2026-07-0412846481,challenge-64,Salochin,25,12
2026-07-04,modern-challenge-64-2026-07-0412846481,challenge-64,Meatballsub,26,12
2026-07-04,modern-challenge-64-2026-07-0412846481,challenge-64,Capitano_CL,27,12
2026-07-04,modern-challenge-64-2026-07-0412846481,challenge-64,eclipse4343,28,12
2026-07-04,modern-challenge-64-2026-07-0412846481,challenge-64,YungDingo,29,12
2026-07-04,modern-challenge-64-2026-07-0412846481,challenge-64,peter780108,30,12
2026-07-04,modern-challenge-64-2026-07-0412846481,challenge-64,xerioc,31,9
2026-07-04,modern-challenge-64-2026-07-0412846481,challenge-64,ob_1,32,9
2026-07-04,modern-challenge-64-2026-07-0412846489,challenge-64,Nuserdog,1,18
2026-07-04,modern-challenge-64-2026-07-0412846489,challenge-64,Slyvester3,2,18
2026-07-04,modern-challenge-64-2026-07-0412846489,challenge-64,Xenowan,3,18
2026-07-04,modern-challenge-64-2026-07-0412846489,challenge-64,tilfordl,4,18
2026-07-04,modern-challenge-64-2026-07-0412846489,challenge-64,HouseOfManaMTG,5,21
2026-07-04,modern-challenge-64-2026-07-0412846489,challenge-64,Elias,6,18
2026-07-04,modern-challenge-64-2026-07-0412846489,challenge-64,frenzyofexultations,7,18
2026-07-04,modern-challenge-64-2026-07-0412846489,challenge-64,DemianDesposito10,8,18
2026-07-04,modern-challenge-64-2026-07-0412846489,challenge-64,Jumba,9,15
2026-07-04,modern-challenge-64-2026-07-0412846489,challenge-64,DogNShoes,10,15
2026-07-04,modern-challenge-64-2026-07-0412846489,challenge-64,YungDingo,11,15
2026-07-04,modern-challenge-64-2026-07-0412846489,challenge-64,Hravv,12,15
2026-07-04,modern-challenge-64-2026-07-0412846489,challenge-64,digitalsloth,13,15
2026-07-04,modern-challenge-64-2026-07-0412846489,challenge-64,TheMeatMan,14,15
2026-07-04,modern-challenge-64-2026-07-0412846489,challenge-64,Heat_Se3king_Mi$sile,15,15
2026-07-04,modern-challenge-64-2026-07-0412846489,challenge-64,Backoff,16,15
2026-07-04,modern-challenge-64-2026-07-0412846489,challenge-64,_must_be_nice,17,15
2026-07-04,modern-challenge-64-2026-07-0412846489,challenge-64,Phryziel,18,15
2026-07-04,modern-challenge-64-2026-07-0412846489,challenge-64,eyalos2806,19,15
2026-07-04,modern-challenge-64-2026-07-0412846489,challenge-64,J4K3ST3R02,20,15
2026-07-04,modern-challenge-64-2026-07-0412846489,challenge-64,Scooby_Snacks,21,15
2026-07-04,modern-challenge-64-2026-07-0412846489,challenge-64,MikeEgan,22,15
2026-07-04,modern-challenge-64-2026-07-0412846489,challenge-64,seitahn,23,15
2026-07-04,modern-challenge-64-2026-07-0412846489,challenge-64,nv_goblin,24,12
2026-07-04,modern-challenge-64-2026-07-0412846489,challenge-64,Prim3Time,25,12
2026-07-04,modern-challenge-64-2026-07-0412846489,challenge-64,bugzbugs,26,12
2026-07-04,modern-challenge-64-2026-07-0412846489,challenge-64,Erik157751,27,12
2026-07-04,modern-challenge-64-2026-07-0412846489,challenge-64,Toscanini,28,12
2026-07-04,modern-challenge-64-2026-07-0412846489,challenge-64,Jokersrwild,29,12
2026-07-04,modern-challenge-64-2026-07-0412846489,challenge-64,jps_17,30,12
2026-07-04,modern-challenge-64-2026-07-0412846489,challenge-64,LBBL,31,12
2026-07-04,modern-challenge-64-2026-07-0412846489,challenge-64,Stealthmagician,32,12
2026-07-04,modern-league-2026-07-0410847,league,Arets77,,
2026-07-04,modern-league-2026-07-0410847,league,Ashbrown,,
2026-07-04,modern-league-2026-07-0410847,league,CesarMerjan,,
2026-07-04,modern-league-2026-07-0410847,league,Costola91,,
2026-07-04,modern-league-2026-07-0410847,league,Darthkid,,
2026-07-04,modern-league-2026-07-0410847,league,Datkros,,
2026-07-04,modern-league-2026-07-0410847,league,DelverOfBolts,,
2026-07-04,modern-league-2026-07-0410847,league,DistinguishedNarwhal,,
2026-07-04,modern-league-2026-07-0410847,league,Durotan97,,
2026-07-04,modern-league-2026-07-0410847,league,Elias,,
2026-07-04,modern-league-2026-07-0410847,league,Evelyn_,,
2026-07-04,modern-league-2026-07-0410847,league,KevinCon,,
2026-07-04,modern-league-2026-07-0410847,league,Kiles85,,
2026-07-04,modern-league-2026-07-0410847,league,KingChainsaw,,
2026-07-04,modern-league-2026-07-0410847,league,LeoLed94,,
2026-07-04,modern-league-2026-07-0410847,league,Lumek,,
2026-07-04,modern-league-2026-07-0410847,league,LuoAnlan,,
2026-07-04,modern-league-2026-07-0410847,league,Makoobi,,
2026-07-04,modern-league-2026-07-0410847,league,Minuet,,
2026-07-04,modern-league-2026-07-0410847,league,Mtyrant,,
2026-07-04,modern-league-2026-07-0410847,league,NicolasGEM,,
2026-07-04,modern-league-2026-07-0410847,league,Oscar_Franco,,
2026-07-04,modern-league-2026-07-0410847,league,PharmD_MTG,,
2026-07-04,modern-league-2026-07-0410847,league,Qua4tre,,
2026-07-04,modern-league-2026-07-0410847,league,Rastafury,,
2026-07-04,modern-league-2026-07-0410847,league,SaltySushi6,,
2026-07-04,modern-league-2026-07-0410847,league,SchwiftySchleeps,,
2026-07-04,modern-league-2026-07-0410847,league,Sebek,,
2026-07-04,modern-league-2026-07-0410847,league,Silveryyy,,
2026-07-04,modern-league-2026-07-0410847,league,Slyvester3,,
2026-07-04,modern-league-2026-07-0410847,league,SnackyTreehorn,,
2026-07-04,modern-league-2026-07-0410847,league,Sockdolager,,
2026-07-04,modern-league-2026-07-0410847,league,SpaceMonster007,,
2026-07-04,modern-league-2026-07-0410847,league,Topdecker8000,,
2026-07-04,modern-league-2026-07-0410847,league,Viruje,,
2026-07-04,modern-league-2026-07-0410847,league,Wappa,,
2026-07-04,modern-league-2026-07-0410847,league,WizardlyAmbitions,,
2026-07-04,modern-league-2026-07-0410847,league,Yanti,,
2026-07-04,modern-league-2026-07-0410847,league,Zanman,,
2026-07-04,modern-league-2026-07-0410847,league,_must_be_nice,,
2026-07-04,modern-league-2026-07-0410847,league,albybale93,,
2026-07-04,modern-league-2026-07-0410847,league,awesomemaxi1,,
2026-07-04,modern-league-2026-07-0410847,league,bresett123,,
2026-07-04,modern-league-2026-07-0410847,league,bugzbugs,,
2026-07-04,modern-league-2026-07-0410847,league,chessfreak,,
2026-07-04,modern-league-2026-07-0410847,league,drklutch,,
2026-07-04,modern-league-2026-07-0410847,league,frenzyofexultations,,
2026-07-04,modern-league-2026-07-0410847,league,ipshow,,
2026-07-04,modern-league-2026-07-0410847,league,jdmoyer17,,
2026-07-04,modern-league-2026-07-0410847,league,kattsu,,
2026-07-04,modern-league-2026-07-0410847,league,kusyusk,,
2026-07-04,modern-league-2026-07-0410847,league,kyporioth,,
2026-07-04,modern-league-2026-07-0410847,league,ls149950,,
2026-07-04,modern-league-2026-07-0410847,league,nandorrele,,
2026-07-04,modern-league-2026-07-0410847,league,nikkuniku,,
2026-07-04,modern-league-2026-07-0410847,league,scalo94,,
2026-07-04,modern-league-2026-07-0410847,league,stefansson30952,,
2026-07-04,modern-league-2026-07-0410847,league,tchuco,,
2026-07-04,modern-league-2026-07-0410847,league,toughluck,,
2026-07-04,modern-league-2026-07-0410847,league,xTaq,,
2026-07-05,modern-challenge-32-2026-07-0512846499,challenge-32,Deathmaxx,1,18
2026-07-05,modern-challenge-32-2026-07-0512846499,challenge-32,PJKP,2,15
2026-07-05,modern-challenge-32-2026-07-0512846499,challenge-32,Omegauo,3,15
2026-07-05,modern-challenge-32-2026-07-0512846499,challenge-32,tamanegi,4,15
2026-07-05,modern-challenge-32-2026-07-0512846499,challenge-32,_Tia93_,5,21
2026-07-05,modern-challenge-32-2026-07-0512846499,challenge-32,swff,6,18
2026-07-05,modern-challenge-32-2026-07-0512846499,challenge-32,iNoXy,7,18
2026-07-05,modern-challenge-32-2026-07-0512846499,challenge-32,AlexanderRosdahl,8,15
2026-07-05,modern-challenge-32-2026-07-0512846499,challenge-32,Rvng,9,15
2026-07-05,modern-challenge-32-2026-07-0512846499,challenge-32,Marmotte_Lambda,10,15
2026-07-05,modern-challenge-32-2026-07-0512846499,challenge-32,liuyuchen,11,15
2026-07-05,modern-challenge-32-2026-07-0512846499,challenge-32,Darko_mtg,12,15
2026-07-05,modern-challenge-32-2026-07-0512846499,challenge-32,Pallocchia314,13,15
2026-07-05,modern-challenge-32-2026-07-0512846499,challenge-32,badgods,14,15
2026-07-05,modern-challenge-32-2026-07-0512846499,challenge-32,MrValakut,15,15
2026-07-05,modern-challenge-32-2026-07-0512846499,challenge-32,KingChainsaw,16,12
2026-07-05,modern-challenge-32-2026-07-0512846499,challenge-32,jps_17,17,12
2026-07-05,modern-challenge-32-2026-07-0512846499,challenge-32,Lollopollo2001,18,12
2026-07-05,modern-challenge-32-2026-07-0512846499,challenge-32,cambrey,19,12
2026-07-05,modern-challenge-32-2026-07-0512846499,challenge-32,CavalloGoloso,20,12
2026-07-05,modern-challenge-32-2026-07-0512846499,challenge-32,Jonii,21,12
2026-07-05,modern-challenge-32-2026-07-0512846499,challenge-32,DelverOfBolts,22,12
2026-07-05,modern-challenge-32-2026-07-0512846499,challenge-32,bearland,23,12
2026-07-05,modern-challenge-32-2026-07-0512846499,challenge-32,jev_,24,12
2026-07-05,modern-challenge-32-2026-07-0512846499,challenge-32,Krausser,25,12
2026-07-05,modern-challenge-32-2026-07-0512846499,challenge-32,wutey,26,12
2026-07-05,modern-challenge-32-2026-07-0512846499,challenge-32,dgreen16,27,12
2026-07-05,modern-challenge-32-2026-07-0512846499,challenge-32,WeareVenom,28,12
2026-07-05,modern-challenge-32-2026-07-0512846499,challenge-32,bomberboss,29,12
2026-07-05,modern-challenge-32-2026-07-0512846499,challenge-32,Leyen_decker,30,12
2026-07-05,modern-challenge-32-2026-07-0512846499,challenge-32,johnsmith3373,31,12
2026-07-05,modern-challenge-32-2026-07-0512846499,challenge-32,unagieel,32,9
2026-07-05,modern-challenge-64-2026-07-0512846495,challenge-64,Cachorrowo,1,18
2026-07-05,modern-challenge-64-2026-07-0512846495,challenge-64,kasiso,2,18
2026-07-05,modern-challenge-64-2026-07-0512846495,challenge-64,ETBJezus,3,18
2026-07-05,modern-challenge-64-2026-07-0512846495,challenge-64,SpikeCHEN,4,18
2026-07-05,modern-challenge-64-2026-07-0512846495,challenge-64,bless_von,5,18
2026-07-05,modern-challenge-64-2026-07-0512846495,challenge-64,renatoaraujo,6,18
2026-07-05,modern-challenge-64-2026-07-0512846495,challenge-64,reidq7,7,18
2026-07-05,modern-challenge-64-2026-07-0512846495,challenge-64,niuwaid001,8,15
2026-07-05,modern-challenge-64-2026-07-0512846495,challenge-64,Sebby8715,9,15
2026-07-05,modern-challenge-64-2026-07-0512846495,challenge-64,Lord_Beerus,10,15
2026-07-05,modern-challenge-64-2026-07-0512846495,challenge-64,Misplacedginger,11,15
2026-07-05,modern-challenge-64-2026-07-0512846495,challenge-64,kattsu,12,15
2026-07-05,modern-challenge-64-2026-07-0512846495,challenge-64,CMack_,13,15
2026-07-05,modern-challenge-64-2026-07-0512846495,challenge-64,MarcoBelacca95,14,15
2026-07-05,modern-challenge-64-2026-07-0512846495,challenge-64,Omegauo,15,15
2026-07-05,modern-challenge-64-2026-07-0512846495,challenge-64,AttillA,16,15
2026-07-05,modern-challenge-64-2026-07-0512846495,challenge-64,RandomOctopus,17,15
2026-07-05,modern-challenge-64-2026-07-0512846495,challenge-64,Selfeisek,18,15
2026-07-05,modern-challenge-64-2026-07-0512846495,challenge-64,littesir095,19,12
2026-07-05,modern-challenge-64-2026-07-0512846495,challenge-64,TheUnseen,20,12
2026-07-05,modern-challenge-64-2026-07-0512846495,challenge-64,UnusualAnt,21,12
2026-07-05,modern-challenge-64-2026-07-0512846495,challenge-64,Tinker_deck,22,12
2026-07-05,modern-challenge-64-2026-07-0512846495,challenge-64,thememans,23,12
2026-07-05,modern-challenge-64-2026-07-0512846495,challenge-64,Zorro7x4,24,12
2026-07-05,modern-challenge-64-2026-07-0512846495,challenge-64,DemianDesposito10,25,12
2026-07-05,modern-challenge-64-2026-07-0512846495,challenge-64,EsperWTB,26,12
2026-07-05,modern-challenge-64-2026-07-0512846495,challenge-64,KevinJWang,27,12
2026-07-05,modern-challenge-64-2026-07-0512846495,challenge-64,Tree42o,28,12
2026-07-05,modern-challenge-64-2026-07-0512846495,challenge-64,B-Carp,29,12
2026-07-05,modern-challenge-64-2026-07-0512846495,challenge-64,azpharot,30,12
2026-07-05,modern-challenge-64-2026-07-0512846495,challenge-64,Fransadness,31,12
2026-07-05,modern-challenge-64-2026-07-0512846495,challenge-64,Rapgod,32,12
2026-07-05,modern-league-2026-07-0510847,league,13uck,,
2026-07-05,modern-league-2026-07-0510847,league,99manaproblems,,
2026-07-05,modern-league-2026-07-0510847,league,ATXroy,,
2026-07-05,modern-league-2026-07-0510847,league,BaDzIo,,
2026-07-05,modern-league-2026-07-0510847,league,Bachipandi21,,
2026-07-05,modern-league-2026-07-0510847,league,Bachipandi21,,
2026-07-05,modern-league-2026-07-0510847,league,CasualSpelunker,,
2026-07-05,modern-league-2026-07-0510847,league,CrisMTG77,,
2026-07-05,modern-league-2026-07-0510847,league,DineofDoom,,
2026-07-05,modern-league-2026-07-0510847,league,Dinijo,,
2026-07-05,modern-league-2026-07-0510847,league,DromarX,,
2026-07-05,modern-league-2026-07-0510847,league,FEIO-RIO,,
2026-07-05,modern-league-2026-07-0510847,league,Giumpivaldo,,
2026-07-05,modern-league-2026-07-0510847,league,Higusol,,
2026-07-05,modern-league-2026-07-0510847,league,ILUSMKYKSG,,
2026-07-05,modern-league-2026-07-0510847,league,Irgaron,,
2026-07-05,modern-league-2026-07-0510847,league,Keggers,,
2026-07-05,modern-league-2026-07-0510847,league,KevinCon,,
2026-07-05,modern-league-2026-07-0510847,league,KingChainsaw,,
2026-07-05,modern-league-2026-07-0510847,league,KingChainsaw,,
2026-07-05,modern-league-2026-07-0510847,league,Klokken,,
2026-07-05,modern-league-2026-07-0510847,league,Kzrds,,
2026-07-05,modern-league-2026-07-0510847,league,Lau7y,,
2026-07-05,modern-league-2026-07-0510847,league,Leohard,,
2026-07-05,modern-league-2026-07-0510847,league,Loga_rithm,,
2026-07-05,modern-league-2026-07-0510847,league,MHayashi,,
2026-07-05,modern-league-2026-07-0510847,league,Maccaciock,,
2026-07-05,modern-league-2026-07-0510847,league,Marcalzer,,
2026-07-05,modern-league-2026-07-0510847,league,MaxMedeiros,,
2026-07-05,modern-league-2026-07-0510847,league,MeleeQC,,
2026-07-05,modern-league-2026-07-0510847,league,Minuet,,
2026-07-05,modern-league-2026-07-0510847,league,Nuserdog,,
2026-07-05,modern-league-2026-07-0510847,league,SPyromancer,,
2026-07-05,modern-league-2026-07-0510847,league,SanPop,,
2026-07-05,modern-league-2026-07-0510847,league,SilentWolfxMTM,,
2026-07-05,modern-league-2026-07-0510847,league,Slyker,,
2026-07-05,modern-league-2026-07-0510847,league,Univerce,,
2026-07-05,modern-league-2026-07-0510847,league,Villhelm97,,
2026-07-05,modern-league-2026-07-0510847,league,Xanzure,,
2026-07-05,modern-league-2026-07-0510847,league,XmugenX,,
2026-07-05,modern-league-2026-07-0510847,league,_kayu_,,
2026-07-05,modern-league-2026-07-0510847,league,_pba_,,
2026-07-05,modern-league-2026-07-0510847,league,_theMoonSage_,,
2026-07-05,modern-league-2026-07-0510847,league,albybale93,,
2026-07-05,modern-league-2026-07-0510847,league,alessandro81,,
2026-07-05,modern-league-2026-07-0510847,league,bloscott220,,
2026-07-05,modern-league-2026-07-0510847,league,claw8789,,
2026-07-05,modern-league-2026-07-0510847,league,distinctive,,
2026-07-05,modern-league-2026-07-0510847,league,elvin7,,
2026-07-05,modern-league-2026-07-0510847,league,elvin7,,
2026-07-05,modern-league-2026-07-0510847,league,eneges,,
2026-07-05,modern-league-2026-07-0510847,league,forbiddenteletubby,,
2026-07-05,modern-league-2026-07-0510847,league,ganache1127,,
2026-07-05,modern-league-2026-07-0510847,league,ice_mtg,,
2026-07-05,modern-league-2026-07-0510847,league,incognito_mode,,
2026-07-05,modern-league-2026-07-0510847,league,ipshow,,
2026-07-05,modern-league-2026-07-0510847,league,jeclark2317,,
2026-07-05,modern-league-2026-07-0510847,league,jontih,,
2026-07-05,modern-league-2026-07-0510847,league,kytk321,,
2026-07-05,modern-league-2026-07-0510847,league,micklethepickle,,
2026-07-05,modern-league-2026-07-0510847,league,oskiyaa,,
2026-07-05,modern-league-2026-07-0510847,league,porterops,,
2026-07-05,modern-league-2026-07-0510847,league,redryansox,,
2026-07-05,modern-league-2026-07-0510847,league,rk1ll3d,,
2026-07-05,modern-league-2026-07-0510847,league,shadow_PT,,
2026-07-05,modern-league-2026-07-0510847,league,taiyooooooooooo,,
2026-07-05,modern-league-2026-07-0510847,league,unlikelyseal,,
2026-07-05,modern-league-2026-07-0510847,league,viritoPP,,
2026-07-05,modern-league-2026-07-0510847,league,wutang08,,
2026-07-06,modern-challenge-64-2026-07-0612846509,challenge-64,YungDingo,1,18
2026-07-06,modern-challenge-64-2026-07-0612846509,challenge-64,Jumba,2,21
2026-07-06,modern-challenge-64-2026-07-0612846509,challenge-64,HouseOfManaMTG,3,18
2026-07-06,modern-challenge-64-2026-07-0612846509,challenge-64,_Bound_,4,15
2026-07-06,modern-challenge-64-2026-07-0612846509,challenge-64,AChord4Five,5,18
2026-07-06,modern-challenge-64-2026-07-0612846509,challenge-64,Tinker_deck,6,18
2026-07-06,modern-challenge-64-2026-07-0612846509,challenge-64,UnusualAnt,7,15
2026-07-06,modern-challenge-64-2026-07-0612846509,challenge-64,ShadowTitan1,8,15
2026-07-06,modern-challenge-64-2026-07-0612846509,challenge-64,PMMori,9,15
2026-07-06,modern-challenge-64-2026-07-0612846509,challenge-64,pedronavaja,10,15
2026-07-06,modern-challenge-64-2026-07-0612846509,challenge-64,Chadderk,11,15
2026-07-06,modern-challenge-64-2026-07-0612846509,challenge-64,littesir095,12,15
2026-07-06,modern-challenge-64-2026-07-0612846509,challenge-64,Abbygale,13,15
2026-07-06,modern-challenge-64-2026-07-0612846509,challenge-64,duanceyao,14,15
2026-07-06,modern-challenge-64-2026-07-0612846509,challenge-64,kcomedina,15,15
2026-07-06,modern-challenge-64-2026-07-0612846509,challenge-64,MarcoBelacca95,16,15
2026-07-06,modern-challenge-64-2026-07-0612846509,challenge-64,tilfordl,17,12
2026-07-06,modern-challenge-64-2026-07-0612846509,challenge-64,MixolydianMagus,18,12
2026-07-06,modern-challenge-64-2026-07-0612846509,challenge-64,eclipse4343,19,12
2026-07-06,modern-challenge-64-2026-07-0612846509,challenge-64,Scorpion100,20,12
2026-07-06,modern-challenge-64-2026-07-0612846509,challenge-64,DemianDesposito10,21,12
2026-07-06,modern-challenge-64-2026-07-0612846509,challenge-64,BLJ,22,12
2026-07-06,modern-challenge-64-2026-07-0612846509,challenge-64,reidq7,23,12
2026-07-06,modern-challenge-64-2026-07-0612846509,challenge-64,Junebugg,24,12
2026-07-06,modern-challenge-64-2026-07-0612846509,challenge-64,JohnTag667,25,12
2026-07-06,modern-challenge-64-2026-07-0612846509,challenge-64,Danmax97,26,12
2026-07-06,modern-challenge-64-2026-07-0612846509,challenge-64,LegacyGrinder,27,12
2026-07-06,modern-challenge-64-2026-07-0612846509,challenge-64,Gavin5499,28,12
2026-07-06,modern-challenge-64-2026-07-0612846509,challenge-64,ChewDawg,29,12
2026-07-06,modern-challenge-64-2026-07-0612846509,challenge-64,sicsmoo,30,12
2026-07-06,modern-challenge-64-2026-07-0612846509,challenge-64,Comrade1312,31,12
2026-07-06,modern-challenge-64-2026-07-0612846509,challenge-64,chase00111,32,12
2026-07-06,modern-challenge-96-2026-07-0612846513,challenge-96,littlebinboy,1,18
2026-07-06,modern-challenge-96-2026-07-0612846513,challenge-96,GWT,2,18
2026-07-06,modern-challenge-96-2026-07-0612846513,challenge-96,McWinSauce,3,18
2026-07-06,modern-challenge-96-2026-07-0612846513,challenge-96,GuildMasterboros7,4,18
2026-07-06,modern-challenge-96-2026-07-0612846513,challenge-96,Thunus,5,21
2026-07-06,modern-challenge-96-2026-07-0612846513,challenge-96,Pleyboy,6,18
2026-07-06,modern-challenge-96-2026-07-0612846513,challenge-96,Terracotta99,7,18
2026-07-06,modern-challenge-96-2026-07-0612846513,challenge-96,kaikas,8,18
2026-07-06,modern-challenge-96-2026-07-0612846513,challenge-96,KelMasterP,9,15
2026-07-06,modern-challenge-96-2026-07-0612846513,challenge-96,Omegauo,10,15
2026-07-06,modern-challenge-96-2026-07-0612846513,challenge-96,Porks,11,15
2026-07-06,modern-challenge-96-2026-07-0612846513,challenge-96,Jumba,12,15
2026-07-06,modern-challenge-96-2026-07-0612846513,challenge-96,liuyuchen,13,15
2026-07-06,modern-challenge-96-2026-07-0612846513,challenge-96,Ale_Mtg,14,15
2026-07-06,modern-challenge-96-2026-07-0612846513,challenge-96,Takayama,15,15
2026-07-06,modern-challenge-96-2026-07-0612846513,challenge-96,eclipse4343,16,15
2026-07-06,modern-challenge-96-2026-07-0612846513,challenge-96,pwqz,17,15
2026-07-06,modern-challenge-96-2026-07-0612846513,challenge-96,Bobovic,18,15
2026-07-06,modern-challenge-96-2026-07-0612846513,challenge-96,ResponsiblyStupid,19,15
2026-07-06,modern-challenge-96-2026-07-0612846513,challenge-96,Alakai,20,15
2026-07-06,modern-challenge-96-2026-07-0612846513,challenge-96,LegendaryHuman,21,15
2026-07-06,modern-challenge-96-2026-07-0612846513,challenge-96,CrazyMorango,22,15
2026-07-06,modern-challenge-96-2026-07-0612846513,challenge-96,JuanmaAT,23,15
2026-07-06,modern-challenge-96-2026-07-0612846513,challenge-96,Backoff,24,15
2026-07-06,modern-challenge-96-2026-07-0612846513,challenge-96,SlankyPotato,25,12
2026-07-06,modern-challenge-96-2026-07-0612846513,challenge-96,badgods,26,12
2026-07-06,modern-challenge-96-2026-07-0612846513,challenge-96,Georf_Costanza,27,12
2026-07-06,modern-challenge-96-2026-07-0612846513,challenge-96,Bawer,28,12
2026-07-06,modern-challenge-96-2026-07-0612846513,challenge-96,DavidDaBridges,29,12
2026-07-06,modern-challenge-96-2026-07-0612846513,challenge-96,DietMountainDew,30,12
2026-07-06,modern-challenge-96-2026-07-0612846513,challenge-96,hugofreitas1,31,12
2026-07-06,modern-challenge-96-2026-07-0612846513,challenge-96,MeninooNey,32,12
2026-07-06,modern-league-2026-07-0610847,league,AGrackle,,
2026-07-06,modern-league-2026-07-0610847,league,ATXroy,,
2026-07-06,modern-league-2026-07-0610847,league,BEEZY66,,
2026-07-06,modern-league-2026-07-0610847,league,CORESET_OMEGALUL,,
2026-07-06,modern-league-2026-07-0610847,league,D-Ruck,,
2026-07-06,modern-league-2026-07-0610847,league,Damogoyf,,
2026-07-06,modern-league-2026-07-0610847,league,DrCrust,,
2026-07-06,modern-league-2026-07-0610847,league,Freeky_16,,
2026-07-06,modern-league-2026-07-0610847,league,GLince,,
2026-07-06,modern-league-2026-07-0610847,league,Giacomellus7,,
2026-07-06,modern-league-2026-07-0610847,league,Hyper,,
2026-07-06,modern-league-2026-07-0610847,league,Jakesbaked,,
2026-07-06,modern-league-2026-07-0610847,league,JeromeAlce,,
2026-07-06,modern-league-2026-07-0610847,league,KapoUzumaki11,,
2026-07-06,modern-league-2026-07-0610847,league,Kerrick_,,
2026-07-06,modern-league-2026-07-0610847,league,KingChainsaw,,
2026-07-06,modern-league-2026-07-0610847,league,Kvoth3MTG,,
2026-07-06,modern-league-2026-07-0610847,league,Lau7y,,
2026-07-06,modern-league-2026-07-0610847,league,MHayashi,,
2026-07-06,modern-league-2026-07-0610847,league,Morcof210,,
2026-07-06,modern-league-2026-07-0610847,league,Nagato_Boran,,
2026-07-06,modern-league-2026-07-0610847,league,Negasaur,,
2026-07-06,modern-league-2026-07-0610847,league,Nuserdog,,
2026-07-06,modern-league-2026-07-0610847,league,Phil_emc2,,
2026-07-06,modern-league-2026-07-0610847,league,Rack,,
2026-07-06,modern-league-2026-07-0610847,league,RandomGameActions,,
2026-07-06,modern-league-2026-07-0610847,league,Rvng,,
2026-07-06,modern-league-2026-07-0610847,league,SaltyCardboard,,
2026-07-06,modern-league-2026-07-0610847,league,Samcaster-Mage,,
2026-07-06,modern-league-2026-07-0610847,league,ScullerMTG,,
2026-07-06,modern-league-2026-07-0610847,league,TreebornFrog,,
2026-07-06,modern-league-2026-07-0610847,league,TscheggschDePoegg,,
2026-07-06,modern-league-2026-07-0610847,league,Valident,,
2026-07-06,modern-league-2026-07-0610847,league,Voldraek,,
2026-07-06,modern-league-2026-07-0610847,league,Zippolin,,
2026-07-06,modern-league-2026-07-0610847,league,_Atogatog_,,
2026-07-06,modern-league-2026-07-0610847,league,_goblinlackey,,
2026-07-06,modern-league-2026-07-0610847,league,_goblinlackey,,
2026-07-06,modern-league-2026-07-0610847,league,akroma-2525,,
2026-07-06,modern-league-2026-07-0610847,league,bcs8995,,
2026-07-06,modern-league-2026-07-0610847,league,cg240,,
2026-07-06,modern-league-2026-07-0610847,league,cojase,,
2026-07-06,modern-league-2026-07-0610847,league,dm95,,
2026-07-06,modern-league-2026-07-0610847,league,doom580,,
2026-07-06,modern-league-2026-07-0610847,league,ichi-roku,,
2026-07-06,modern-league-2026-07-0610847,league,kyuby899,,
2026-07-06,modern-league-2026-07-0610847,league,littesir095,,
2026-07-06,modern-league-2026-07-0610847,league,mikeleee,,
2026-07-06,modern-league-2026-07-0610847,league,nabenabetk,,
2026-07-06,modern-league-2026-07-0610847,league,nanab30,,
2026-07-06,modern-league-2026-07-0610847,league,psych4tog,,
2026-07-06,modern-league-2026-07-0610847,league,richua,,
2026-07-06,modern-league-2026-07-0610847,league,romstek,,
2026-07-06,modern-league-2026-07-0610847,league,sakatter,,
2026-07-06,modern-league-2026-07-0610847,league,terlollo04,,
2026-07-06,modern-league-2026-07-0610847,league,tvincent,,
2026-07-06,modern-league-2026-07-0610847,league,vegasonee,,
2026-07-06,modern-league-2026-07-0610847,league,wolf2222,,
2026-07-07,modern-challenge-64-2026-07-0712846528,challenge-64,Rvng,1,18
2026-07-07,modern-challenge-64-2026-07-0712846528,challenge-64,McWinSauce,2,15
2026-07-07,modern-challenge-64-2026-07-0712846528,challenge-64,R3tr0sp3ct,3,15
2026-07-07,modern-challenge-64-2026-07-0712846528,challenge-64,VizosMTG,4,15
2026-07-07,modern-challenge-64-2026-07-0712846528,challenge-64,Epreez,5,21
2026-07-07,modern-challenge-64-2026-07-0712846528,challenge-64,MeninooNey,6,18
2026-07-07,modern-challenge-64-2026-07-0712846528,challenge-64,Kollslaw,7,18
2026-07-07,modern-challenge-64-2026-07-0712846528,challenge-64,selesneal,8,18
2026-07-07,modern-challenge-64-2026-07-0712846528,challenge-64,MystikHawk,9,15
2026-07-07,modern-challenge-64-2026-07-0712846528,challenge-64,ResponsiblyStupid,10,15
2026-07-07,modern-challenge-64-2026-07-0712846528,challenge-64,Samcaster-Mage,11,15
2026-07-07,modern-challenge-64-2026-07-0712846528,challenge-64,JustAnotherGuy83,12,15
2026-07-07,modern-challenge-64-2026-07-0712846528,challenge-64,Willthepill,13,15
2026-07-07,modern-challenge-64-2026-07-0712846528,challenge-64,ParinorMTG,14,15
2026-07-07,modern-challenge-64-2026-07-0712846528,challenge-64,xfile,15,15
2026-07-07,modern-challenge-64-2026-07-0712846528,challenge-64,nahuel10,16,15
2026-07-07,modern-challenge-64-2026-07-0712846528,challenge-64,Marxelo,17,15
2026-07-07,modern-challenge-64-2026-07-0712846528,challenge-64,HouseOfManaMTG,18,15
2026-07-07,modern-challenge-64-2026-07-0712846528,challenge-64,LucasG1ggs,19,15
2026-07-07,modern-challenge-64-2026-07-0712846528,challenge-64,MacIsaac,20,12
2026-07-07,modern-challenge-64-2026-07-0712846528,challenge-64,GinkoHS,21,12
2026-07-07,modern-challenge-64-2026-07-0712846528,challenge-64,leandru,22,12
2026-07-07,modern-challenge-64-2026-07-0712846528,challenge-64,sicsmoo,23,12
2026-07-07,modern-challenge-64-2026-07-0712846528,challenge-64,YungDingo,24,12
2026-07-07,modern-challenge-64-2026-07-0712846528,challenge-64,Capitano_CL,25,12
2026-07-07,modern-challenge-64-2026-07-0712846528,challenge-64,ScreenwriterNY,26,12
2026-07-07,modern-challenge-64-2026-07-0712846528,challenge-64,Pafru,27,12
2026-07-07,modern-challenge-64-2026-07-0712846528,challenge-64,JohnTag667,28,12
2026-07-07,modern-challenge-64-2026-07-0712846528,challenge-64,L1X0,29,12
2026-07-07,modern-challenge-64-2026-07-0712846528,challenge-64,ipadkid,30,12
2026-07-07,modern-challenge-64-2026-07-0712846528,challenge-64,CaptainPooki,31,12
2026-07-07,modern-challenge-64-2026-07-0712846528,challenge-64,Odin2015,32,12
2026-07-07,modern-league-2026-07-0710847,league,AlpInco,,
2026-07-07,modern-league-2026-07-0710847,league,Ambivalentcy,,
2026-07-07,modern-league-2026-07-0710847,league,Ashbrown,,
2026-07-07,modern-league-2026-07-0710847,league,Blahh8000,,
2026-07-07,modern-league-2026-07-0710847,league,Ciraris,,
2026-07-07,modern-league-2026-07-0710847,league,CobraDeDios,,
2026-07-07,modern-league-2026-07-0710847,league,CobraDeDios,,
2026-07-07,modern-league-2026-07-0710847,league,CptNixon,,
2026-07-07,modern-league-2026-07-0710847,league,DB_MyHandsAreBlank,,
2026-07-07,modern-league-2026-07-0710847,league,DB_Stanley2099,,
2026-07-07,modern-league-2026-07-0710847,league,DB_Stanley2099,,
2026-07-07,modern-league-2026-07-0710847,league,DEPIXELEDJ2000,,
2026-07-07,modern-league-2026-07-0710847,league,DJM4,,
2026-07-07,modern-league-2026-07-0710847,league,Danmax97,,
2026-07-07,modern-league-2026-07-0710847,league,DejoyOfGaming,,
2026-07-07,modern-league-2026-07-0710847,league,Delta_Sanku,,
2026-07-07,modern-league-2026-07-0710847,league,Deriu,,
2026-07-07,modern-league-2026-07-0710847,league,DrCrust,,
2026-07-07,modern-league-2026-07-0710847,league,DrTerrier,,
2026-07-07,modern-league-2026-07-0710847,league,EmhyrV,,
2026-07-07,modern-league-2026-07-0710847,league,HDG_BorisE,,
2026-07-07,modern-league-2026-07-0710847,league,Hypsh,,
2026-07-07,modern-league-2026-07-0710847,league,IntrepidZero,,
2026-07-07,modern-league-2026-07-0710847,league,KarnaTTN,,
2026-07-07,modern-league-2026-07-0710847,league,Kollslaw,,
2026-07-07,modern-league-2026-07-0710847,league,LalauWBA,,
2026-07-07,modern-league-2026-07-0710847,league,Leeeroy,,
2026-07-07,modern-league-2026-07-0710847,league,Mr_Fringe,,
2026-07-07,modern-league-2026-07-0710847,league,NerdDadChad,,
2026-07-07,modern-league-2026-07-0710847,league,Poily,,
2026-07-07,modern-league-2026-07-0710847,league,Rudokant,,
2026-07-07,modern-league-2026-07-0710847,league,ShikiXYZ,,
2026-07-07,modern-league-2026-07-0710847,league,ShzockChan,,
2026-07-07,modern-league-2026-07-0710847,league,Simaomero,,
2026-07-07,modern-league-2026-07-0710847,league,SkyllaMTG,,
2026-07-07,modern-league-2026-07-0710847,league,SlankyPotato,,
2026-07-07,modern-league-2026-07-0710847,league,Spicychicken420,,
2026-07-07,modern-league-2026-07-0710847,league,SpikeCHEN,,
2026-07-07,modern-league-2026-07-0710847,league,Suechtler,,
2026-07-07,modern-league-2026-07-0710847,league,Tasigurr,,
2026-07-07,modern-league-2026-07-0710847,league,Terminus0,,
2026-07-07,modern-league-2026-07-0710847,league,WaffleWiz,,
2026-07-07,modern-league-2026-07-0710847,league,XinRong,,
2026-07-07,modern-league-2026-07-0710847,league,XinRong,,
2026-07-07,modern-league-2026-07-0710847,league,_Tia93_,,
2026-07-07,modern-league-2026-07-0710847,league,azax,,
2026-07-07,modern-league-2026-07-0710847,league,comicbookday,,
2026-07-07,modern-league-2026-07-0710847,league,daddematte,,
2026-07-07,modern-league-2026-07-0710847,league,daibloXSC,,
2026-07-07,modern-league-2026-07-0710847,league,darikun,,
2026-07-07,modern-league-2026-07-0710847,league,dramaticRoyalty,,
2026-07-07,modern-league-2026-07-0710847,league,frenzyofexultations,,
2026-07-07,modern-league-2026-07-0710847,league,iNoXy,,
2026-07-07,modern-league-2026-07-0710847,league,ichi-roku,,
2026-07-07,modern-league-2026-07-0710847,league,jbspec3,,
2026-07-07,modern-league-2026-07-0710847,league,jeffbaisch,,
2026-07-07,modern-league-2026-07-0710847,league,jontih,,
2026-07-07,modern-league-2026-07-0710847,league,kspgigabyte,,
2026-07-07,modern-league-2026-07-0710847,league,mitarashi,,
2026-07-07,modern-league-2026-07-0710847,league,nahuel10,,
2026-07-07,modern-league-2026-07-0710847,league,sisterlover,,
2026-07-07,modern-league-2026-07-0710847,league,soggymeatball,,
2026-07-07,modern-league-2026-07-0710847,league,sovieto,,
2026-07-07,modern-league-2026-07-0710847,league,tchuco,,
2026-07-07,modern-league-2026-07-0710847,league,xXEvers,,
2026-07-07,modern-league-2026-07-0710847,league,yunk3r,,
2026-07-07,modern-league-2026-07-0710847,league,zturchan,,
2026-07-08,modern-challenge-32-2026-07-0812846530,challenge-32,CliffBoyardee,1,18
2026-07-08,modern-challenge-32-2026-07-0812846530,challenge-32,Sparky165,2,21
2026-07-08,modern-challenge-32-2026-07-0812846530,challenge-32,NJ5030,3,18
2026-07-08,modern-challenge-32-2026-07-0812846530,challenge-32,Searzist,4,18
2026-07-08,modern-challenge-32-2026-07-0812846530,challenge-32,UnusualAnt,5,15
2026-07-08,modern-challenge-32-2026-07-0812846530,challenge-32,jessy_samek,6,15
2026-07-08,modern-challenge-32-2026-07-0812846530,challenge-32,lethargicarcher,7,15
2026-07-08,modern-challenge-32-2026-07-0812846530,challenge-32,Konohakitsune,8,15
2026-07-08,modern-challenge-32-2026-07-0812846530,challenge-32,hugofreitas1,9,15
2026-07-08,modern-challenge-32-2026-07-0812846530,challenge-32,frekinsmart,10,15
2026-07-08,modern-challenge-32-2026-07-0812846530,challenge-32,HoldTheElle,11,15
2026-07-08,modern-challenge-32-2026-07-0812846530,challenge-32,Americanmisfit5,12,15
2026-07-08,modern-challenge-32-2026-07-0812846530,challenge-32,bless_von,13,15
2026-07-08,modern-challenge-32-2026-07-0812846530,challenge-32,MyrRetriever,14,12
2026-07-08,modern-challenge-32-2026-07-0812846530,challenge-32,debatebro,15,12
2026-07-08,modern-challenge-32-2026-07-0812846530,challenge-32,MisterTwin,16,12
2026-07-08,modern-challenge-32-2026-07-0812846530,challenge-32,ipbanned,17,12
2026-07-08,modern-challenge-32-2026-07-0812846530,challenge-32,minimiz,18,12
2026-07-08,modern-challenge-32-2026-07-0812846530,challenge-32,Kummins11,19,12
2026-07-08,modern-challenge-32-2026-07-0812846530,challenge-32,MuNCHy556,20,12
2026-07-08,modern-challenge-32-2026-07-0812846530,challenge-32,Arcbound_Papi,21,12
2026-07-08,modern-challenge-32-2026-07-0812846530,challenge-32,zturchan,22,12
2026-07-08,modern-challenge-32-2026-07-0812846530,challenge-32,gamertoad,23,12
2026-07-08,modern-challenge-32-2026-07-0812846530,challenge-32,MaxMedeiros,24,12
2026-07-08,modern-challenge-32-2026-07-0812846530,challenge-32,lpltraytonenjoyer,25,12
2026-07-08,modern-challenge-32-2026-07-0812846530,challenge-32,LarryFields1990,26,9
2026-07-08,modern-challenge-32-2026-07-0812846530,challenge-32,Tamarindo,27,9
2026-07-08,modern-challenge-32-2026-07-0812846530,challenge-32,Lightspirit,28,9
2026-07-08,modern-challenge-32-2026-07-0812846530,challenge-32,HybridSalaya,29,9
2026-07-08,modern-challenge-32-2026-07-0812846530,challenge-32,Capitano_CL,30,9
2026-07-08,modern-challenge-32-2026-07-0812846530,challenge-32,ejk,31,9
2026-07-08,modern-challenge-32-2026-07-0812846530,challenge-32,Tinker_deck,32,9
2026-07-08,modern-challenge-96-2026-07-0812846538,challenge-96,kcomedina,1,18
2026-07-08,modern-challenge-96-2026-07-0812846538,challenge-96,ipadkid,2,18
2026-07-08,modern-challenge-96-2026-07-0812846538,challenge-96,Rvng,3,21
2026-07-08,modern-challenge-96-2026-07-0812846538,challenge-96,quark888,4,18
2026-07-08,modern-challenge-96-2026-07-0812846538,challenge-96,Free2,5,18
2026-07-08,modern-challenge-96-2026-07-0812846538,challenge-96,MC_amp2267,6,18
2026-07-08,modern-challenge-96-2026-07-0812846538,challenge-96,harlouuk,7,15
2026-07-08,modern-challenge-96-2026-07-0812846538,challenge-96,Odin2015,8,15
2026-07-08,modern-challenge-96-2026-07-0812846538,challenge-96,makaaaa,9,15
2026-07-08,modern-challenge-96-2026-07-0812846538,challenge-96,klien7,10,15
2026-07-08,modern-challenge-96-2026-07-0812846538,challenge-96,Chichichi,11,15
2026-07-08,modern-challenge-96-2026-07-0812846538,challenge-96,sapro31,12,15
2026-07-08,modern-challenge-96-2026-07-0812846538,challenge-96,KelMasterP,13,15
2026-07-08,modern-challenge-96-2026-07-0812846538,challenge-96,McWinSauce,14,15
2026-07-08,modern-challenge-96-2026-07-0812846538,challenge-96,leandru,15,15
2026-07-08,modern-challenge-96-2026-07-0812846538,challenge-96,Lord__p,16,15
2026-07-08,modern-challenge-96-2026-07-0812846538,challenge-96,Comrade1312,17,15
2026-07-08,modern-challenge-96-2026-07-0812846538,challenge-96,kspgigabyte,18,15
2026-07-08,modern-challenge-96-2026-07-0812846538,challenge-96,Xerk,19,15
2026-07-08,modern-challenge-96-2026-07-0812846538,challenge-96,azax,20,15
2026-07-08,modern-challenge-96-2026-07-0812846538,challenge-96,SanPop,21,15
2026-07-08,modern-challenge-96-2026-07-0812846538,challenge-96,Kev_1414,22,15
2026-07-08,modern-challenge-96-2026-07-0812846538,challenge-96,Spicychicken420,23,15
2026-07-08,modern-challenge-96-2026-07-0812846538,challenge-96,Sarlanga,24,15
2026-07-08,modern-challenge-96-2026-07-0812846538,challenge-96,Adrikmtg,25,12
2026-07-08,modern-challenge-96-2026-07-0812846538,challenge-96,L1X0,26,12
2026-07-08,modern-challenge-96-2026-07-0812846538,challenge-96,Samcaster-Mage,27,12
2026-07-08,modern-challenge-96-2026-07-0812846538,challenge-96,levunga21,28,12
2026-07-08,modern-challenge-96-2026-07-0812846538,challenge-96,MeninooNey,29,12
2026-07-08,modern-challenge-96-2026-07-0812846538,challenge-96,littlebinboy,30,12
2026-07-08,modern-challenge-96-2026-07-0812846538,challenge-96,peter780108,31,12
2026-07-08,modern-challenge-96-2026-07-0812846538,challenge-96,hugofreitas1,32,12
2026-07-08,modern-league-2026-07-0810847,league,66yui,,
2026-07-08,modern-league-2026-07-0810847,league,Andrea_Paglialunga,,
2026-07-08,modern-league-2026-07-0810847,league,Baldwyn999,,
2026-07-08,modern-league-2026-07-0810847,league,BuelowKarl,,
2026-07-08,modern-league-2026-07-0810847,league,Craig_Long123,,
2026-07-08,modern-league-2026-07-0810847,league,Craig_Long123,,
2026-07-08,modern-league-2026-07-0810847,league,CursedOcean,,
2026-07-08,modern-league-2026-07-0810847,league,Demolicious,,
2026-07-08,modern-league-2026-07-0810847,league,Durotan97,,
2026-07-08,modern-league-2026-07-0810847,league,ElPace,,
2026-07-08,modern-league-2026-07-0810847,league,Elitism,,
2026-07-08,modern-league-2026-07-0810847,league,Free2,,
2026-07-08,modern-league-2026-07-0810847,league,GingerGuy83,,
2026-07-08,modern-league-2026-07-0810847,league,Heavenscythe,,
2026-07-08,modern-league-2026-07-0810847,league,Impetuous,,
2026-07-08,modern-league-2026-07-0810847,league,Jezerezeh,,
2026-07-08,modern-league-2026-07-0810847,league,Jokersrwild,,
2026-07-08,modern-league-2026-07-0810847,league,KellyDoos,,
2026-07-08,modern-league-2026-07-0810847,league,KevinCon,,
2026-07-08,modern-league-2026-07-0810847,league,KingChainsaw,,
2026-07-08,modern-league-2026-07-0810847,league,MCScards,,
2026-07-08,modern-league-2026-07-0810847,league,Madiba,,
2026-07-08,modern-league-2026-07-0810847,league,Mattorenticopedro1,,
2026-07-08,modern-league-2026-07-0810847,league,MaxMedeiros,,
2026-07-08,modern-league-2026-07-0810847,league,Nuserdog,,
2026-07-08,modern-league-2026-07-0810847,league,OafMcNamara,,
2026-07-08,modern-league-2026-07-0810847,league,Outsid3r,,
2026-07-08,modern-league-2026-07-0810847,league,Phil_emc2,,
2026-07-08,modern-league-2026-07-0810847,league,Pleyboy,,
2026-07-08,modern-league-2026-07-0810847,league,ProwessEnjoyer,,
2026-07-08,modern-league-2026-07-0810847,league,Redhii,,
2026-07-08,modern-league-2026-07-0810847,league,ScullerMTG,,
2026-07-08,modern-league-2026-07-0810847,league,Tikiman89,,
2026-07-08,modern-league-2026-07-0810847,league,TrapYeti,,
2026-07-08,modern-league-2026-07-0810847,league,Wi1h31mJac06s0n,,
2026-07-08,modern-league-2026-07-0810847,league,azax,,
2026-07-08,modern-league-2026-07-0810847,league,bayjen_,,
2026-07-08,modern-league-2026-07-0810847,league,cadaverousbloomer,,
2026-07-08,modern-league-2026-07-0810847,league,carrikong,,
2026-07-08,modern-league-2026-07-0810847,league,cart02,,
2026-07-08,modern-league-2026-07-0810847,league,catatonicwalrus,,
2026-07-08,modern-league-2026-07-0810847,league,daxerz,,
2026-07-08,modern-league-2026-07-0810847,league,dr_feelgood,,
2026-07-08,modern-league-2026-07-0810847,league,eclipse4343,,
2026-07-08,modern-league-2026-07-0810847,league,fullerluke30,,
2026-07-08,modern-league-2026-07-0810847,league,greekjoegurt,,
2026-07-08,modern-league-2026-07-0810847,league,iLikeDragonzz,,
2026-07-08,modern-league-2026-07-0810847,league,jamojisan,,
2026-07-08,modern-league-2026-07-0810847,league,jctorresp,,
2026-07-08,modern-league-2026-07-0810847,league,jodgeman,,
2026-07-08,modern-league-2026-07-0810847,league,mechint,,
2026-07-08,modern-league-2026-07-0810847,league,nbdf,,
2026-07-08,modern-league-2026-07-0810847,league,nikkuniku,,
2026-07-08,modern-league-2026-07-0810847,league,papaulamog,,
2026-07-08,modern-league-2026-07-0810847,league,phillydrew215,,
2026-07-08,modern-league-2026-07-0810847,league,sapro31,,
2026-07-08,modern-league-2026-07-0810847,league,seitahn,,
2026-07-08,modern-league-2026-07-0810847,league,sgcyrus,,
2026-07-08,modern-league-2026-07-0810847,league,shinubi,,
2026-07-08,modern-league-2026-07-0810847,league,starfall,,
2026-07-08,modern-league-2026-07-0810847,league,stefansson30952,,
2026-07-08,modern-league-2026-07-0810847,league,tbw1057,,
2026-07-08,modern-league-2026-07-0810847,league,toondoslav,,
2026-07-08,modern-league-2026-07-0810847,league,toothymtg,,
2026-07-08,modern-league-2026-07-0810847,league,yriel,,
2026-07-09,modern-challenge-64-2026-07-0912847098,challenge-64,JPA93,1,18
2026-07-09,modern-challenge-64-2026-07-0912847098,challenge-64,Capitano_CL,2,18
2026-07-09,modern-challenge-64-2026-07-0912847098,challenge-64,fireflymylove,3,18
2026-07-09,modern-challenge-64-2026-07-0912847098,challenge-64,koira_simo,4,15
2026-07-09,modern-challenge-64-2026-07-0912847098,challenge-64,levunga21,5,21
2026-07-09,modern-challenge-64-2026-07-0912847098,challenge-64,ejk,6,18
2026-07-09,modern-challenge-64-2026-07-0912847098,challenge-64,Edel,7,18
2026-07-09,modern-challenge-64-2026-07-0912847098,challenge-64,BERNASTORRES,8,15
2026-07-09,modern-challenge-64-2026-07-0912847098,challenge-64,Mldyss,9,15
2026-07-09,modern-challenge-64-2026-07-0912847098,challenge-64,duke12,10,15
2026-07-09,modern-challenge-64-2026-07-0912847098,challenge-64,sebastianpozzo,11,15
2026-07-09,modern-challenge-64-2026-07-0912847098,challenge-64,MatheusPonciano,12,15
2026-07-09,modern-challenge-64-2026-07-0912847098,challenge-64,SorryImSoTilted,13,15
2026-07-09,modern-challenge-64-2026-07-0912847098,challenge-64,DJK3V1N,14,15
2026-07-09,modern-challenge-64-2026-07-0912847098,challenge-64,Galashev29,15,15
2026-07-09,modern-challenge-64-2026-07-0912847098,challenge-64,DemianDesposito10,16,15
2026-07-09,modern-challenge-64-2026-07-0912847098,challenge-64,nahuel10,17,15
2026-07-09,modern-challenge-64-2026-07-0912847098,challenge-64,MarcoBelacca95,18,15
2026-07-09,modern-challenge-64-2026-07-0912847098,challenge-64,SanPop,19,15
2026-07-09,modern-challenge-64-2026-07-0912847098,challenge-64,i_b_TRUE,20,12
2026-07-09,modern-challenge-64-2026-07-0912847098,challenge-64,bruno_bto,21,12
2026-07-09,modern-challenge-64-2026-07-0912847098,challenge-64,badgods,22,12
2026-07-09,modern-challenge-64-2026-07-0912847098,challenge-64,haoqinglangou,23,12
2026-07-09,modern-challenge-64-2026-07-0912847098,challenge-64,ShikiXYZ,24,12
2026-07-09,modern-challenge-64-2026-07-0912847098,challenge-64,kanister,25,12
2026-07-09,modern-challenge-64-2026-07-0912847098,challenge-64,therock988,26,12
2026-07-09,modern-challenge-64-2026-07-0912847098,challenge-64,RandomOctopus,27,12
2026-07-09,modern-challenge-64-2026-07-0912847098,challenge-64,Sujiro_Kimimame,28,12
2026-07-09,modern-challenge-64-2026-07-0912847098,challenge-64,PTarts2win,29,12
2026-07-09,modern-challenge-64-2026-07-0912847098,challenge-64,Alakai,30,12
2026-07-09,modern-challenge-64-2026-07-0912847098,challenge-64,NerdDadChad,31,12
2026-07-09,modern-challenge-64-2026-07-0912847098,challenge-64,cftsoc3,32,12
2026-07-09,modern-league-2026-07-0910847,league,4c_PolG,,
2026-07-09,modern-league-2026-07-0910847,league,Ambulance,,
2026-07-09,modern-league-2026-07-0910847,league,Andrea_Paglialunga,,
2026-07-09,modern-league-2026-07-0910847,league,Awalps,,
2026-07-09,modern-league-2026-07-0910847,league,Ch3nnn,,
2026-07-09,modern-league-2026-07-0910847,league,ChuChuMTFKR,,
2026-07-09,modern-league-2026-07-0910847,league,Cqt,,
2026-07-09,modern-league-2026-07-0910847,league,DobleP,,
2026-07-09,modern-league-2026-07-0910847,league,DrTerrier,,
2026-07-09,modern-league-2026-07-0910847,league,EL_Zanetti,,
2026-07-09,modern-league-2026-07-0910847,league,Erik157751,,
2026-07-09,modern-league-2026-07-0910847,league,Gheroz,,
2026-07-09,modern-league-2026-07-0910847,league,GinkoHS,,
2026-07-09,modern-league-2026-07-0910847,league,Heavenscythe,,
2026-07-09,modern-league-2026-07-0910847,league,Jaykobee,,
2026-07-09,modern-league-2026-07-0910847,league,Joao_Andrade,,
2026-07-09,modern-league-2026-07-0910847,league,Joey_Wheeler,,
2026-07-09,modern-league-2026-07-0910847,league,Kiwi_95,,
2026-07-09,modern-league-2026-07-0910847,league,Kyusei,,
2026-07-09,modern-league-2026-07-0910847,league,MicAncona,,
2026-07-09,modern-league-2026-07-0910847,league,Morenothings,,
2026-07-09,modern-league-2026-07-0910847,league,NJGB1,,
2026-07-09,modern-league-2026-07-0910847,league,Nagato_Boran,,
2026-07-09,modern-league-2026-07-0910847,league,Odin2015,,
2026-07-09,modern-league-2026-07-0910847,league,Odin2015,,
2026-07-09,modern-league-2026-07-0910847,league,Persius,,
2026-07-09,modern-league-2026-07-0910847,league,Pleyboy,,
2026-07-09,modern-league-2026-07-0910847,league,Quinaroon,,
2026-07-09,modern-league-2026-07-0910847,league,Rangelon,,
2026-07-09,modern-league-2026-07-0910847,league,RespectTheDog,,
2026-07-09,modern-league-2026-07-0910847,league,Spezzagatti23,,
2026-07-09,modern-league-2026-07-0910847,league,TOP_AI,,
2026-07-09,modern-league-2026-07-0910847,league,Tarmofaeries,,
2026-07-09,modern-league-2026-07-0910847,league,TheUnseen,,
2026-07-09,modern-league-2026-07-0910847,league,TooPoorToPlay,,
2026-07-09,modern-league-2026-07-0910847,league,albert62,,
2026-07-09,modern-league-2026-07-0910847,league,apriolo1,,
2026-07-09,modern-league-2026-07-0910847,league,bennybo,,
2026-07-09,modern-league-2026-07-0910847,league,cgouldner,,
2026-07-09,modern-league-2026-07-0910847,league,daibloXSC,,
2026-07-09,modern-league-2026-07-0910847,league,dingzhen,,
2026-07-09,modern-league-2026-07-0910847,league,fab47,,
2026-07-09,modern-league-2026-07-0910847,league,gyyby297,,
2026-07-09,modern-league-2026-07-0910847,league,hellisreal,,
2026-07-09,modern-league-2026-07-0910847,league,ichi-roku,,
2026-07-09,modern-league-2026-07-0910847,league,kaizhang,,
2026-07-09,modern-league-2026-07-0910847,league,krixtijan,,
2026-07-09,modern-league-2026-07-0910847,league,mattybakes,,
2026-07-09,modern-league-2026-07-0910847,league,mechint,,
2026-07-09,modern-league-2026-07-0910847,league,romstek,,
2026-07-09,modern-league-2026-07-0910847,league,sgcyrus,,
2026-07-09,modern-league-2026-07-0910847,league,sultai4lyfe,,
2026-07-09,modern-league-2026-07-0910847,league,toondoslav,,
2026-07-09,modern-league-2026-07-0910847,league,vegasonee,,
2026-07-09,modern-league-2026-07-0910847,league,yulinl,,
2026-07-10,modern-challenge-64-2026-07-1012847115,challenge-64,Golgarburr,1,18
2026-07-10,modern-challenge-64-2026-07-1012847115,challenge-64,kennydarko,2,18
2026-07-10,modern-challenge-64-2026-07-1012847115,challenge-64,Aldreen,3,21
2026-07-10,modern-challenge-64-2026-07-1012847115,challenge-64,Marxelo,4,18
2026-07-10,modern-challenge-64-2026-07-1012847115,challenge-64,Sifui,5,18
2026-07-10,modern-challenge-64-2026-07-1012847115,challenge-64,UnusualAnt,6,18
2026-07-10,modern-challenge-64-2026-07-1012847115,challenge-64,JohnTag667,7,18
2026-07-10,modern-challenge-64-2026-07-1012847115,challenge-64,JAJC,8,15
2026-07-10,modern-challenge-64-2026-07-1012847115,challenge-64,leandru,9,15
2026-07-10,modern-challenge-64-2026-07-1012847115,challenge-64,ipadkid,10,15
2026-07-10,modern-challenge-64-2026-07-1012847115,challenge-64,tuckedaway,11,15
2026-07-10,modern-challenge-64-2026-07-1012847115,challenge-64,Imaeda,12,15
2026-07-10,modern-challenge-64-2026-07-1012847115,challenge-64,badgods,13,15
2026-07-10,modern-challenge-64-2026-07-1012847115,challenge-64,Pleyboy,14,15
2026-07-10,modern-challenge-64-2026-07-1012847115,challenge-64,Epreez,15,15
2026-07-10,modern-challenge-64-2026-07-1012847115,challenge-64,FaceDeckWins,16,15
2026-07-10,modern-challenge-64-2026-07-1012847115,challenge-64,Urthstrype,17,15
2026-07-10,modern-challenge-64-2026-07-1012847115,challenge-64,Capitano_CL,18,15
2026-07-10,modern-challenge-64-2026-07-1012847115,challenge-64,ssnelson,19,15
2026-07-10,modern-challenge-64-2026-07-1012847115,challenge-64,Porks,20,15
2026-07-10,modern-challenge-64-2026-07-1012847115,challenge-64,ipbanned,21,15
2026-07-10,modern-challenge-64-2026-07-1012847115,challenge-64,cftsoc3,22,15
2026-07-10,modern-challenge-64-2026-07-1012847115,challenge-64,Slyvester3,23,12
2026-07-10,modern-challenge-64-2026-07-1012847115,challenge-64,sapro31,24,12
2026-07-10,modern-challenge-64-2026-07-1012847115,challenge-64,Free2,25,12
2026-07-10,modern-challenge-64-2026-07-1012847115,challenge-64,LysergiK002,26,12
2026-07-10,modern-challenge-64-2026-07-1012847115,challenge-64,Starsailor,27,12
2026-07-10,modern-challenge-64-2026-07-1012847115,challenge-64,rn17,28,12
2026-07-10,modern-challenge-64-2026-07-1012847115,challenge-64,kasiso,29,12
2026-07-10,modern-challenge-64-2026-07-1012847115,challenge-64,Comrade1312,30,12
2026-07-10,modern-challenge-64-2026-07-1012847115,challenge-64,L1X0,31,12
2026-07-10,modern-challenge-64-2026-07-1012847115,challenge-64,el-pollo-lolo,32,12
2026-07-10,modern-league-2026-07-1010847,league,Alozzk,,
2026-07-10,modern-league-2026-07-1010847,league,Ardonas,,
2026-07-10,modern-league-2026-07-1010847,league,BeardyHD,,
2026-07-10,modern-league-2026-07-1010847,league,Bigatti,,
2026-07-10,modern-league-2026-07-1010847,league,Charlice,,
2026-07-10,modern-league-2026-07-1010847,league,CobraDeDios,,
2026-07-10,modern-league-2026-07-1010847,league,Curryvore,,
2026-07-10,modern-league-2026-07-1010847,league,Datkros,,
2026-07-10,modern-league-2026-07-1010847,league,Dinijo,,
2026-07-10,modern-league-2026-07-1010847,league,ElGuri,,
2026-07-10,modern-league-2026-07-1010847,league,Ghost11157,,
2026-07-10,modern-league-2026-07-1010847,league,GuildMasterboros7,,
2026-07-10,modern-league-2026-07-1010847,league,IceburgFun,,
2026-07-10,modern-league-2026-07-1010847,league,Imaeda,,
2026-07-10,modern-league-2026-07-1010847,league,JBudde,,
2026-07-10,modern-league-2026-07-1010847,league,Junkmener,,
2026-07-10,modern-league-2026-07-1010847,league,Kvoth3MTG,,
2026-07-10,modern-league-2026-07-1010847,league,Leakyirl,,
2026-07-10,modern-league-2026-07-1010847,league,Loga_rithm,,
2026-07-10,modern-league-2026-07-1010847,league,Lufia,,
2026-07-10,modern-league-2026-07-1010847,league,MagicDevil666,,
2026-07-10,modern-league-2026-07-1010847,league,Mtty,,
2026-07-10,modern-league-2026-07-1010847,league,Nematic,,
2026-07-10,modern-league-2026-07-1010847,league,Nuserdog,,
2026-07-10,modern-league-2026-07-1010847,league,PharmD_MTG,,
2026-07-10,modern-league-2026-07-1010847,league,Pieson,,
2026-07-10,modern-league-2026-07-1010847,league,ProtoPulse,,
2026-07-10,modern-league-2026-07-1010847,league,Rexplosion,,
2026-07-10,modern-league-2026-07-1010847,league,Rudokant,,
2026-07-10,modern-league-2026-07-1010847,league,Sciacallo_Rosso,,
2026-07-10,modern-league-2026-07-1010847,league,ShadowTheFax,,
2026-07-10,modern-league-2026-07-1010847,league,SlashMash,,
2026-07-10,modern-league-2026-07-1010847,league,SteBena,,
2026-07-10,modern-league-2026-07-1010847,league,Tarmofaeries,,
2026-07-10,modern-league-2026-07-1010847,league,TheMeatMan,,
2026-07-10,modern-league-2026-07-1010847,league,Xalvar_GER,,
2026-07-10,modern-league-2026-07-1010847,league,anttoms21,,
2026-07-10,modern-league-2026-07-1010847,league,bozo2112,,
2026-07-10,modern-league-2026-07-1010847,league,bugzbugs,,
2026-07-10,modern-league-2026-07-1010847,league,cgouldner,,
2026-07-10,modern-league-2026-07-1010847,league,daibloXSC,,
2026-07-10,modern-league-2026-07-1010847,league,deftjad,,
2026-07-10,modern-league-2026-07-1010847,league,dingzhen,,
2026-07-10,modern-league-2026-07-1010847,league,ironbasilisk,,
2026-07-10,modern-league-2026-07-1010847,league,kmnski7,,
2026-07-10,modern-league-2026-07-1010847,league,mechint,,
2026-07-10,modern-league-2026-07-1010847,league,percussion_mike,,
2026-07-10,modern-league-2026-07-1010847,league,predje,,
2026-07-10,modern-league-2026-07-1010847,league,preve94,,
2026-07-10,modern-league-2026-07-1010847,league,rossjsg,,
2026-07-10,modern-league-2026-07-1010847,league,skitter_of_lizards,,
2026-07-10,modern-league-2026-07-1010847,league,stormcoming,,
2026-07-10,modern-league-2026-07-1010847,league,truestory,,
2026-07-10,modern-league-2026-07-1010847,league,wzanotti,,
2026-07-10,modern-league-2026-07-1010847,league,yulinl,,
2026-07-11,modern-challenge-32-2026-07-1112847126,challenge-32,yolad,1,15
2026-07-11,modern-challenge-32-2026-07-1112847126,challenge-32,MissTrigger,2,18
2026-07-11,modern-challenge-32-2026-07-1112847126,challenge-32,yriel,3,15
2026-07-11,modern-challenge-32-2026-07-1112847126,challenge-32,JPA93,4,15
2026-07-11,modern-challenge-32-2026-07-1112847126,challenge-32,bomberboss,5,15
2026-07-11,modern-challenge-32-2026-07-1112847126,challenge-32,Suechtler,6,15
2026-07-11,modern-challenge-32-2026-07-1112847126,challenge-32,lilianna1989,7,15
2026-07-11,modern-challenge-32-2026-07-1112847126,challenge-32,Bigatti,8,12
2026-07-11,modern-challenge-32-2026-07-1112847126,challenge-32,hugeowl,9,12
2026-07-11,modern-challenge-32-2026-07-1112847126,challenge-32,GWT,10,12
2026-07-11,modern-challenge-32-2026-07-1112847126,challenge-32,SaN3,11,12
2026-07-11,modern-challenge-32-2026-07-1112847126,challenge-32,SanPop,12,12
2026-07-11,modern-challenge-32-2026-07-1112847126,challenge-32,ejk,13,12
2026-07-11,modern-challenge-32-2026-07-1112847126,challenge-32,Dreddybajs,14,12
2026-07-11,modern-challenge-32-2026-07-1112847126,challenge-32,RiceTackler,15,12
2026-07-11,modern-challenge-32-2026-07-1112847126,challenge-32,JAJC,16,12
2026-07-11,modern-challenge-32-2026-07-1112847126,challenge-32,sumdeus112,17,12
2026-07-11,modern-challenge-32-2026-07-1112847126,challenge-32,Scooby_Snacks,18,9
2026-07-11,modern-challenge-32-2026-07-1112847126,challenge-32,ganache1127,19,9
2026-07-11,modern-challenge-32-2026-07-1112847126,challenge-32,touto_Isle,20,9
2026-07-11,modern-challenge-32-2026-07-1112847126,challenge-32,toondoslav,21,9
2026-07-11,modern-challenge-32-2026-07-1112847126,challenge-32,Selfeisek,22,9
2026-07-11,modern-challenge-32-2026-07-1112847126,challenge-32,praiseseigerhino,23,9
2026-07-11,modern-challenge-32-2026-07-1112847126,challenge-32,ipadkid,24,9
2026-07-11,modern-challenge-32-2026-07-1112847126,challenge-32,painhuman,25,9
2026-07-11,modern-challenge-32-2026-07-1112847126,challenge-32,AlpInco,26,9
2026-07-11,modern-challenge-32-2026-07-1112847126,challenge-32,Beenew,27,9
2026-07-11,modern-challenge-32-2026-07-1112847126,challenge-32,duke12,28,9
2026-07-11,modern-challenge-32-2026-07-1112847126,challenge-32,Clamavus,29,9
2026-07-11,modern-challenge-32-2026-07-1112847126,challenge-32,albert62,30,9
2026-07-11,modern-challenge-32-2026-07-1112847126,challenge-32,JulianJohn,31,6
2026-07-11,modern-challenge-32-2026-07-1112847126,challenge-32,hunnhu,32,6
2026-07-11,modern-challenge-64-2026-07-1112847124,challenge-64,Mikebrav,1,15
2026-07-11,modern-challenge-64-2026-07-1112847124,challenge-64,jussupinator,2,15
2026-07-11,modern-challenge-64-2026-07-1112847124,challenge-64,Manny-,3,18
2026-07-11,modern-challenge-64-2026-07-1112847124,challenge-64,YungDingo,4,18
2026-07-11,modern-challenge-64-2026-07-1112847124,challenge-64,Arcbound_Papi,5,21
2026-07-11,modern-challenge-64-2026-07-1112847124,challenge-64,kaikas,6,18
2026-07-11,modern-challenge-64-2026-07-1112847124,challenge-64,Scorpion100,7,15
2026-07-11,modern-challenge-64-2026-07-1112847124,challenge-64,dingzhen,8,15
2026-07-11,modern-challenge-64-2026-07-1112847124,challenge-64,oinkmage22,9,15
2026-07-11,modern-challenge-64-2026-07-1112847124,challenge-64,RandomOctopus,10,15
2026-07-11,modern-challenge-64-2026-07-1112847124,challenge-64,AttillA,11,15
2026-07-11,modern-challenge-64-2026-07-1112847124,challenge-64,eclipse4343,12,15
2026-07-11,modern-challenge-64-2026-07-1112847124,challenge-64,gyyby297,13,15
2026-07-11,modern-challenge-64-2026-07-1112847124,challenge-64,SuperCow12653,14,15
2026-07-11,modern-challenge-64-2026-07-1112847124,challenge-64,LuRu,15,15
2026-07-11,modern-challenge-64-2026-07-1112847124,challenge-64,leandru,16,12
2026-07-11,modern-challenge-64-2026-07-1112847124,challenge-64,kcomedina,17,12
2026-07-11,modern-challenge-64-2026-07-1112847124,challenge-64,selesneal,18,12
2026-07-11,modern-challenge-64-2026-07-1112847124,challenge-64,kattsu,19,12
2026-07-11,modern-challenge-64-2026-07-1112847124,challenge-64,DragonFodder,20,12
2026-07-11,modern-challenge-64-2026-07-1112847124,challenge-64,kasiso,21,12
2026-07-11,modern-challenge-64-2026-07-1112847124,challenge-64,xfile,22,12
2026-07-11,modern-challenge-64-2026-07-1112847124,challenge-64,Tree42o,23,12
2026-07-11,modern-challenge-64-2026-07-1112847124,challenge-64,TingInTheRice,24,12
2026-07-11,modern-challenge-64-2026-07-1112847124,challenge-64,PDeS,25,12
2026-07-11,modern-challenge-64-2026-07-1112847124,challenge-64,joelstephens94,26,12
2026-07-11,modern-challenge-64-2026-07-1112847124,challenge-64,Tinker_deck,27,12
2026-07-11,modern-challenge-64-2026-07-1112847124,challenge-64,tchuco,28,12
2026-07-11,modern-challenge-64-2026-07-1112847124,challenge-64,Stealthmagician,29,12
2026-07-11,modern-challenge-64-2026-07-1112847124,challenge-64,Lord_Beerus,30,9
2026-07-11,modern-challenge-64-2026-07-1112847124,challenge-64,AChord4Five,31,9
2026-07-11,modern-challenge-64-2026-07-1112847124,challenge-64,hauterho,32,9
2026-07-11,modern-challenge-64-2026-07-1112847130,challenge-64,JAJC,1,18
2026-07-11,modern-challenge-64-2026-07-1112847130,challenge-64,toondoslav,2,15
2026-07-11,modern-challenge-64-2026-07-1112847130,challenge-64,drklutch,3,18
2026-07-11,modern-challenge-64-2026-07-1112847130,challenge-64,Jokersrwild,4,15
2026-07-11,modern-challenge-64-2026-07-1112847130,challenge-64,kaikas,5,18
2026-07-11,modern-challenge-64-2026-07-1112847130,challenge-64,yunyu1234,6,18
2026-07-11,modern-challenge-64-2026-07-1112847130,challenge-64,Starsailor,7,18
2026-07-11,modern-challenge-64-2026-07-1112847130,challenge-64,kasiso,8,18
2026-07-11,modern-challenge-64-2026-07-1112847130,challenge-64,kanister,9,15
2026-07-11,modern-challenge-64-2026-07-1112847130,challenge-64,Theflotist,10,15
2026-07-11,modern-challenge-64-2026-07-1112847130,challenge-64,ipadkid,11,15
2026-07-11,modern-challenge-64-2026-07-1112847130,challenge-64,JustAnotherGuy83,12,15
2026-07-11,modern-challenge-64-2026-07-1112847130,challenge-64,Ze_Manel,13,15
2026-07-11,modern-challenge-64-2026-07-1112847130,challenge-64,duba,14,15
2026-07-11,modern-challenge-64-2026-07-1112847130,challenge-64,ipbanned,15,15
2026-07-11,modern-challenge-64-2026-07-1112847130,challenge-64,Czechito,16,15
2026-07-11,modern-challenge-64-2026-07-1112847130,challenge-64,2legit2quit,17,12
2026-07-11,modern-challenge-64-2026-07-1112847130,challenge-64,Urthstrype,18,12
2026-07-11,modern-challenge-64-2026-07-1112847130,challenge-64,Jositoshekel,19,12
2026-07-11,modern-challenge-64-2026-07-1112847130,challenge-64,L1X0,20,12
2026-07-11,modern-challenge-64-2026-07-1112847130,challenge-64,Tinker_deck,21,12
2026-07-11,modern-challenge-64-2026-07-1112847130,challenge-64,ichi-roku,22,12
2026-07-11,modern-challenge-64-2026-07-1112847130,challenge-64,FutureExPro,23,12
2026-07-11,modern-challenge-64-2026-07-1112847130,challenge-64,Atagomax,24,12
2026-07-11,modern-challenge-64-2026-07-1112847130,challenge-64,nahuel10,25,12
2026-07-11,modern-challenge-64-2026-07-1112847130,challenge-64,Alico,26,12
2026-07-11,modern-challenge-64-2026-07-1112847130,challenge-64,GMFischer,27,12
2026-07-11,modern-challenge-64-2026-07-1112847130,challenge-64,Backoff,28,12
2026-07-11,modern-challenge-64-2026-07-1112847130,challenge-64,floatius,29,12
2026-07-11,modern-challenge-64-2026-07-1112847130,challenge-64,therock988,30,12
2026-07-11,modern-challenge-64-2026-07-1112847130,challenge-64,Moe12,31,12
2026-07-11,modern-challenge-64-2026-07-1112847130,challenge-64,DemianDesposito10,32,12
2026-07-11,modern-league-2026-07-1110847,league,1ride,,
2026-07-11,modern-league-2026-07-1110847,league,Andrea_Paglialunga,,
2026-07-11,modern-league-2026-07-1110847,league,Aschop,,
2026-07-11,modern-league-2026-07-1110847,league,Astrid_star,,
2026-07-11,modern-league-2026-07-1110847,league,CanadianNinja,,
2026-07-11,modern-league-2026-07-1110847,league,CrusherBotBG,,
2026-07-11,modern-league-2026-07-1110847,league,DejoyOfGaming,,
2026-07-11,modern-league-2026-07-1110847,league,Dingo34,,
2026-07-11,modern-league-2026-07-1110847,league,FarFromMythic,,
2026-07-11,modern-league-2026-07-1110847,league,FreeBobby315,,
2026-07-11,modern-league-2026-07-1110847,league,Freohr,,
2026-07-11,modern-league-2026-07-1110847,league,Ganz87,,
2026-07-11,modern-league-2026-07-1110847,league,Gianlu90,,
2026-07-11,modern-league-2026-07-1110847,league,Hongfu_Eureka,,
2026-07-11,modern-league-2026-07-1110847,league,ItsPaydayYo,,
2026-07-11,modern-league-2026-07-1110847,league,Jokersrwild,,
2026-07-11,modern-league-2026-07-1110847,league,KevinCon,,
2026-07-11,modern-league-2026-07-1110847,league,Krasisaverted,,
2026-07-11,modern-league-2026-07-1110847,league,Leyen_decker,,
2026-07-11,modern-league-2026-07-1110847,league,LilPup,,
2026-07-11,modern-league-2026-07-1110847,league,MNeon,,
2026-07-11,modern-league-2026-07-1110847,league,MTerryG,,
2026-07-11,modern-league-2026-07-1110847,league,Mapletreefrog,,
2026-07-11,modern-league-2026-07-1110847,league,Mapletreefrog,,
2026-07-11,modern-league-2026-07-1110847,league,Misplacedginger,,
2026-07-11,modern-league-2026-07-1110847,league,Miss_nothing,,
2026-07-11,modern-league-2026-07-1110847,league,N1klas,,
2026-07-11,modern-league-2026-07-1110847,league,OafMcNamara,,
2026-07-11,modern-league-2026-07-1110847,league,Orphis,,
2026-07-11,modern-league-2026-07-1110847,league,PDeS,,
2026-07-11,modern-league-2026-07-1110847,league,Paranzio2104,,
2026-07-11,modern-league-2026-07-1110847,league,PtyLtd,,
2026-07-11,modern-league-2026-07-1110847,league,Reaperss,,
2026-07-11,modern-league-2026-07-1110847,league,SamProduct,,
2026-07-11,modern-league-2026-07-1110847,league,SecretPeter53,,
2026-07-11,modern-league-2026-07-1110847,league,SlashMash,,
2026-07-11,modern-league-2026-07-1110847,league,Spezzagatti23,,
2026-07-11,modern-league-2026-07-1110847,league,Spirit_,,
2026-07-11,modern-league-2026-07-1110847,league,TheTunnelingCat,,
2026-07-11,modern-league-2026-07-1110847,league,The_Catfin,,
2026-07-11,modern-league-2026-07-1110847,league,Thraggrotusk,,
2026-07-11,modern-league-2026-07-1110847,league,_theMoonSage_,,
2026-07-11,modern-league-2026-07-1110847,league,auzzie51,,
2026-07-11,modern-league-2026-07-1110847,league,avishai-elma,,
2026-07-11,modern-league-2026-07-1110847,league,chiyou,,
2026-07-11,modern-league-2026-07-1110847,league,daddematte,,
2026-07-11,modern-league-2026-07-1110847,league,darikun,,
2026-07-11,modern-league-2026-07-1110847,league,edu_lopes1,,
2026-07-11,modern-league-2026-07-1110847,league,gamertoad,,
2026-07-11,modern-league-2026-07-1110847,league,iAndrew,,
2026-07-11,modern-league-2026-07-1110847,league,nevythesnail,,
2026-07-11,modern-league-2026-07-1110847,league,nikkuniku,,
2026-07-11,modern-league-2026-07-1110847,league,qbturtle15,,
2026-07-11,modern-league-2026-07-1110847,league,samwise88,,
2026-07-11,modern-league-2026-07-1110847,league,sekizou,,
2026-07-11,modern-league-2026-07-1110847,league,shooken,,
2026-07-11,modern-league-2026-07-1110847,league,tchuco,,
2026-07-11,modern-league-2026-07-1110847,league,teichou_aisu,,
2026-07-11,modern-league-2026-07-1110847,league,teichou_aisu,,
2026-07-11,modern-league-2026-07-1110847,league,vegasonee,,
2026-07-11,modern-league-2026-07-1110847,league,waffelsking,,
2026-07-12,modern-challenge-32-2026-07-1212847141,challenge-32,lilianna1989,1,12
2026-07-12,modern-challenge-32-2026-07-1212847141,challenge-32,TheProfessionalGoose,2,18
2026-07-12,modern-challenge-32-2026-07-1212847141,challenge-32,unagieel,3,15
2026-07-12,modern-challenge-32-2026-07-1212847141,challenge-32,Xerk,4,15
2026-07-12,modern-challenge-32-2026-07-1212847141,challenge-32,GWT,5,15
2026-07-12,modern-challenge-32-2026-07-1212847141,challenge-32,mRichi,6,15
2026-07-12,modern-challenge-32-2026-07-1212847141,challenge-32,niuwaid001,7,12
2026-07-12,modern-challenge-32-2026-07-1212847141,challenge-32,selesneal,8,12
2026-07-12,modern-challenge-32-2026-07-1212847141,challenge-32,matiaskm,9,12
2026-07-12,modern-challenge-32-2026-07-1212847141,challenge-32,_Tia93_,10,12
2026-07-12,modern-challenge-32-2026-07-1212847141,challenge-32,HealthyEgo,11,12
2026-07-12,modern-challenge-32-2026-07-1212847141,challenge-32,klien7,12,12
2026-07-12,modern-challenge-32-2026-07-1212847141,challenge-32,PDeS,13,12
2026-07-12,modern-challenge-32-2026-07-1212847141,challenge-32,Sven745,14,12
2026-07-12,modern-challenge-32-2026-07-1212847141,challenge-32,Pallocchia314,15,12
2026-07-12,modern-challenge-32-2026-07-1212847141,challenge-32,Pafru,16,12
2026-07-12,modern-challenge-32-2026-07-1212847141,challenge-32,VampireDiaries,17,9
2026-07-12,modern-challenge-32-2026-07-1212847141,challenge-32,bananadisaster,18,9
2026-07-12,modern-challenge-32-2026-07-1212847141,challenge-32,Yanatoy,19,9
2026-07-12,modern-challenge-32-2026-07-1212847141,challenge-32,CavalloGoloso,20,9
2026-07-12,modern-challenge-32-2026-07-1212847141,challenge-32,ThePromisedEnd93,21,9
2026-07-12,modern-challenge-32-2026-07-1212847141,challenge-32,Hongfu_Eureka,22,9
2026-07-12,modern-challenge-32-2026-07-1212847141,challenge-32,AlexanderRosdahl,23,9
2026-07-12,modern-challenge-32-2026-07-1212847141,challenge-32,Terminus0,24,9
2026-07-12,modern-challenge-32-2026-07-1212847141,challenge-32,_Batutinha_,25,9
2026-07-12,modern-challenge-32-2026-07-1212847141,challenge-32,whiterenren,26,9
2026-07-12,modern-challenge-32-2026-07-1212847141,challenge-32,Ant_Are_MTG,27,6
2026-07-12,modern-challenge-32-2026-07-1212847141,challenge-32,oolong-chan,28,6
2026-07-12,modern-challenge-32-2026-07-1212847141,challenge-32,Moe12,29,6
2026-07-12,modern-challenge-32-2026-07-1212847141,challenge-32,wallofspikes,30,6
2026-07-12,modern-challenge-32-2026-07-1212847141,challenge-32,medvedev,31,6
2026-07-12,modern-challenge-32-2026-07-1212847141,challenge-32,Irgaron,32,6
2026-07-12,modern-challenge-64-2026-07-1212847137,challenge-64,YungDingo,1,18
2026-07-12,modern-challenge-64-2026-07-1212847137,challenge-64,kattsu,2,18
2026-07-12,modern-challenge-64-2026-07-1212847137,challenge-64,Arcbound_Papi,3,18
2026-07-12,modern-challenge-64-2026-07-1212847137,challenge-64,Kollslaw,4,15
2026-07-12,modern-challenge-64-2026-07-1212847137,challenge-64,RandomOctopus,5,18
2026-07-12,modern-challenge-64-2026-07-1212847137,challenge-64,bugzbugs,6,18
2026-07-12,modern-challenge-64-2026-07-1212847137,challenge-64,phillydrew215,7,15
2026-07-12,modern-challenge-64-2026-07-1212847137,challenge-64,angelsjeffrey,8,15
2026-07-12,modern-challenge-64-2026-07-1212847137,challenge-64,SpikeCHEN,9,15
2026-07-12,modern-challenge-64-2026-07-1212847137,challenge-64,7steamvents,10,15
2026-07-12,modern-challenge-64-2026-07-1212847137,challenge-64,J_tekt,11,15
2026-07-12,modern-challenge-64-2026-07-1212847137,challenge-64,ETBJezus,12,15
2026-07-12,modern-challenge-64-2026-07-1212847137,challenge-64,SaltySushi6,13,15
2026-07-12,modern-challenge-64-2026-07-1212847137,challenge-64,kcomedina,14,15
2026-07-12,modern-challenge-64-2026-07-1212847137,challenge-64,Bruskk,15,15
2026-07-12,modern-challenge-64-2026-07-1212847137,challenge-64,Archer365,16,12
2026-07-12,modern-challenge-64-2026-07-1212847137,challenge-64,sioutis_kk,17,12
2026-07-12,modern-challenge-64-2026-07-1212847137,challenge-64,aljce,18,12
2026-07-12,modern-challenge-64-2026-07-1212847137,challenge-64,Lightspirit,19,12
2026-07-12,modern-challenge-64-2026-07-1212847137,challenge-64,woopdeloop,20,12
2026-07-12,modern-challenge-64-2026-07-1212847137,challenge-64,kasa,21,12
2026-07-12,modern-challenge-64-2026-07-1212847137,challenge-64,Slyvester3,22,12
2026-07-12,modern-challenge-64-2026-07-1212847137,challenge-64,MC_amp2267,23,12
2026-07-12,modern-challenge-64-2026-07-1212847137,challenge-64,Micro,24,12
2026-07-12,modern-challenge-64-2026-07-1212847137,challenge-64,Astrid_star,25,12
2026-07-12,modern-challenge-64-2026-07-1212847137,challenge-64,Mythar,26,12
2026-07-12,modern-challenge-64-2026-07-1212847137,challenge-64,sultai4lyfe,27,12
2026-07-12,modern-challenge-64-2026-07-1212847137,challenge-64,acelerado440,28,12
2026-07-12,modern-challenge-64-2026-07-1212847137,challenge-64,kasiso,29,12
2026-07-12,modern-challenge-64-2026-07-1212847137,challenge-64,emairi,30,12
2026-07-12,modern-challenge-64-2026-07-1212847137,challenge-64,NotJim,31,9
2026-07-12,modern-challenge-64-2026-07-1212847137,challenge-64,skitter_of_lizards,32,9
2026-07-12,modern-league-2026-07-1210847,league,C_S_W____,,
2026-07-12,modern-league-2026-07-1210847,league,Control_is_kinda_bad,,
2026-07-12,modern-league-2026-07-1210847,league,Counter_Magic,,
2026-07-12,modern-league-2026-07-1210847,league,Crovax90,,
2026-07-12,modern-league-2026-07-1210847,league,Cyncopath,,
2026-07-12,modern-league-2026-07-1210847,league,DB_LilPunk,,
2026-07-12,modern-league-2026-07-1210847,league,DMLK,,
2026-07-12,modern-league-2026-07-1210847,league,Disgruntled_Elk,,
2026-07-12,modern-league-2026-07-1210847,league,Flowrian,,
2026-07-12,modern-league-2026-07-1210847,league,FrankEG_MTG,,
2026-07-12,modern-league-2026-07-1210847,league,GinkoHS,,
2026-07-12,modern-league-2026-07-1210847,league,HAKUmtg7gLmn,,
2026-07-12,modern-league-2026-07-1210847,league,JLBall,,
2026-07-12,modern-league-2026-07-1210847,league,MagicDevil666,,
2026-07-12,modern-league-2026-07-1210847,league,Martin_Dominguez,,
2026-07-12,modern-league-2026-07-1210847,league,May_Chang,,
2026-07-12,modern-league-2026-07-1210847,league,MegaSwampert,,
2026-07-12,modern-league-2026-07-1210847,league,MikeyCoppola365,,
2026-07-12,modern-league-2026-07-1210847,league,Minuet,,
2026-07-12,modern-league-2026-07-1210847,league,MohoJojo,,
2026-07-12,modern-league-2026-07-1210847,league,Murdercles,,
2026-07-12,modern-league-2026-07-1210847,league,OafMcNamara,,
2026-07-12,modern-league-2026-07-1210847,league,Otifex,,
2026-07-12,modern-league-2026-07-1210847,league,ScreenwriterNY,,
2026-07-12,modern-league-2026-07-1210847,league,Sebek,,
2026-07-12,modern-league-2026-07-1210847,league,Shortened2Max,,
2026-07-12,modern-league-2026-07-1210847,league,Sire_Q,,
2026-07-12,modern-league-2026-07-1210847,league,VitorCarvalho01,,
2026-07-12,modern-league-2026-07-1210847,league,Yanatoy,,
2026-07-12,modern-league-2026-07-1210847,league,Zanman,,
2026-07-12,modern-league-2026-07-1210847,league,_theMoonSage_,,
2026-07-12,modern-league-2026-07-1210847,league,alejandrofp,,
2026-07-12,modern-league-2026-07-1210847,league,arturcosta,,
2026-07-12,modern-league-2026-07-1210847,league,chrish2134,,
2026-07-12,modern-league-2026-07-1210847,league,darikun,,
2026-07-12,modern-league-2026-07-1210847,league,derekcharm,,
2026-07-12,modern-league-2026-07-1210847,league,flintypriest,,
2026-07-12,modern-league-2026-07-1210847,league,frodomochas,,
2026-07-12,modern-league-2026-07-1210847,league,inf1nitus,,
2026-07-12,modern-league-2026-07-1210847,league,inf1nitus,,
2026-07-12,modern-league-2026-07-1210847,league,ipshow,,
2026-07-12,modern-league-2026-07-1210847,league,kasa,,
2026-07-12,modern-league-2026-07-1210847,league,magnetic,,
2026-07-12,modern-league-2026-07-1210847,league,matiaskm,,
2026-07-12,modern-league-2026-07-1210847,league,missflood,,
2026-07-12,modern-league-2026-07-1210847,league,mogis67,,
2026-07-12,modern-league-2026-07-1210847,league,niblok,,
2026-07-12,modern-league-2026-07-1210847,league,oldboot_angel,,
2026-07-12,modern-league-2026-07-1210847,league,qbturtle15,,
2026-07-12,modern-league-2026-07-1210847,league,randomPlayer0n3,,
2026-07-12,modern-league-2026-07-1210847,league,ratabruta,,
2026-07-12,modern-league-2026-07-1210847,league,richievirecas,,
2026-07-12,modern-league-2026-07-1210847,league,shigure1020,,
2026-07-12,modern-league-2026-07-1210847,league,torrell8,,
2026-07-12,modern-league-2026-07-1210847,league,xamter1,,
2026-07-12,modern-league-2026-07-1210847,league,xl_snapcaster,,
2026-07-12,modern-league-2026-07-1210847,league,zutoSamuel,,
2026-07-12,modern-showcase-challenge-2026-07-1212847089,showcase-challenge,Fatone,1,27
2026-07-12,modern-showcase-challenge-2026-07-1212847089,showcase-challenge,bomberboss,2,27
2026-07-12,modern-showcase-challenge-2026-07-1212847089,showcase-challenge,albybale93,3,27
2026-07-12,modern-showcase-challenge-2026-07-1212847089,showcase-challenge,BERNASTORRES,4,24
2026-07-12,modern-showcase-challenge-2026-07-1212847089,showcase-challenge,Oscar_Franco,5,27
2026-07-12,modern-showcase-challenge-2026-07-1212847089,showcase-challenge,MadMaxErnst,6,24
2026-07-12,modern-showcase-challenge-2026-07-1212847089,showcase-challenge,chengyiw,7,24
2026-07-12,modern-showcase-challenge-2026-07-1212847089,showcase-challenge,wutey,8,24
2026-07-12,modern-showcase-challenge-2026-07-1212847089,showcase-challenge,Control_is_kinda_bad,9,24
2026-07-12,modern-showcase-challenge-2026-07-1212847089,showcase-challenge,sapro31,10,24
2026-07-12,modern-showcase-challenge-2026-07-1212847089,showcase-challenge,MasterNeo7,11,24
2026-07-12,modern-showcase-challenge-2026-07-1212847089,showcase-challenge,TingInTheRice,12,24
2026-07-12,modern-showcase-challenge-2026-07-1212847089,showcase-challenge,lordoflifegain,13,24
2026-07-12,modern-showcase-challenge-2026-07-1212847089,showcase-challenge,Xerk,14,24
2026-07-12,modern-showcase-challenge-2026-07-1212847089,showcase-challenge,DonEnrique,15,24
2026-07-12,modern-showcase-challenge-2026-07-1212847089,showcase-challenge,bunnyfat,16,24
2026-07-12,modern-showcase-challenge-2026-07-1212847089,showcase-challenge,Beicodegeia,17,24
2026-07-12,modern-showcase-challenge-2026-07-1212847089,showcase-challenge,Edel,18,24
2026-07-12,modern-showcase-challenge-2026-07-1212847089,showcase-challenge,Bachipandi21,19,24
2026-07-12,modern-showcase-challenge-2026-07-1212847089,showcase-challenge,Hamuda,20,24
2026-07-12,modern-showcase-challenge-2026-07-1212847089,showcase-challenge,psych4tog,21,24
2026-07-12,modern-showcase-challenge-2026-07-1212847089,showcase-challenge,WorstShuffler,22,24
2026-07-12,modern-showcase-challenge-2026-07-1212847089,showcase-challenge,Nuserdog,23,24
2026-07-12,modern-showcase-challenge-2026-07-1212847089,showcase-challenge,Chadderk,24,21
2026-07-12,modern-showcase-challenge-2026-07-1212847089,showcase-challenge,toondoslav,25,21
2026-07-12,modern-showcase-challenge-2026-07-1212847089,showcase-challenge,Tarmofaeries,26,21
2026-07-12,modern-showcase-challenge-2026-07-1212847089,showcase-challenge,Vollhorst76,27,21
2026-07-12,modern-showcase-challenge-2026-07-1212847089,showcase-challenge,Reiam,28,21
2026-07-12,modern-showcase-challenge-2026-07-1212847089,showcase-challenge,Matts,29,21
2026-07-12,modern-showcase-challenge-2026-07-1212847089,showcase-challenge,bobthedog,30,21
2026-07-12,modern-showcase-challenge-2026-07-1212847089,showcase-challenge,Boin,31,21
2026-07-12,modern-showcase-challenge-2026-07-1212847089,showcase-challenge,drklutch,32,21
2026-07-13,modern-challenge-64-2026-07-1312847150,challenge-64,Kollslaw,1,18
2026-07-13,modern-challenge-64-2026-07-1312847150,challenge-64,yeojlil,2,18
2026-07-13,modern-challenge-64-2026-07-1312847150,challenge-64,bananadisaster,3,18
2026-07-13,modern-challenge-64-2026-07-1312847150,challenge-64,jayrod115,4,15
2026-07-13,modern-challenge-64-2026-07-1312847150,challenge-64,gazmon48,5,18
2026-07-13,modern-challenge-64-2026-07-1312847150,challenge-64,pedronavaja,6,15
2026-07-13,modern-challenge-64-2026-07-1312847150,challenge-64,UnusualAnt,7,15
2026-07-13,modern-challenge-64-2026-07-1312847150,challenge-64,MC_amp2267,8,15
2026-07-13,modern-challenge-64-2026-07-1312847150,challenge-64,TheColorOfBoom,9,15
2026-07-13,modern-challenge-64-2026-07-1312847150,challenge-64,GigaChadSigmaMale,10,15
2026-07-13,modern-challenge-64-2026-07-1312847150,challenge-64,Pafru,11,15
2026-07-13,modern-challenge-64-2026-07-1312847150,challenge-64,wft,12,15
2026-07-13,modern-challenge-64-2026-07-1312847150,challenge-64,PMMori,13,15
2026-07-13,modern-challenge-64-2026-07-1312847150,challenge-64,ashmosus,14,15
2026-07-13,modern-challenge-64-2026-07-1312847150,challenge-64,MixolydianMagus,15,12
2026-07-13,modern-challenge-64-2026-07-1312847150,challenge-64,Baurong,16,12
2026-07-13,modern-challenge-64-2026-07-1312847150,challenge-64,kaikas,17,12
2026-07-13,modern-challenge-64-2026-07-1312847150,challenge-64,ejk,18,12
2026-07-13,modern-challenge-64-2026-07-1312847150,challenge-64,LucasG1ggs,19,12
2026-07-13,modern-challenge-64-2026-07-1312847150,challenge-64,nahuel10,20,12
2026-07-13,modern-challenge-64-2026-07-1312847150,challenge-64,Sarlanga,21,12
2026-07-13,modern-challenge-64-2026-07-1312847150,challenge-64,derlumberzack,22,12
2026-07-13,modern-challenge-64-2026-07-1312847150,challenge-64,soggymeatball,23,12
2026-07-13,modern-challenge-64-2026-07-1312847150,challenge-64,peter780108,24,12
2026-07-13,modern-challenge-64-2026-07-1312847150,challenge-64,lilianna1989,25,12
2026-07-13,modern-challenge-64-2026-07-1312847150,challenge-64,KillerWhale01,26,12
2026-07-13,modern-challenge-64-2026-07-1312847150,challenge-64,Jftwest,27,12
2026-07-13,modern-challenge-64-2026-07-1312847150,challenge-64,Highzac,28,9
2026-07-13,modern-challenge-64-2026-07-1312847150,challenge-64,niuwaid001,29,9
2026-07-13,modern-challenge-64-2026-07-1312847150,challenge-64,Bmharwell,30,9
2026-07-13,modern-challenge-64-2026-07-1312847150,challenge-64,Mad_Manaman,31,9
2026-07-13,modern-challenge-64-2026-07-1312847150,challenge-64,nedyahiske,32,9
2026-07-13,modern-challenge-96-2026-07-1312847154,challenge-96,broers_,1,18
2026-07-13,modern-challenge-96-2026-07-1312847154,challenge-96,barczek,2,18
2026-07-13,modern-challenge-96-2026-07-1312847154,challenge-96,Lightspirit,3,18
2026-07-13,modern-challenge-96-2026-07-1312847154,challenge-96,McWinSauce,4,15
2026-07-13,modern-challenge-96-2026-07-1312847154,challenge-96,Rvng,5,21
2026-07-13,modern-challenge-96-2026-07-1312847154,challenge-96,eclipse4343,6,18
2026-07-13,modern-challenge-96-2026-07-1312847154,challenge-96,MZBlazer,7,18
2026-07-13,modern-challenge-96-2026-07-1312847154,challenge-96,Odin2015,8,18
2026-07-13,modern-challenge-96-2026-07-1312847154,challenge-96,Epreez,9,15
2026-07-13,modern-challenge-96-2026-07-1312847154,challenge-96,Fransadness,10,15
2026-07-13,modern-challenge-96-2026-07-1312847154,challenge-96,MarcoBelacca95,11,15
2026-07-13,modern-challenge-96-2026-07-1312847154,challenge-96,ejk,12,15
2026-07-13,modern-challenge-96-2026-07-1312847154,challenge-96,Tezzey,13,15
2026-07-13,modern-challenge-96-2026-07-1312847154,challenge-96,Xerk,14,15
2026-07-13,modern-challenge-96-2026-07-1312847154,challenge-96,ybai34,15,15
2026-07-13,modern-challenge-96-2026-07-1312847154,challenge-96,LucasG1ggs,16,15
2026-07-13,modern-challenge-96-2026-07-1312847154,challenge-96,MeninooNey,17,15
2026-07-13,modern-challenge-96-2026-07-1312847154,challenge-96,leandru,18,15
2026-07-13,modern-challenge-96-2026-07-1312847154,challenge-96,toutoune10,19,15
2026-07-13,modern-challenge-96-2026-07-1312847154,challenge-96,Tinker_deck,20,15
2026-07-13,modern-challenge-96-2026-07-1312847154,challenge-96,justFeather,21,15
2026-07-13,modern-challenge-96-2026-07-1312847154,challenge-96,MATTOMARINAIO,22,15
2026-07-13,modern-challenge-96-2026-07-1312847154,challenge-96,Jonii,23,15
2026-07-13,modern-challenge-96-2026-07-1312847154,challenge-96,toondoslav,24,15
2026-07-13,modern-challenge-96-2026-07-1312847154,challenge-96,Sparky165,25,12
2026-07-13,modern-challenge-96-2026-07-1312847154,challenge-96,pius23,26,12
2026-07-13,modern-challenge-96-2026-07-1312847154,challenge-96,cs2376jr,27,12
2026-07-13,modern-challenge-96-2026-07-1312847154,challenge-96,klien7,28,12
2026-07-13,modern-challenge-96-2026-07-1312847154,challenge-96,groot02,29,12
2026-07-13,modern-challenge-96-2026-07-1312847154,challenge-96,AttillA,30,12
2026-07-13,modern-challenge-96-2026-07-1312847154,challenge-96,UnbanOko,31,12
2026-07-13,modern-challenge-96-2026-07-1312847154,challenge-96,bcs8995,32,12
2026-07-13,modern-league-2026-07-1310847,league,ATXroy,,
2026-07-13,modern-league-2026-07-1310847,league,AlexanderRosdahl,,
2026-07-13,modern-league-2026-07-1310847,league,Arretth,,
2026-07-13,modern-league-2026-07-1310847,league,Asmodai02,,
2026-07-13,modern-league-2026-07-1310847,league,AugustRush,,
2026-07-13,modern-league-2026-07-1310847,league,Avawen,,
2026-07-13,modern-league-2026-07-1310847,league,Ayygent,,
2026-07-13,modern-league-2026-07-1310847,league,BlooMooNight,,
2026-07-13,modern-league-2026-07-1310847,league,Bobone,,
2026-07-13,modern-league-2026-07-1310847,league,Calambity,,
2026-07-13,modern-league-2026-07-1310847,league,Canchosky,,
2026-07-13,modern-league-2026-07-1310847,league,Chuckles1248,,
2026-07-13,modern-league-2026-07-1310847,league,DskBayWolf,,
2026-07-13,modern-league-2026-07-1310847,league,E90_DeliveryBoy,,
2026-07-13,modern-league-2026-07-1310847,league,Edel,,
2026-07-13,modern-league-2026-07-1310847,league,Enzulos,,
2026-07-13,modern-league-2026-07-1310847,league,Frejat,,
2026-07-13,modern-league-2026-07-1310847,league,Gerardo94,,
2026-07-13,modern-league-2026-07-1310847,league,GingerGuy83,,
2026-07-13,modern-league-2026-07-1310847,league,Graey,,
2026-07-13,modern-league-2026-07-1310847,league,GuttLer,,
2026-07-13,modern-league-2026-07-1310847,league,Hayek,,
2026-07-13,modern-league-2026-07-1310847,league,Heavenscythe,,
2026-07-13,modern-league-2026-07-1310847,league,Ivan_Draw_Go,,
2026-07-13,modern-league-2026-07-1310847,league,Ivc,,
2026-07-13,modern-league-2026-07-1310847,league,JJ,,
2026-07-13,modern-league-2026-07-1310847,league,KangXiaotian,,
2026-07-13,modern-league-2026-07-1310847,league,KangXiaotian,,
2026-07-13,modern-league-2026-07-1310847,league,Koszul,,
2026-07-13,modern-league-2026-07-1310847,league,Laplasjan,,
2026-07-13,modern-league-2026-07-1310847,league,ManuMasters,,
2026-07-13,modern-league-2026-07-1310847,league,MarukoMTG,,
2026-07-13,modern-league-2026-07-1310847,league,Mogged,,
2026-07-13,modern-league-2026-07-1310847,league,Mtyrant,,
2026-07-13,modern-league-2026-07-1310847,league,Nagato_Boran,,
2026-07-13,modern-league-2026-07-1310847,league,Nuserdog,,
2026-07-13,modern-league-2026-07-1310847,league,Paranzio2104,,
2026-07-13,modern-league-2026-07-1310847,league,Poderosisimo,,
2026-07-13,modern-league-2026-07-1310847,league,Porks,,
2026-07-13,modern-league-2026-07-1310847,league,RootBeerAddict02,,
2026-07-13,modern-league-2026-07-1310847,league,Sagequatch,,
2026-07-13,modern-league-2026-07-1310847,league,VenoW_art,,
2026-07-13,modern-league-2026-07-1310847,league,Zarrone97,,
2026-07-13,modern-league-2026-07-1310847,league,azax,,
2026-07-13,modern-league-2026-07-1310847,league,badthemost,,
2026-07-13,modern-league-2026-07-1310847,league,benchsummer,,
2026-07-13,modern-league-2026-07-1310847,league,cbc776,,
2026-07-13,modern-league-2026-07-1310847,league,chinotron23,,
2026-07-13,modern-league-2026-07-1310847,league,frekinsmart,,
2026-07-13,modern-league-2026-07-1310847,league,haoqinglangou,,
2026-07-13,modern-league-2026-07-1310847,league,lBigdawg,,
2026-07-13,modern-league-2026-07-1310847,league,lyz050915,,
2026-07-13,modern-league-2026-07-1310847,league,mikeleee,,
2026-07-13,modern-league-2026-07-1310847,league,scalo94,,
2026-07-13,modern-league-2026-07-1310847,league,sokos13,,
2026-07-13,modern-league-2026-07-1310847,league,yriel,,
2026-07-13,modern-league-2026-07-1310847,league,yulinl,,
2026-07-14,modern-challenge-64-2026-07-1412847169,challenge-64,sgcyrus,1,18
2026-07-14,modern-challenge-64-2026-07-1412847169,challenge-64,xl_snapcaster,2,18
2026-07-14,modern-challenge-64-2026-07-1412847169,challenge-64,Ashigaruu,3,21
2026-07-14,modern-challenge-64-2026-07-1412847169,challenge-64,Cqt,4,15
2026-07-14,modern-challenge-64-2026-07-1412847169,challenge-64,VizosMTG,5,18
2026-07-14,modern-challenge-64-2026-07-1412847169,challenge-64,Martin_Dominguez,6,18
2026-07-14,modern-challenge-64-2026-07-1412847169,challenge-64,Loreington,7,15
2026-07-14,modern-challenge-64-2026-07-1412847169,challenge-64,Oscar_Franco,8,15
2026-07-14,modern-challenge-64-2026-07-1412847169,challenge-64,MeninooNey,9,15
2026-07-14,modern-challenge-64-2026-07-1412847169,challenge-64,FrankHolmquist,10,15
2026-07-14,modern-challenge-64-2026-07-1412847169,challenge-64,jussupinator,11,15
2026-07-14,modern-challenge-64-2026-07-1412847169,challenge-64,Odin2015,12,15
2026-07-14,modern-challenge-64-2026-07-1412847169,challenge-64,mERAZED,13,15
2026-07-14,modern-challenge-64-2026-07-1412847169,challenge-64,Kollslaw,14,15
2026-07-14,modern-challenge-64-2026-07-1412847169,challenge-64,Capitano_CL,15,15
2026-07-14,modern-challenge-64-2026-07-1412847169,challenge-64,Cachorrowo,16,12
2026-07-14,modern-challenge-64-2026-07-1412847169,challenge-64,JuanmaAT,17,12
2026-07-14,modern-challenge-64-2026-07-1412847169,challenge-64,giraffesarentreal,18,12
2026-07-14,modern-challenge-64-2026-07-1412847169,challenge-64,komattaman,19,12
2026-07-14,modern-challenge-64-2026-07-1412847169,challenge-64,ctm00,20,12
2026-07-14,modern-challenge-64-2026-07-1412847169,challenge-64,GLSwadow,21,12
2026-07-14,modern-challenge-64-2026-07-1412847169,challenge-64,renatoaraujo,22,12
2026-07-14,modern-challenge-64-2026-07-1412847169,challenge-64,JohnTag667,23,12
2026-07-14,modern-challenge-64-2026-07-1412847169,challenge-64,HokunaMatataa,24,12
2026-07-14,modern-challenge-64-2026-07-1412847169,challenge-64,cs2376jr,25,12
2026-07-14,modern-challenge-64-2026-07-1412847169,challenge-64,tabunghasisi,26,12
2026-07-14,modern-challenge-64-2026-07-1412847169,challenge-64,DemianDesposito10,27,12
2026-07-14,modern-challenge-64-2026-07-1412847169,challenge-64,peter780108,28,12
2026-07-14,modern-challenge-64-2026-07-1412847169,challenge-64,M2R,29,12
2026-07-14,modern-challenge-64-2026-07-1412847169,challenge-64,WaffleWiz,30,12
2026-07-14,modern-challenge-64-2026-07-1412847169,challenge-64,PDeS,31,12
2026-07-14,modern-challenge-64-2026-07-1412847169,challenge-64,bugzbugs,32,9
2026-07-14,modern-league-2026-07-1410847,league,ATXroy,,
2026-07-14,modern-league-2026-07-1410847,league,BADTRONPLAYER,,
2026-07-14,modern-league-2026-07-1410847,league,Bagoot,,
2026-07-14,modern-league-2026-07-1410847,league,Batominion,,
2026-07-14,modern-league-2026-07-1410847,league,Blindside09,,
2026-07-14,modern-league-2026-07-1410847,league,BranniganLaw,,
2026-07-14,modern-league-2026-07-1410847,league,BressD1,,
2026-07-14,modern-league-2026-07-1410847,league,CobraDeDios,,
2026-07-14,modern-league-2026-07-1410847,league,Cyber7777,,
2026-07-14,modern-league-2026-07-1410847,league,Darthdog,,
2026-07-14,modern-league-2026-07-1410847,league,DeidaraV2,,
2026-07-14,modern-league-2026-07-1410847,league,DrPepperIsGreat,,
2026-07-14,modern-league-2026-07-1410847,league,Durotan97,,
2026-07-14,modern-league-2026-07-1410847,league,Evariel,,
2026-07-14,modern-league-2026-07-1410847,league,Eyelash,,
2026-07-14,modern-league-2026-07-1410847,league,FreezingTempest,,
2026-07-14,modern-league-2026-07-1410847,league,GabbaAndrewTeam,,
2026-07-14,modern-league-2026-07-1410847,league,Gandalf95,,
2026-07-14,modern-league-2026-07-1410847,league,HelpfulHobo,,
2026-07-14,modern-league-2026-07-1410847,league,ItsSwiftyTime,,
2026-07-14,modern-league-2026-07-1410847,league,JAJC,,
2026-07-14,modern-league-2026-07-1410847,league,Kalorrdian,,
2026-07-14,modern-league-2026-07-1410847,league,Lupos,,
2026-07-14,modern-league-2026-07-1410847,league,MA0H,,
2026-07-14,modern-league-2026-07-1410847,league,Marckys,,
2026-07-14,modern-league-2026-07-1410847,league,Mitchellsocks,,
2026-07-14,modern-league-2026-07-1410847,league,ProtoPulse,,
2026-07-14,modern-league-2026-07-1410847,league,Rvng,,
2026-07-14,modern-league-2026-07-1410847,league,STRONKSMASH,,
2026-07-14,modern-league-2026-07-1410847,league,Sagequatch,,
2026-07-14,modern-league-2026-07-1410847,league,SlashMash,,
2026-07-14,modern-league-2026-07-1410847,league,SleepingSnorunt,,
2026-07-14,modern-league-2026-07-1410847,league,Slyvester3,,
2026-07-14,modern-league-2026-07-1410847,league,Smallforest,,
2026-07-14,modern-league-2026-07-1410847,league,Sportzz,,
2026-07-14,modern-league-2026-07-1410847,league,Swagavin1,,
2026-07-14,modern-league-2026-07-1410847,league,TGR,,
2026-07-14,modern-league-2026-07-1410847,league,TRizzy__,,
2026-07-14,modern-league-2026-07-1410847,league,Theflotist,,
2026-07-14,modern-league-2026-07-1410847,league,Wappa,,
2026-07-14,modern-league-2026-07-1410847,league,Zanman,,
2026-07-14,modern-league-2026-07-1410847,league,_theMoonSage_,,
2026-07-14,modern-league-2026-07-1410847,league,albert62,,
2026-07-14,modern-league-2026-07-1410847,league,ansai8000,,
2026-07-14,modern-league-2026-07-1410847,league,apriolo1,,
2026-07-14,modern-league-2026-07-1410847,league,bathutubgod,,
2026-07-14,modern-league-2026-07-1410847,league,bokk,,
2026-07-14,modern-league-2026-07-1410847,league,cathjues,,
2026-07-14,modern-league-2026-07-1410847,league,celobee,,
2026-07-14,modern-league-2026-07-1410847,league,chylz,,
2026-07-14,modern-league-2026-07-1410847,league,cristian_mcrae,,
2026-07-14,modern-league-2026-07-1410847,league,dramaticRoyalty,,
2026-07-14,modern-league-2026-07-1410847,league,franrico,,
2026-07-14,modern-league-2026-07-1410847,league,habieh,,
2026-07-14,modern-league-2026-07-1410847,league,icaHavoc,,
2026-07-14,modern-league-2026-07-1410847,league,jontih,,
2026-07-14,modern-league-2026-07-1410847,league,k2slice,,
2026-07-14,modern-league-2026-07-1410847,league,malattia96,,
2026-07-14,modern-league-2026-07-1410847,league,manisuckwithnames,,
2026-07-14,modern-league-2026-07-1410847,league,mylast,,
2026-07-14,modern-league-2026-07-1410847,league,nedyahiske,,
2026-07-14,modern-league-2026-07-1410847,league,niuwaid001,,
2026-07-14,modern-league-2026-07-1410847,league,parazyd42,,
2026-07-14,modern-league-2026-07-1410847,league,sapro31,,
2026-07-14,modern-league-2026-07-1410847,league,sokos13,,
2026-07-14,modern-league-2026-07-1410847,league,teichou_aisu,,
2026-07-14,modern-league-2026-07-1410847,league,xngchong,,
2026-07-14,modern-league-2026-07-1410847,league,yunk3r,,
2026-07-15,modern-challenge-32-2026-07-1512847171,challenge-32,eclipse4343,1,15
2026-07-15,modern-challenge-32-2026-07-1512847171,challenge-32,Elfoman_br,2,18
2026-07-15,modern-challenge-32-2026-07-1512847171,challenge-32,justFeather,3,18
2026-07-15,modern-challenge-32-2026-07-1512847171,challenge-32,TheColorOfBoom,4,15
2026-07-15,modern-challenge-32-2026-07-1512847171,challenge-32,niuwaid001,5,18
2026-07-15,modern-challenge-32-2026-07-1512847171,challenge-32,KelsonBlack,6,18
2026-07-15,modern-challenge-32-2026-07-1512847171,challenge-32,Tinker_deck,7,18
2026-07-15,modern-challenge-32-2026-07-1512847171,challenge-32,ejk,8,15
2026-07-15,modern-challenge-32-2026-07-1512847171,challenge-32,Joey_Wheeler,9,15
2026-07-15,modern-challenge-32-2026-07-1512847171,challenge-32,renatoaraujo,10,15
2026-07-15,modern-challenge-32-2026-07-1512847171,challenge-32,Baurong,11,15
2026-07-15,modern-challenge-32-2026-07-1512847171,challenge-32,MyrRetriever,12,15
2026-07-15,modern-challenge-32-2026-07-1512847171,challenge-32,CliffBoyardee,13,15
2026-07-15,modern-challenge-32-2026-07-1512847171,challenge-32,oinkmage22,14,12
2026-07-15,modern-challenge-32-2026-07-1512847171,challenge-32,SuperCow12653,15,12
2026-07-15,modern-challenge-32-2026-07-1512847171,challenge-32,KadettiKersantti,16,12
2026-07-15,modern-challenge-32-2026-07-1512847171,challenge-32,Epreez,17,12
2026-07-15,modern-challenge-32-2026-07-1512847171,challenge-32,Danmax97,18,12
2026-07-15,modern-challenge-32-2026-07-1512847171,challenge-32,Lightspirit,19,12
2026-07-15,modern-challenge-32-2026-07-1512847171,challenge-32,GrouchyTurtle,20,12
2026-07-15,modern-challenge-32-2026-07-1512847171,challenge-32,derlumberzack,21,12
2026-07-15,modern-challenge-32-2026-07-1512847171,challenge-32,EnderW,22,12
2026-07-15,modern-challenge-32-2026-07-1512847171,challenge-32,xixia,23,12
2026-07-15,modern-challenge-32-2026-07-1512847171,challenge-32,KillerWhale01,24,12
2026-07-15,modern-challenge-32-2026-07-1512847171,challenge-32,RNicoF,25,12
2026-07-15,modern-challenge-32-2026-07-1512847171,challenge-32,shimoinu,26,12
2026-07-15,modern-challenge-32-2026-07-1512847171,challenge-32,thatguy_champ,27,9
2026-07-15,modern-challenge-32-2026-07-1512847171,challenge-32,MC_amp2267,28,9
2026-07-15,modern-challenge-32-2026-07-1512847171,challenge-32,Moe12,29,9
2026-07-15,modern-challenge-32-2026-07-1512847171,challenge-32,prizedamalgam,30,9
2026-07-15,modern-challenge-32-2026-07-1512847171,challenge-32,parasisnotcool,31,9
2026-07-15,modern-challenge-32-2026-07-1512847171,challenge-32,PaulHauk,32,9
2026-07-15,modern-challenge-96-2026-07-1512847180,challenge-96,chuyingfei,1,18
2026-07-15,modern-challenge-96-2026-07-1512847180,challenge-96,leandru,2,18
2026-07-15,modern-challenge-96-2026-07-1512847180,challenge-96,Savior0117,3,21
2026-07-15,modern-challenge-96-2026-07-1512847180,challenge-96,rastaf,4,18
2026-07-15,modern-challenge-96-2026-07-1512847180,challenge-96,Deathmaxx,5,18
2026-07-15,modern-challenge-96-2026-07-1512847180,challenge-96,ParinorMTG,6,18
2026-07-15,modern-challenge-96-2026-07-1512847180,challenge-96,Slyvester3,7,18
2026-07-15,modern-challenge-96-2026-07-1512847180,challenge-96,_theMoonSage_,8,15
2026-07-15,modern-challenge-96-2026-07-1512847180,challenge-96,Samcaster-Mage,9,15
2026-07-15,modern-challenge-96-2026-07-1512847180,challenge-96,Alakai,10,15
2026-07-15,modern-challenge-96-2026-07-1512847180,challenge-96,Danielpena397,11,15
2026-07-15,modern-challenge-96-2026-07-1512847180,challenge-96,Jumba,12,15
2026-07-15,modern-challenge-96-2026-07-1512847180,challenge-96,sioutis_kk,13,15
2026-07-15,modern-challenge-96-2026-07-1512847180,challenge-96,FutureExPro,14,15
2026-07-15,modern-challenge-96-2026-07-1512847180,challenge-96,Thunus,15,15
2026-07-15,modern-challenge-96-2026-07-1512847180,challenge-96,ipadkid,16,15
2026-07-15,modern-challenge-96-2026-07-1512847180,challenge-96,hugofreitas1,17,15
2026-07-15,modern-challenge-96-2026-07-1512847180,challenge-96,Rvng,18,15
2026-07-15,modern-challenge-96-2026-07-1512847180,challenge-96,Selfeisek,19,15
2026-07-15,modern-challenge-96-2026-07-1512847180,challenge-96,reidq7,20,15
2026-07-15,modern-challenge-96-2026-07-1512847180,challenge-96,Yanatoy,21,15
2026-07-15,modern-challenge-96-2026-07-1512847180,challenge-96,Spicychicken420,22,12
2026-07-15,modern-challenge-96-2026-07-1512847180,challenge-96,Homaar,23,12
2026-07-15,modern-challenge-96-2026-07-1512847180,challenge-96,Odin2015,24,12
2026-07-15,modern-challenge-96-2026-07-1512847180,challenge-96,iAndrew,25,12
2026-07-15,modern-challenge-96-2026-07-1512847180,challenge-96,Epreez,26,12
2026-07-15,modern-challenge-96-2026-07-1512847180,challenge-96,surgetemelo,27,12
2026-07-15,modern-challenge-96-2026-07-1512847180,challenge-96,Aced5,28,12
2026-07-15,modern-challenge-96-2026-07-1512847180,challenge-96,klien7,29,12
2026-07-15,modern-challenge-96-2026-07-1512847180,challenge-96,DelverOfBolts,30,12
2026-07-15,modern-challenge-96-2026-07-1512847180,challenge-96,GinkoHS,31,12
2026-07-15,modern-challenge-96-2026-07-1512847180,challenge-96,Nougatygoodness,32,12
2026-07-15,modern-league-2026-07-1510847,league,1WizNth,,
2026-07-15,modern-league-2026-07-1510847,league,Aldreen,,
2026-07-15,modern-league-2026-07-1510847,league,Alico,,
2026-07-15,modern-league-2026-07-1510847,league,Boulderer,,
2026-07-15,modern-league-2026-07-1510847,league,Cake363,,
2026-07-15,modern-league-2026-07-1510847,league,DB_Miharu_Fuyumiya,,
2026-07-15,modern-league-2026-07-1510847,league,DB_NathanSteuer,,
2026-07-15,modern-league-2026-07-1510847,league,DB_Wishful14,,
2026-07-15,modern-league-2026-07-1510847,league,DB_cntrlfreak_ttv,,
2026-07-15,modern-league-2026-07-1510847,league,DMLK,,
2026-07-15,modern-league-2026-07-1510847,league,Danmax97,,
2026-07-15,modern-league-2026-07-1510847,league,DawsonCreep,,
2026-07-15,modern-league-2026-07-1510847,league,DemianDesposito10,,
2026-07-15,modern-league-2026-07-1510847,league,GYrabbit47,,
2026-07-15,modern-league-2026-07-1510847,league,Giltspire,,
2026-07-15,modern-league-2026-07-1510847,league,JBudde,,
2026-07-15,modern-league-2026-07-1510847,league,Jagger002,,
2026-07-15,modern-league-2026-07-1510847,league,James_Zhi,,
2026-07-15,modern-league-2026-07-1510847,league,JeromeAlce,,
2026-07-15,modern-league-2026-07-1510847,league,KangXiaotian,,
2026-07-15,modern-league-2026-07-1510847,league,King_Grizard,,
2026-07-15,modern-league-2026-07-1510847,league,Knurt,,
2026-07-15,modern-league-2026-07-1510847,league,MN64,,
2026-07-15,modern-league-2026-07-1510847,league,ManuMasters,,
2026-07-15,modern-league-2026-07-1510847,league,Nekrohero,,
2026-07-15,modern-league-2026-07-1510847,league,Nuetron,,
2026-07-15,modern-league-2026-07-1510847,league,OafMcNamara,,
2026-07-15,modern-league-2026-07-1510847,league,PharmD_MTG,,
2026-07-15,modern-league-2026-07-1510847,league,Pleyboy,,
2026-07-15,modern-league-2026-07-1510847,league,Pleyboy,,
2026-07-15,modern-league-2026-07-1510847,league,Rednolas,,
2026-07-15,modern-league-2026-07-1510847,league,Sfrenka667,,
2026-07-15,modern-league-2026-07-1510847,league,Silveryyy,,
2026-07-15,modern-league-2026-07-1510847,league,Skywords24,,
2026-07-15,modern-league-2026-07-1510847,league,SlankyPotato,,
2026-07-15,modern-league-2026-07-1510847,league,SweetnamStyle,,
2026-07-15,modern-league-2026-07-1510847,league,TomCairns,,
2026-07-15,modern-league-2026-07-1510847,league,Wappa,,
2026-07-15,modern-league-2026-07-1510847,league,XboxGreg,,
2026-07-15,modern-league-2026-07-1510847,league,Zorro7x4,,
2026-07-15,modern-league-2026-07-1510847,league,_DG_,,
2026-07-15,modern-league-2026-07-1510847,league,_GORRAS_,,
2026-07-15,modern-league-2026-07-1510847,league,aarrgh,,
2026-07-15,modern-league-2026-07-1510847,league,azax,,
2026-07-15,modern-league-2026-07-1510847,league,brabes239,,
2026-07-15,modern-league-2026-07-1510847,league,cgouldner,,
2026-07-15,modern-league-2026-07-1510847,league,daibloXSC,,
2026-07-15,modern-league-2026-07-1510847,league,deadblob,,
2026-07-15,modern-league-2026-07-1510847,league,fdriku98,,
2026-07-15,modern-league-2026-07-1510847,league,gekyume,,
2026-07-15,modern-league-2026-07-1510847,league,gm_95,,
2026-07-15,modern-league-2026-07-1510847,league,joaobelo92,,
2026-07-15,modern-league-2026-07-1510847,league,keyzoo,,
2026-07-15,modern-league-2026-07-1510847,league,lxystannis,,
2026-07-15,modern-league-2026-07-1510847,league,mendyourheart,,
2026-07-15,modern-league-2026-07-1510847,league,n1kola,,
2026-07-15,modern-league-2026-07-1510847,league,nikkuniku,,
2026-07-15,modern-league-2026-07-1510847,league,ob_1,,
2026-07-15,modern-league-2026-07-1510847,league,predje,,
2026-07-15,modern-league-2026-07-1510847,league,sekizou,,
2026-07-15,modern-league-2026-07-1510847,league,skydemon63,,
2026-07-15,modern-league-2026-07-1510847,league,wutey,,
2026-07-15,modern-league-2026-07-1510847,league,yulinl,,
2026-07-15,modern-league-2026-07-1510847,league,yunk3r,,
2026-07-15,modern-league-2026-07-1510847,league,ziofrancone,,
2026-07-16,modern-challenge-64-2026-07-1612847674,challenge-64,Pleyboy,1,15
2026-07-16,modern-challenge-64-2026-07-1612847674,challenge-64,Rvng,2,15
2026-07-16,modern-challenge-64-2026-07-1612847674,challenge-64,MeninoNey,3,18
2026-07-16,modern-challenge-64-2026-07-1612847674,challenge-64,Selfeisek,4,15
2026-07-16,modern-challenge-64-2026-07-1612847674,challenge-64,Danielpena397,5,15
2026-07-16,modern-challenge-64-2026-07-1612847674,challenge-64,JPA93,6,15
2026-07-16,modern-challenge-64-2026-07-1612847674,challenge-64,Czechito,7,15
2026-07-16,modern-challenge-64-2026-07-1612847674,challenge-64,ybai34,8,12
2026-07-16,modern-challenge-64-2026-07-1612847674,challenge-64,Savior0117,9,12
2026-07-16,modern-challenge-64-2026-07-1612847674,challenge-64,Dreddybajs,10,12
2026-07-16,modern-challenge-64-2026-07-1612847674,challenge-64,DelverOfBolts,11,12
2026-07-16,modern-challenge-64-2026-07-1612847674,challenge-64,cs2376jr,12,12
2026-07-16,modern-challenge-64-2026-07-1612847674,challenge-64,Dabol-R,13,12
2026-07-16,modern-challenge-64-2026-07-1612847674,challenge-64,Capitano_CL,14,12
2026-07-16,modern-challenge-64-2026-07-1612847674,challenge-64,oolong-chan,15,12
2026-07-16,modern-challenge-64-2026-07-1612847674,challenge-64,gamertoad,16,12
2026-07-16,modern-challenge-64-2026-07-1612847674,challenge-64,JohnTag667,17,12
2026-07-16,modern-challenge-64-2026-07-1612847674,challenge-64,levunga21,18,12
2026-07-16,modern-challenge-64-2026-07-1612847674,challenge-64,frenzyofexultations,19,12
2026-07-16,modern-challenge-64-2026-07-1612847674,challenge-64,ShikiXYZ,20,12
2026-07-16,modern-challenge-64-2026-07-1612847674,challenge-64,MahfuzVanGogh,21,12
2026-07-16,modern-challenge-64-2026-07-1612847674,challenge-64,DroopyStorm,22,9
2026-07-16,modern-challenge-64-2026-07-1612847674,challenge-64,GLSwadow,23,9
2026-07-16,modern-challenge-64-2026-07-1612847674,challenge-64,_bwonsamdi_,24,9
2026-07-16,modern-challenge-64-2026-07-1612847674,challenge-64,Giant Dwarf,25,9
2026-07-16,modern-challenge-64-2026-07-1612847674,challenge-64,MatheusPonciano,26,9
2026-07-16,modern-challenge-64-2026-07-1612847674,challenge-64,bugzbugs,27,9
2026-07-16,modern-challenge-64-2026-07-1612847674,challenge-64,benebeats,28,9
2026-07-16,modern-challenge-64-2026-07-1612847674,challenge-64,soggymeatball,29,9
2026-07-16,modern-challenge-64-2026-07-1612847674,challenge-64,Lightspirit,30,9
2026-07-16,modern-challenge-64-2026-07-1612847674,challenge-64,roter_Erzengel,31,9
2026-07-16,modern-challenge-64-2026-07-1612847674,challenge-64,toondoslav,32,9
2026-07-16,modern-league-2026-07-1610847,league,Angelselic,,
2026-07-16,modern-league-2026-07-1610847,league,Auron12,,
2026-07-16,modern-league-2026-07-1610847,league,BLJ,,
2026-07-16,modern-league-2026-07-1610847,league,BiggusStiggus,,
2026-07-16,modern-league-2026-07-1610847,league,Calambity,,
2026-07-16,modern-league-2026-07-1610847,league,CursedOcean,,
2026-07-16,modern-league-2026-07-1610847,league,DB_cntrlfreak_ttv,,
2026-07-16,modern-league-2026-07-1610847,league,EthanB,,
2026-07-16,modern-league-2026-07-1610847,league,HA0N,,
2026-07-16,modern-league-2026-07-1610847,league,JohnGranvik,,
2026-07-16,modern-league-2026-07-1610847,league,Jokersrwild,,
2026-07-16,modern-league-2026-07-1610847,league,Jonson26,,
2026-07-16,modern-league-2026-07-1610847,league,KangXiaotian,,
2026-07-16,modern-league-2026-07-1610847,league,KellyDoos,,
2026-07-16,modern-league-2026-07-1610847,league,Legras,,
2026-07-16,modern-league-2026-07-1610847,league,Marmotte_Lambda,,
2026-07-16,modern-league-2026-07-1610847,league,Minuet,,
2026-07-16,modern-league-2026-07-1610847,league,NickBolas90,,
2026-07-16,modern-league-2026-07-1610847,league,Odin2015,,
2026-07-16,modern-league-2026-07-1610847,league,Paranzio2104,,
2026-07-16,modern-league-2026-07-1610847,league,Porks,,
2026-07-16,modern-league-2026-07-1610847,league,Row2015,,
2026-07-16,modern-league-2026-07-1610847,league,Sockdolager,,
2026-07-16,modern-league-2026-07-1610847,league,Spezzagatti23,,
2026-07-16,modern-league-2026-07-1610847,league,TicTacToe,,
2026-07-16,modern-league-2026-07-1610847,league,Viruje,,
2026-07-16,modern-league-2026-07-1610847,league,WecKDecK,,
2026-07-16,modern-league-2026-07-1610847,league,X_Why_Z,,
2026-07-16,modern-league-2026-07-1610847,league,aspiringspike,,
2026-07-16,modern-league-2026-07-1610847,league,bbotonline,,
2026-07-16,modern-league-2026-07-1610847,league,bouhachiotoko,,
2026-07-16,modern-league-2026-07-1610847,league,daibloXSC,,
2026-07-16,modern-league-2026-07-1610847,league,fj_rodman,,
2026-07-16,modern-league-2026-07-1610847,league,henhen3000,,
2026-07-16,modern-league-2026-07-1610847,league,mind_over_matter,,
2026-07-16,modern-league-2026-07-1610847,league,noodlesguy,,
2026-07-16,modern-league-2026-07-1610847,league,oskiyaa,,
2026-07-16,modern-league-2026-07-1610847,league,preve94,,
2026-07-16,modern-league-2026-07-1610847,league,temur4life,,
2026-07-16,modern-league-2026-07-1610847,league,viritoPP,,
2026-07-16,modern-league-2026-07-1610847,league,whviolet,,
2026-07-16,modern-league-2026-07-1610847,league,xITDxxP985x,,
2026-07-16,modern-league-2026-07-1610847,league,yizzle,,
2026-07-17,modern-challenge-64-2026-07-1712847683,challenge-64,Corkyboyy,1,15
2026-07-17,modern-challenge-64-2026-07-1712847683,challenge-64,MeninoNey,2,15
2026-07-17,modern-challenge-64-2026-07-1712847683,challenge-64,roter_Erzengel,3,18
2026-07-17,modern-challenge-64-2026-07-1712847683,challenge-64,Pleyboy,4,18
2026-07-17,modern-challenge-64-2026-07-1712847683,challenge-64,Retrisma,5,18
2026-07-17,modern-challenge-64-2026-07-1712847683,challenge-64,Gxs3v3n,6,18
2026-07-17,modern-challenge-64-2026-07-1712847683,challenge-64,Porks,7,18
2026-07-17,modern-challenge-64-2026-07-1712847683,challenge-64,kasiso,8,15
2026-07-17,modern-challenge-64-2026-07-1712847683,challenge-64,DelverFofoqueiro,9,15
2026-07-17,modern-challenge-64-2026-07-1712847683,challenge-64,_Batutinha_,10,15
2026-07-17,modern-challenge-64-2026-07-1712847683,challenge-64,Scorpion100,11,15
2026-07-17,modern-challenge-64-2026-07-1712847683,challenge-64,Calambity,12,15
2026-07-17,modern-challenge-64-2026-07-1712847683,challenge-64,kaiszern,13,15
2026-07-17,modern-challenge-64-2026-07-1712847683,challenge-64,bananadisaster,14,15
2026-07-17,modern-challenge-64-2026-07-1712847683,challenge-64,JakeTMS,15,15
2026-07-17,modern-challenge-64-2026-07-1712847683,challenge-64,Dioferreira,16,15
2026-07-17,modern-challenge-64-2026-07-1712847683,challenge-64,DeepDisherino,17,12
2026-07-17,modern-challenge-64-2026-07-1712847683,challenge-64,Cake363,18,12
2026-07-17,modern-challenge-64-2026-07-1712847683,challenge-64,maear,19,12
2026-07-17,modern-challenge-64-2026-07-1712847683,challenge-64,Mikebrav,20,12
2026-07-17,modern-challenge-64-2026-07-1712847683,challenge-64,Capitano_CL,21,12
2026-07-17,modern-challenge-64-2026-07-1712847683,challenge-64,Jumba,22,12
2026-07-17,modern-challenge-64-2026-07-1712847683,challenge-64,daxerz,23,12
2026-07-17,modern-challenge-64-2026-07-1712847683,challenge-64,Olle0032,24,12
2026-07-17,modern-challenge-64-2026-07-1712847683,challenge-64,AchtungSchaaf827,25,12
2026-07-17,modern-challenge-64-2026-07-1712847683,challenge-64,ryuumei,26,12
2026-07-17,modern-challenge-64-2026-07-1712847683,challenge-64,JohnTag667,27,12
2026-07-17,modern-challenge-64-2026-07-1712847683,challenge-64,goron27,28,12
2026-07-17,modern-challenge-64-2026-07-1712847683,challenge-64,Savior0117,29,12
2026-07-17,modern-challenge-64-2026-07-1712847683,challenge-64,Alondite,30,12
2026-07-17,modern-challenge-64-2026-07-1712847683,challenge-64,Aced5,31,12
2026-07-17,modern-challenge-64-2026-07-1712847683,challenge-64,Young_Shaman,32,12
2026-07-17,modern-league-2026-07-1710847,league,5anity,,
2026-07-17,modern-league-2026-07-1710847,league,Blade400,,
2026-07-17,modern-league-2026-07-1710847,league,BoomBarton,,
2026-07-17,modern-league-2026-07-1710847,league,Calambity,,
2026-07-17,modern-league-2026-07-1710847,league,CannabisBoy,,
2026-07-17,modern-league-2026-07-1710847,league,Chromatik,,
2026-07-17,modern-league-2026-07-1710847,league,Comrade1312,,
2026-07-17,modern-league-2026-07-1710847,league,Crovax90,,
2026-07-17,modern-league-2026-07-1710847,league,DMLK,,
2026-07-17,modern-league-2026-07-1710847,league,DskBayWolf,,
2026-07-17,modern-league-2026-07-1710847,league,GingerHitman,,
2026-07-17,modern-league-2026-07-1710847,league,GrandpaBiceps,,
2026-07-17,modern-league-2026-07-1710847,league,HDG_BorisE,,
2026-07-17,modern-league-2026-07-1710847,league,HisDudeness,,
2026-07-17,modern-league-2026-07-1710847,league,HuUeBR,,
2026-07-17,modern-league-2026-07-1710847,league,JeromeAlce,,
2026-07-17,modern-league-2026-07-1710847,league,KieranT,,
2026-07-17,modern-league-2026-07-1710847,league,Kollslaw,,
2026-07-17,modern-league-2026-07-1710847,league,Kurusu,,
2026-07-17,modern-league-2026-07-1710847,league,Loga_rithm,,
2026-07-17,modern-league-2026-07-1710847,league,MTGBananasack,,
2026-07-17,modern-league-2026-07-1710847,league,Nagato_Boran,,
2026-07-17,modern-league-2026-07-1710847,league,NuBlkAu,,
2026-07-17,modern-league-2026-07-1710847,league,OldSpicey,,
2026-07-17,modern-league-2026-07-1710847,league,Paranoid_Android,,
2026-07-17,modern-league-2026-07-1710847,league,PaulPatrick,,
2026-07-17,modern-league-2026-07-1710847,league,RSAX,,
2026-07-17,modern-league-2026-07-1710847,league,Salty_Orange,,
2026-07-17,modern-league-2026-07-1710847,league,Spezzagatti23,,
2026-07-17,modern-league-2026-07-1710847,league,TheMeatMan,,
2026-07-17,modern-league-2026-07-1710847,league,WhiteNinja,,
2026-07-17,modern-league-2026-07-1710847,league,XboxGreg,,
2026-07-17,modern-league-2026-07-1710847,league,chapaking8,,
2026-07-17,modern-league-2026-07-1710847,league,dch97e,,
2026-07-17,modern-league-2026-07-1710847,league,ichi-roku,,
2026-07-17,modern-league-2026-07-1710847,league,kokubo,,
2026-07-17,modern-league-2026-07-1710847,league,ktoftw,,
2026-07-17,modern-league-2026-07-1710847,league,lBigdawg,,
2026-07-17,modern-league-2026-07-1710847,league,littlebinboy,,
2026-07-17,modern-league-2026-07-1710847,league,ls149950,,
2026-07-17,modern-league-2026-07-1710847,league,mERAZED,,
2026-07-17,modern-league-2026-07-1710847,league,mechrataal,,
2026-07-17,modern-league-2026-07-1710847,league,moreno13,,
2026-07-17,modern-league-2026-07-1710847,league,nedyahiske,,
2026-07-17,modern-league-2026-07-1710847,league,nick4567,,
2026-07-17,modern-league-2026-07-1710847,league,nykthoshah,,
2026-07-17,modern-league-2026-07-1710847,league,phillydrew215,,
2026-07-17,modern-league-2026-07-1710847,league,predje,,
2026-07-17,modern-league-2026-07-1710847,league,r0cknati0n,,
2026-07-17,modern-league-2026-07-1710847,league,ryuumei,,
2026-07-17,modern-league-2026-07-1710847,league,toondoslav,,
2026-07-17,modern-league-2026-07-1710847,league,walshi4life,,
2026-07-17,modern-league-2026-07-1710847,league,xngchong,,
2026-07-17,modern-league-2026-07-1710847,league,yeojlil,,
2026-07-18,modern-challenge-32-2026-07-1812847693,challenge-32,Juintatz,1,15
2026-07-18,modern-challenge-32-2026-07-1812847693,challenge-32,jev_,2,12
2026-07-18,modern-challenge-32-2026-07-1812847693,challenge-32,Polikasoll,3,18
2026-07-18,modern-challenge-32-2026-07-1812847693,challenge-32,NickBolas90,4,15
2026-07-18,modern-challenge-32-2026-07-1812847693,challenge-32,_Falcon_,5,15
2026-07-18,modern-challenge-32-2026-07-1812847693,challenge-32,E_Kaminuma,6,15
2026-07-18,modern-challenge-32-2026-07-1812847693,challenge-32,GieralK,7,15
2026-07-18,modern-challenge-32-2026-07-1812847693,challenge-32,touto_Isle,8,12
2026-07-18,modern-challenge-32-2026-07-1812847693,challenge-32,MyPotatoes,9,12
2026-07-18,modern-challenge-32-2026-07-1812847693,challenge-32,DelverOfBolts,10,12
2026-07-18,modern-challenge-32-2026-07-1812847693,challenge-32,yolad,11,12
2026-07-18,modern-challenge-32-2026-07-1812847693,challenge-32,kthanakit26,12,12
2026-07-18,modern-challenge-32-2026-07-1812847693,challenge-32,SPyromancer,13,12
2026-07-18,modern-challenge-32-2026-07-1812847693,challenge-32,ryuumei,14,12
2026-07-18,modern-challenge-32-2026-07-1812847693,challenge-32,shimoinu,15,12
2026-07-18,modern-challenge-32-2026-07-1812847693,challenge-32,ipadkid,16,12
2026-07-18,modern-challenge-32-2026-07-1812847693,challenge-32,Suechtler,17,9
2026-07-18,modern-challenge-32-2026-07-1812847693,challenge-32,Gxs3v3n,18,9
2026-07-18,modern-challenge-32-2026-07-1812847693,challenge-32,SimoCr,19,9
2026-07-18,modern-challenge-32-2026-07-1812847693,challenge-32,DskBayWolf,20,9
2026-07-18,modern-challenge-32-2026-07-1812847693,challenge-32,Athenani,21,9
2026-07-18,modern-challenge-32-2026-07-1812847693,challenge-32,albert62,22,9
2026-07-18,modern-challenge-32-2026-07-1812847693,challenge-32,Egorable,23,9
2026-07-18,modern-challenge-32-2026-07-1812847693,challenge-32,ybai34,24,9
2026-07-18,modern-challenge-32-2026-07-1812847693,challenge-32,felider,25,9
2026-07-18,modern-challenge-32-2026-07-1812847693,challenge-32,Giovane_Lupo,26,9
2026-07-18,modern-challenge-32-2026-07-1812847693,challenge-32,Moe12,27,9
2026-07-18,modern-challenge-32-2026-07-1812847693,challenge-32,FunFun_Tony,28,9
2026-07-18,modern-challenge-32-2026-07-1812847693,challenge-32,yriel,29,6
2026-07-18,modern-challenge-32-2026-07-1812847693,challenge-32,bananadisaster,30,6
2026-07-18,modern-challenge-32-2026-07-1812847693,challenge-32,PJKP,31,6
2026-07-18,modern-challenge-32-2026-07-1812847693,challenge-32,kcomedina,32,6
2026-07-18,modern-challenge-64-2026-07-1812847691,challenge-64,SGMY95,1,15
2026-07-18,modern-challenge-64-2026-07-1812847691,challenge-64,hugofreitas1,2,18
2026-07-18,modern-challenge-64-2026-07-1812847691,challenge-64,hermesthenerd,3,18
2026-07-18,modern-challenge-64-2026-07-1812847691,challenge-64,Willthepill,4,15
2026-07-18,modern-challenge-64-2026-07-1812847691,challenge-64,Lord_Beerus,5,18
2026-07-18,modern-challenge-64-2026-07-1812847691,challenge-64,MeninoNey,6,18
2026-07-18,modern-challenge-64-2026-07-1812847691,challenge-64,fazparte,7,18
2026-07-18,modern-challenge-64-2026-07-1812847691,challenge-64,peter780108,8,15
2026-07-18,modern-challenge-64-2026-07-1812847691,challenge-64,Corkyboyy,9,15
2026-07-18,modern-challenge-64-2026-07-1812847691,challenge-64,Iaashadow,10,15
2026-07-18,modern-challenge-64-2026-07-1812847691,challenge-64,Ztenod,11,15
2026-07-18,modern-challenge-64-2026-07-1812847691,challenge-64,gamertoad,12,15
2026-07-18,modern-challenge-64-2026-07-1812847691,challenge-64,Selfeisek,13,15
2026-07-18,modern-challenge-64-2026-07-1812847691,challenge-64,Arcbound_Papi,14,15
2026-07-18,modern-challenge-64-2026-07-1812847691,challenge-64,Americanmisfit5,15,15
2026-07-18,modern-challenge-64-2026-07-1812847691,challenge-64,Calambity,16,12
2026-07-18,modern-challenge-64-2026-07-1812847691,challenge-64,kattsu,17,12
2026-07-18,modern-challenge-64-2026-07-1812847691,challenge-64,Cachorrowo,18,12
2026-07-18,modern-challenge-64-2026-07-1812847691,challenge-64,CNewman,19,12
2026-07-18,modern-challenge-64-2026-07-1812847691,challenge-64,PaulHauk,20,12
2026-07-18,modern-challenge-64-2026-07-1812847691,challenge-64,amin0e,21,12
2026-07-18,modern-challenge-64-2026-07-1812847691,challenge-64,Juintatz,22,12
2026-07-18,modern-challenge-64-2026-07-1812847691,challenge-64,KieranT,23,12
2026-07-18,modern-challenge-64-2026-07-1812847691,challenge-64,Tinker_deck,24,12
2026-07-18,modern-challenge-64-2026-07-1812847691,challenge-64,RandomGameActions,25,12
2026-07-18,modern-challenge-64-2026-07-1812847691,challenge-64,GigaChadSigmaMale,26,12
2026-07-18,modern-challenge-64-2026-07-1812847691,challenge-64,nv_goblin,27,12
2026-07-18,modern-challenge-64-2026-07-1812847691,challenge-64,MystikHawk,28,12
2026-07-18,modern-challenge-64-2026-07-1812847691,challenge-64,jayrod115,29,12
2026-07-18,modern-challenge-64-2026-07-1812847691,challenge-64,eclipse4343,30,12
2026-07-18,modern-challenge-64-2026-07-1812847691,challenge-64,DragonFodder,31,9
2026-07-18,modern-challenge-64-2026-07-1812847691,challenge-64,RandomOctopus,32,9
2026-07-18,modern-challenge-64-2026-07-1812847698,challenge-64,JPA93,1,18
2026-07-18,modern-challenge-64-2026-07-1812847698,challenge-64,RezerDeDog,2,21
2026-07-18,modern-challenge-64-2026-07-1812847698,challenge-64,bugzbugs,3,18
2026-07-18,modern-challenge-64-2026-07-1812847698,challenge-64,Lord_Beerus,4,18
2026-07-18,modern-challenge-64-2026-07-1812847698,challenge-64,senior_shak,5,18
2026-07-18,modern-challenge-64-2026-07-1812847698,challenge-64,RandomOctopus,6,18
2026-07-18,modern-challenge-64-2026-07-1812847698,challenge-64,GLSwadow,7,15
2026-07-18,modern-challenge-64-2026-07-1812847698,challenge-64,slade8283,8,15
2026-07-18,modern-challenge-64-2026-07-1812847698,challenge-64,Savior0117,9,15
2026-07-18,modern-challenge-64-2026-07-1812847698,challenge-64,kasiso,10,15
2026-07-18,modern-challenge-64-2026-07-1812847698,challenge-64,JakeTMS,11,15
2026-07-18,modern-challenge-64-2026-07-1812847698,challenge-64,Polikasoll,12,15
2026-07-18,modern-challenge-64-2026-07-1812847698,challenge-64,LaneOrLaine,13,15
2026-07-18,modern-challenge-64-2026-07-1812847698,challenge-64,Jconn,14,15
2026-07-18,modern-challenge-64-2026-07-1812847698,challenge-64,McWinSauce,15,15
2026-07-18,modern-challenge-64-2026-07-1812847698,challenge-64,FutureExPro,16,15
2026-07-18,modern-challenge-64-2026-07-1812847698,challenge-64,Hongfu_Eureka,17,15
2026-07-18,modern-challenge-64-2026-07-1812847698,challenge-64,draco09,18,15
2026-07-18,modern-challenge-64-2026-07-1812847698,challenge-64,Arcbound_Papi,19,15
2026-07-18,modern-challenge-64-2026-07-1812847698,challenge-64,hauterho,20,12
2026-07-18,modern-challenge-64-2026-07-1812847698,challenge-64,Oscar_Franco,21,12
2026-07-18,modern-challenge-64-2026-07-1812847698,challenge-64,Epreez,22,12
2026-07-18,modern-challenge-64-2026-07-1812847698,challenge-64,DemianDesposito10,23,12
2026-07-18,modern-challenge-64-2026-07-1812847698,challenge-64,Slyvester3,24,12
2026-07-18,modern-challenge-64-2026-07-1812847698,challenge-64,Terminus0,25,12
2026-07-18,modern-challenge-64-2026-07-1812847698,challenge-64,_Batutinha_,26,12
2026-07-18,modern-challenge-64-2026-07-1812847698,challenge-64,Tinker_deck,27,12
2026-07-18,modern-challenge-64-2026-07-1812847698,challenge-64,mwatts10,28,12
2026-07-18,modern-challenge-64-2026-07-1812847698,challenge-64,Cake363,29,12
2026-07-18,modern-challenge-64-2026-07-1812847698,challenge-64,Free2,30,12
2026-07-18,modern-challenge-64-2026-07-1812847698,challenge-64,eclipse4343,31,12
2026-07-18,modern-challenge-64-2026-07-1812847698,challenge-64,Jelleb99,32,12
2026-07-18,modern-league-2026-07-1810847,league,Anaxkoraz,,
2026-07-18,modern-league-2026-07-1810847,league,Andrea_Paglialunga,,
2026-07-18,modern-league-2026-07-1810847,league,Andrea_Paglialunga,,
2026-07-18,modern-league-2026-07-1810847,league,BasedCloy,,
2026-07-18,modern-league-2026-07-1810847,league,Boce,,
2026-07-18,modern-league-2026-07-1810847,league,CigarroSolto,,
2026-07-18,modern-league-2026-07-1810847,league,Damedolla0,,
2026-07-18,modern-league-2026-07-1810847,league,Daxel,,
2026-07-18,modern-league-2026-07-1810847,league,Diem4x,,
2026-07-18,modern-league-2026-07-1810847,league,Dingo34,,
2026-07-18,modern-league-2026-07-1810847,league,EmPython,,
2026-07-18,modern-league-2026-07-1810847,league,Eyelash,,
2026-07-18,modern-league-2026-07-1810847,league,Funnyman31399,,
2026-07-18,modern-league-2026-07-1810847,league,FutureExPro,,
2026-07-18,modern-league-2026-07-1810847,league,GrandpaBiceps,,
2026-07-18,modern-league-2026-07-1810847,league,IlProfessore,,
2026-07-18,modern-league-2026-07-1810847,league,InhaleSpliff,,
2026-07-18,modern-league-2026-07-1810847,league,JustAnotherGuy83,,
2026-07-18,modern-league-2026-07-1810847,league,KingHairy,,
2026-07-18,modern-league-2026-07-1810847,league,Knurt,,
2026-07-18,modern-league-2026-07-1810847,league,LordEgg,,
2026-07-18,modern-league-2026-07-1810847,league,LuckyMagic0wl,,
2026-07-18,modern-league-2026-07-1810847,league,Mapletreefrog,,
2026-07-18,modern-league-2026-07-1810847,league,MarxSmith,,
2026-07-18,modern-league-2026-07-1810847,league,Miqa,,
2026-07-18,modern-league-2026-07-1810847,league,Mitchard,,
2026-07-18,modern-league-2026-07-1810847,league,Mooshack,,
2026-07-18,modern-league-2026-07-1810847,league,Piiinooo,,
2026-07-18,modern-league-2026-07-1810847,league,PorkMcPie,,
2026-07-18,modern-league-2026-07-1810847,league,ReanimatorFiend,,
2026-07-18,modern-league-2026-07-1810847,league,Sh4rk,,
2026-07-18,modern-league-2026-07-1810847,league,Silk_lobelia,,
2026-07-18,modern-league-2026-07-1810847,league,SkyThZ,,
2026-07-18,modern-league-2026-07-1810847,league,SlavSlays,,
2026-07-18,modern-league-2026-07-1810847,league,Snoobie,,
2026-07-18,modern-league-2026-07-1810847,league,SweetnamStyle,,
2026-07-18,modern-league-2026-07-1810847,league,Toscanini,,
2026-07-18,modern-league-2026-07-1810847,league,VentoAureo,,
2026-07-18,modern-league-2026-07-1810847,league,YAK9k,,
2026-07-18,modern-league-2026-07-1810847,league,_Bound_,,
2026-07-18,modern-league-2026-07-1810847,league,apriolo1,,
2026-07-18,modern-league-2026-07-1810847,league,bunnyfat,,
2026-07-18,modern-league-2026-07-1810847,league,darikun,,
2026-07-18,modern-league-2026-07-1810847,league,darikun,,
2026-07-18,modern-league-2026-07-1810847,league,dndias,,
2026-07-18,modern-league-2026-07-1810847,league,fart_sniffer_93,,
2026-07-18,modern-league-2026-07-1810847,league,gyyby297,,
2026-07-18,modern-league-2026-07-1810847,league,jontih,,
2026-07-18,modern-league-2026-07-1810847,league,leandru,,
2026-07-18,modern-league-2026-07-1810847,league,lxystannis,,
2026-07-18,modern-league-2026-07-1810847,league,maear,,
2026-07-18,modern-league-2026-07-1810847,league,mechrataal,,
2026-07-18,modern-league-2026-07-1810847,league,mind_over_matter,,
2026-07-18,modern-league-2026-07-1810847,league,mogis67,,
2026-07-18,modern-league-2026-07-1810847,league,ratabruta,,
2026-07-18,modern-league-2026-07-1810847,league,thottie_crippin,,
2026-07-18,modern-league-2026-07-1810847,league,toondoslav,,
2026-07-18,modern-league-2026-07-1810847,league,twangygnome,,
2026-07-18,modern-league-2026-07-1810847,league,weezerologist,,
2026-07-18,modern-league-2026-07-1810847,league,zhangkh,,
2026-07-19,modern-challenge-32-2026-07-1912847708,challenge-32,JAJC,1,18
2026-07-19,modern-challenge-32-2026-07-1912847708,challenge-32,NuBlkAu,2,12
2026-07-19,modern-challenge-32-2026-07-1912847708,challenge-32,CrownedRuti,3,12
2026-07-19,modern-challenge-32-2026-07-1912847708,challenge-32,Lollopollo2001,4,12
2026-07-19,modern-challenge-32-2026-07-1912847708,challenge-32,TomBombadi1,5,15
2026-07-19,modern-challenge-32-2026-07-1912847708,challenge-32,AeonLock,6,15
2026-07-19,modern-challenge-32-2026-07-1912847708,challenge-32,sioutis_kk,7,15
2026-07-19,modern-challenge-32-2026-07-1912847708,challenge-32,jvidarte,8,12
2026-07-19,modern-challenge-32-2026-07-1912847708,challenge-32,unagieel,9,12
2026-07-19,modern-challenge-32-2026-07-1912847708,challenge-32,MeninooNey,10,12
2026-07-19,modern-challenge-32-2026-07-1912847708,challenge-32,FerMTG,11,12
2026-07-19,modern-challenge-32-2026-07-1912847708,challenge-32,flamyblade,12,12
2026-07-19,modern-challenge-32-2026-07-1912847708,challenge-32,Jumba,13,12
2026-07-19,modern-challenge-32-2026-07-1912847708,challenge-32,1OR513N86,14,12
2026-07-19,modern-challenge-32-2026-07-1912847708,challenge-32,Phryziel,15,9
2026-07-19,modern-challenge-32-2026-07-1912847708,challenge-32,deftjad,16,9
2026-07-19,modern-challenge-32-2026-07-1912847708,challenge-32,MahfuzVanGogh,17,9
2026-07-19,modern-challenge-32-2026-07-1912847708,challenge-32,lilianna1989,18,9
2026-07-19,modern-challenge-32-2026-07-1912847708,challenge-32,_Batutinha_,19,9
2026-07-19,modern-challenge-32-2026-07-1912847708,challenge-32,Zoob5555,20,9
2026-07-19,modern-challenge-32-2026-07-1912847708,challenge-32,ginp,21,9
2026-07-19,modern-challenge-32-2026-07-1912847708,challenge-32,HarbingerTheEndless,22,9
2026-07-19,modern-challenge-32-2026-07-1912847708,challenge-32,iomatic,23,9
2026-07-19,modern-challenge-32-2026-07-1912847708,challenge-32,kokubo,24,9
2026-07-19,modern-challenge-32-2026-07-1912847708,challenge-32,felider,25,9
2026-07-19,modern-challenge-32-2026-07-1912847708,challenge-32,ybai34,26,9
2026-07-19,modern-challenge-32-2026-07-1912847708,challenge-32,kasiso,27,6
2026-07-19,modern-challenge-32-2026-07-1912847708,challenge-32,manohito,28,6
2026-07-19,modern-challenge-32-2026-07-1912847708,challenge-32,albert62,29,6
2026-07-19,modern-challenge-32-2026-07-1912847708,challenge-32,Kritik,30,6
2026-07-19,modern-challenge-32-2026-07-1912847708,challenge-32,Oscar_Franco,31,6
2026-07-19,modern-challenge-32-2026-07-1912847708,challenge-32,_Falcon_,32,3
2026-07-19,modern-challenge-64-2026-07-1912847704,challenge-64,eclipse4343,1,18
2026-07-19,modern-challenge-64-2026-07-1912847704,challenge-64,EsperWTB,2,15
2026-07-19,modern-challenge-64-2026-07-1912847704,challenge-64,jessy_samek,3,18
2026-07-19,modern-challenge-64-2026-07-1912847704,challenge-64,kennydarko,4,18
2026-07-19,modern-challenge-64-2026-07-1912847704,challenge-64,kasiso,5,18
2026-07-19,modern-challenge-64-2026-07-1912847704,challenge-64,Lightspirit,6,18
2026-07-19,modern-challenge-64-2026-07-1912847704,challenge-64,iomatic,7,15
2026-07-19,modern-challenge-64-2026-07-1912847704,challenge-64,joelstephens94,8,15
2026-07-19,modern-challenge-64-2026-07-1912847704,challenge-64,OPaZZwiZard,9,15
2026-07-19,modern-challenge-64-2026-07-1912847704,challenge-64,Sarlanga,10,15
2026-07-19,modern-challenge-64-2026-07-1912847704,challenge-64,Bok_Choy_,11,15
2026-07-19,modern-challenge-64-2026-07-1912847704,challenge-64,ShadowTitan1,12,15
2026-07-19,modern-challenge-64-2026-07-1912847704,challenge-64,NJ5030,13,15
2026-07-19,modern-challenge-64-2026-07-1912847704,challenge-64,Kollslaw,14,15
2026-07-19,modern-challenge-64-2026-07-1912847704,challenge-64,UnbanOko,15,15
2026-07-19,modern-challenge-64-2026-07-1912847704,challenge-64,fclyra,16,15
2026-07-19,modern-challenge-64-2026-07-1912847704,challenge-64,Tylar,17,15
2026-07-19,modern-challenge-64-2026-07-1912847704,challenge-64,Rexplosion,18,12
2026-07-19,modern-challenge-64-2026-07-1912847704,challenge-64,gamertoad,19,12
2026-07-19,modern-challenge-64-2026-07-1912847704,challenge-64,GigaChadSigmaMale,20,12
2026-07-19,modern-challenge-64-2026-07-1912847704,challenge-64,nonco,21,12
2026-07-19,modern-challenge-64-2026-07-1912847704,challenge-64,andersoneclair,22,12
2026-07-19,modern-challenge-64-2026-07-1912847704,challenge-64,Ouranos139,23,12
2026-07-19,modern-challenge-64-2026-07-1912847704,challenge-64,E90_DeliveryBoy,24,12
2026-07-19,modern-challenge-64-2026-07-1912847704,challenge-64,goldsboro3,25,12
2026-07-19,modern-challenge-64-2026-07-1912847704,challenge-64,Pafru,26,12
2026-07-19,modern-challenge-64-2026-07-1912847704,challenge-64,Capitano_CL,27,12
2026-07-19,modern-challenge-64-2026-07-1912847704,challenge-64,bugzbugs,28,12
2026-07-19,modern-challenge-64-2026-07-1912847704,challenge-64,DemianDesposito10,29,12
2026-07-19,modern-challenge-64-2026-07-1912847704,challenge-64,ZimMTG,30,12
2026-07-19,modern-challenge-64-2026-07-1912847704,challenge-64,Topdecker8000,31,12
2026-07-19,modern-challenge-64-2026-07-1912847704,challenge-64,kentaro_hokori,32,12
2026-07-19,modern-last-chance-2026-07-1912847713,last-chance,ShowTime_,1,15
2026-07-19,modern-last-chance-2026-07-1912847713,last-chance,Lollopollo2001,2,15
2026-07-19,modern-last-chance-2026-07-1912847713,last-chance,gyyby297,3,12
2026-07-19,modern-last-chance-2026-07-1912847713,last-chance,FranBenitez91,4,12
2026-07-19,modern-last-chance-2026-07-1912847713,last-chance,tibalt_of_red_sub,5,12
2026-07-19,modern-last-chance-2026-07-1912847713,last-chance,PesE,6,12
2026-07-19,modern-last-chance-2026-07-1912847713,last-chance,duke12,7,12
2026-07-19,modern-last-chance-2026-07-1912847713,last-chance,ziofrancone,8,12
2026-07-19,modern-last-chance-2026-07-1912847713,last-chance,McWinSauce,9,12
2026-07-19,modern-last-chance-2026-07-1912847713,last-chance,E_Kaminuma,10,12
2026-07-19,modern-last-chance-2026-07-1912847713,last-chance,taku123,11,9
2026-07-19,modern-last-chance-2026-07-1912847713,last-chance,Terribad,12,9
2026-07-19,modern-last-chance-2026-07-1912847713,last-chance,Laplasjan,13,9
2026-07-19,modern-last-chance-2026-07-1912847713,last-chance,RNicoF,14,9
2026-07-19,modern-last-chance-2026-07-1912847713,last-chance,MeninooNey,15,9
2026-07-19,modern-last-chance-2026-07-1912847713,last-chance,MegaSwampert,16,9
2026-07-19,modern-last-chance-2026-07-1912847713,last-chance,gurig,17,9
2026-07-19,modern-last-chance-2026-07-1912847713,last-chance,VizosMTG,18,9
2026-07-19,modern-last-chance-2026-07-1912847713,last-chance,digdude13,19,9
2026-07-19,modern-last-chance-2026-07-1912847713,last-chance,_Batutinha_,20,9
2026-07-19,modern-last-chance-2026-07-1912847713,last-chance,narca,21,9
2026-07-19,modern-last-chance-2026-07-1912847713,last-chance,Crovax90,22,9
2026-07-19,modern-last-chance-2026-07-1912847713,last-chance,Aldreen,23,9
2026-07-19,modern-last-chance-2026-07-1912847713,last-chance,Walker735,24,9
2026-07-19,modern-last-chance-2026-07-1912847713,last-chance,416FrowningTable,25,6
2026-07-19,modern-last-chance-2026-07-1912847713,last-chance,lilcreacher,26,6
2026-07-19,modern-last-chance-2026-07-1912847713,last-chance,jade-venus,27,6
2026-07-19,modern-last-chance-2026-07-1912847713,last-chance,Univerce,28,6
2026-07-19,modern-last-chance-2026-07-1912847713,last-chance,komattaman,29,6
2026-07-19,modern-last-chance-2026-07-1912847713,last-chance,brabes239,30,6
2026-07-19,modern-last-chance-2026-07-1912847713,last-chance,GothMuse,31,6
2026-07-19,modern-last-chance-2026-07-1912847713,last-chance,mwatts10,32,6
2026-07-19,modern-league-2026-07-1910847,league,-Grissom-,,
2026-07-19,modern-league-2026-07-1910847,league,Abbygale,,
2026-07-19,modern-league-2026-07-1910847,league,Amendoim,,
2026-07-19,modern-league-2026-07-1910847,league,Apocalypso,,
2026-07-19,modern-league-2026-07-1910847,league,AvianScrolls,,
2026-07-19,modern-league-2026-07-1910847,league,AzureMoon,,
2026-07-19,modern-league-2026-07-1910847,league,Blade400,,
2026-07-19,modern-league-2026-07-1910847,league,Boce,,
2026-07-19,modern-league-2026-07-1910847,league,CasualSpelunker,,
2026-07-19,modern-league-2026-07-1910847,league,CesarMerjan,,
2026-07-19,modern-league-2026-07-1910847,league,Craigpuncher,,
2026-07-19,modern-league-2026-07-1910847,league,Damix89,,
2026-07-19,modern-league-2026-07-1910847,league,DerpityDerpz,,
2026-07-19,modern-league-2026-07-1910847,league,Evariel,,
2026-07-19,modern-league-2026-07-1910847,league,Festo,,
2026-07-19,modern-league-2026-07-1910847,league,GanYanCHN,,
2026-07-19,modern-league-2026-07-1910847,league,GanYanCHN,,
2026-07-19,modern-league-2026-07-1910847,league,GingerGuy83,,
2026-07-19,modern-league-2026-07-1910847,league,GrandpaBiceps,,
2026-07-19,modern-league-2026-07-1910847,league,GuildMasterboros7,,
2026-07-19,modern-league-2026-07-1910847,league,Jack_Fall,,
2026-07-19,modern-league-2026-07-1910847,league,John_Marek,,
2026-07-19,modern-league-2026-07-1910847,league,Jrcitizen,,
2026-07-19,modern-league-2026-07-1910847,league,Kidius,,
2026-07-19,modern-league-2026-07-1910847,league,Kzrds,,
2026-07-19,modern-league-2026-07-1910847,league,MeleeQC,,
2026-07-19,modern-league-2026-07-1910847,league,Misplacedginger,,
2026-07-19,modern-league-2026-07-1910847,league,MohammedbinSalman,,
2026-07-19,modern-league-2026-07-1910847,league,NeoKipper,,
2026-07-19,modern-league-2026-07-1910847,league,Nicopanico,,
2026-07-19,modern-league-2026-07-1910847,league,Niko237,,
2026-07-19,modern-league-2026-07-1910847,league,NotATurtle,,
2026-07-19,modern-league-2026-07-1910847,league,Odin2015,,
2026-07-19,modern-league-2026-07-1910847,league,SgtDawknight,,
2026-07-19,modern-league-2026-07-1910847,league,SkyThZ,,
2026-07-19,modern-league-2026-07-1910847,league,Slyvester3,,
2026-07-19,modern-league-2026-07-1910847,league,SnackyTreehorn,,
2026-07-19,modern-league-2026-07-1910847,league,Strix52,,
2026-07-19,modern-league-2026-07-1910847,league,TSMJustice,,
2026-07-19,modern-league-2026-07-1910847,league,Thraggrotusk,,
2026-07-19,modern-league-2026-07-1910847,league,Triflic,,
2026-07-19,modern-league-2026-07-1910847,league,Yayoi11,,
2026-07-19,modern-league-2026-07-1910847,league,YuroP,,
2026-07-19,modern-league-2026-07-1910847,league,_Blaze777_,,
2026-07-19,modern-league-2026-07-1910847,league,aarrgh,,
2026-07-19,modern-league-2026-07-1910847,league,chase00111,,
2026-07-19,modern-league-2026-07-1910847,league,darikun,,
2026-07-19,modern-league-2026-07-1910847,league,flamyblade,,
2026-07-19,modern-league-2026-07-1910847,league,hexagon_Sun,,
2026-07-19,modern-league-2026-07-1910847,league,kytk321,,
2026-07-19,modern-league-2026-07-1910847,league,lyz050915,,
2026-07-19,modern-league-2026-07-1910847,league,mattybakes,,
2026-07-19,modern-league-2026-07-1910847,league,oskiyaa,,
2026-07-19,modern-league-2026-07-1910847,league,reidq7,,
2026-07-19,modern-league-2026-07-1910847,league,runbad,,
2026-07-19,modern-league-2026-07-1910847,league,rundas121,,
2026-07-19,modern-league-2026-07-1910847,league,sekizou,,
2026-07-19,modern-league-2026-07-1910847,league,sfitz,,
2026-07-19,modern-league-2026-07-1910847,league,smounar1,,
2026-07-19,modern-league-2026-07-1910847,league,touto_Isle,,
2026-07-19,modern-league-2026-07-1910847,league,xXEvers,,
2026-07-19,modern-league-2026-07-1910847,league,yogaliberal,,
2026-07-19,modern-league-2026-07-1910847,league,zuyan3323,,
2026-07-19,modern-rc-super-qualifier-2026-07-1912847670,rc-super-qualifier,felider,1,24
2026-07-19,modern-rc-super-qualifier-2026-07-1912847670,rc-super-qualifier,Sven745,2,24
2026-07-19,modern-rc-super-qualifier-2026-07-1912847670,rc-super-qualifier,lgqueiroz3,3,24
2026-07-19,modern-rc-super-qualifier-2026-07-1912847670,rc-super-qualifier,Curtisaxel,4,21
2026-07-19,modern-rc-super-qualifier-2026-07-1912847670,rc-super-qualifier,VampireDiaries,5,24
2026-07-19,modern-rc-super-qualifier-2026-07-1912847670,rc-super-qualifier,vento1223,6,24
2026-07-19,modern-rc-super-qualifier-2026-07-1912847670,rc-super-qualifier,Pigprob,7,24
2026-07-19,modern-rc-super-qualifier-2026-07-1912847670,rc-super-qualifier,PJKP,8,24
2026-07-19,modern-rc-super-qualifier-2026-07-1912847670,rc-super-qualifier,Bryzem1,9,21
2026-07-19,modern-rc-super-qualifier-2026-07-1912847670,rc-super-qualifier,DFrank,10,21
2026-07-19,modern-rc-super-qualifier-2026-07-1912847670,rc-super-qualifier,hugofreitas1,11,21
2026-07-19,modern-rc-super-qualifier-2026-07-1912847670,rc-super-qualifier,kattsu,12,21
2026-07-19,modern-rc-super-qualifier-2026-07-1912847670,rc-super-qualifier,albybale93,13,21
2026-07-19,modern-rc-super-qualifier-2026-07-1912847670,rc-super-qualifier,Manuel_Danninger,14,21
2026-07-19,modern-rc-super-qualifier-2026-07-1912847670,rc-super-qualifier,Rexplosion,15,21
2026-07-19,modern-rc-super-qualifier-2026-07-1912847670,rc-super-qualifier,littlebinboy,16,21
2026-07-19,modern-rc-super-qualifier-2026-07-1912847670,rc-super-qualifier,duke12,17,21
2026-07-19,modern-rc-super-qualifier-2026-07-1912847670,rc-super-qualifier,bananadisaster,18,21
2026-07-19,modern-rc-super-qualifier-2026-07-1912847670,rc-super-qualifier,Ouranos139,19,21
2026-07-19,modern-rc-super-qualifier-2026-07-1912847670,rc-super-qualifier,truestory,20,21
2026-07-19,modern-rc-super-qualifier-2026-07-1912847670,rc-super-qualifier,Sawter,21,21
2026-07-19,modern-rc-super-qualifier-2026-07-1912847670,rc-super-qualifier,Uagli1,22,21
2026-07-19,modern-rc-super-qualifier-2026-07-1912847670,rc-super-qualifier,jps_17,23,21
2026-07-19,modern-rc-super-qualifier-2026-07-1912847670,rc-super-qualifier,daibloXSC,24,21
2026-07-19,modern-rc-super-qualifier-2026-07-1912847670,rc-super-qualifier,mikeleee,25,21
2026-07-19,modern-rc-super-qualifier-2026-07-1912847670,rc-super-qualifier,nightwitch,26,21
2026-07-19,modern-rc-super-qualifier-2026-07-1912847670,rc-super-qualifier,BrPestana,27,21
2026-07-19,modern-rc-super-qualifier-2026-07-1912847670,rc-super-qualifier,shigure1020,28,21
2026-07-19,modern-rc-super-qualifier-2026-07-1912847670,rc-super-qualifier,Takemikazuchi,29,21
2026-07-19,modern-rc-super-qualifier-2026-07-1912847670,rc-super-qualifier,soggymeatball,30,18
2026-07-19,modern-rc-super-qualifier-2026-07-1912847670,rc-super-qualifier,sultai4lyfe,31,18
2026-07-19,modern-rc-super-qualifier-2026-07-1912847670,rc-super-qualifier,Koala40,32,18
2026-07-20,modern-challenge-64-2026-07-2012847717,challenge-64,percussion_mike,1,21
2026-07-20,modern-challenge-64-2026-07-2012847717,challenge-64,Calambity,2,15
2026-07-20,modern-challenge-64-2026-07-2012847717,challenge-64,sultai4lyfe,3,18
2026-07-20,modern-challenge-64-2026-07-2012847717,challenge-64,ejk,4,15
2026-07-20,modern-challenge-64-2026-07-2012847717,challenge-64,Scorpion100,5,18
2026-07-20,modern-challenge-64-2026-07-2012847717,challenge-64,Stealthmagician,6,18
2026-07-20,modern-challenge-64-2026-07-2012847717,challenge-64,azpharot,7,15
2026-07-20,modern-challenge-64-2026-07-2012847717,challenge-64,MTGeeGee,8,15
2026-07-20,modern-challenge-64-2026-07-2012847717,challenge-64,xerioc,9,15
2026-07-20,modern-challenge-64-2026-07-2012847717,challenge-64,JDunny4,10,15
2026-07-20,modern-challenge-64-2026-07-2012847717,challenge-64,Dioferreira,11,15
2026-07-20,modern-challenge-64-2026-07-2012847717,challenge-64,MystikHawk,12,15
2026-07-20,modern-challenge-64-2026-07-2012847717,challenge-64,niuwaid001,13,15
2026-07-20,modern-challenge-64-2026-07-2012847717,challenge-64,wft,14,15
2026-07-20,modern-challenge-64-2026-07-2012847717,challenge-64,Dlihchtarw,15,15
2026-07-20,modern-challenge-64-2026-07-2012847717,challenge-64,touto_Isle,16,12
2026-07-20,modern-challenge-64-2026-07-2012847717,challenge-64,andersoneclair,17,12
2026-07-20,modern-challenge-64-2026-07-2012847717,challenge-64,lgqueiroz3,18,12
2026-07-20,modern-challenge-64-2026-07-2012847717,challenge-64,derlumberzack,19,12
2026-07-20,modern-challenge-64-2026-07-2012847717,challenge-64,JonDaBill,20,12
2026-07-20,modern-challenge-64-2026-07-2012847717,challenge-64,TRON_Bahiano,21,12
2026-07-20,modern-challenge-64-2026-07-2012847717,challenge-64,ador,22,12
2026-07-20,modern-challenge-64-2026-07-2012847717,challenge-64,Hongfu_Eureka,23,12
2026-07-20,modern-challenge-64-2026-07-2012847717,challenge-64,Tinker_deck,24,12
2026-07-20,modern-challenge-64-2026-07-2012847717,challenge-64,lilcreacher,25,12
2026-07-20,modern-challenge-64-2026-07-2012847717,challenge-64,Fransadness,26,12
2026-07-20,modern-challenge-64-2026-07-2012847717,challenge-64,jussupinator,27,12
2026-07-20,modern-challenge-64-2026-07-2012847717,challenge-64,amin0e,28,12
2026-07-20,modern-challenge-64-2026-07-2012847717,challenge-64,RandomOctopus,29,12
2026-07-20,modern-challenge-64-2026-07-2012847717,challenge-64,Smang,30,9
2026-07-20,modern-challenge-64-2026-07-2012847717,challenge-64,arturcosta,31,9
2026-07-20,modern-challenge-64-2026-07-2012847717,challenge-64,Lightspirit,32,9
2026-07-20,modern-challenge-96-2026-07-2012847721,challenge-96,Selfeisek,1,18
2026-07-20,modern-challenge-96-2026-07-2012847721,challenge-96,4FunNoWin,2,18
2026-07-20,modern-challenge-96-2026-07-2012847721,challenge-96,JakeTMS,3,21
2026-07-20,modern-challenge-96-2026-07-2012847721,challenge-96,MisterTwin,4,18
2026-07-20,modern-challenge-96-2026-07-2012847721,challenge-96,Sven745,5,18
2026-07-20,modern-challenge-96-2026-07-2012847721,challenge-96,aspiringspike,6,18
2026-07-20,modern-challenge-96-2026-07-2012847721,challenge-96,Bawer,7,15
2026-07-20,modern-challenge-96-2026-07-2012847721,challenge-96,Calambity,8,15
2026-07-20,modern-challenge-96-2026-07-2012847721,challenge-96,_Falcon_,9,15
2026-07-20,modern-challenge-96-2026-07-2012847721,challenge-96,Chillbais,10,15
2026-07-20,modern-challenge-96-2026-07-2012847721,challenge-96,Capitano_CL,11,15
2026-07-20,modern-challenge-96-2026-07-2012847721,challenge-96,broers_,12,15
2026-07-20,modern-challenge-96-2026-07-2012847721,challenge-96,justFeather,13,15
2026-07-20,modern-challenge-96-2026-07-2012847721,challenge-96,cftsoc3,14,15
2026-07-20,modern-challenge-96-2026-07-2012847721,challenge-96,RezerDeDog,15,15
2026-07-20,modern-challenge-96-2026-07-2012847721,challenge-96,Tree42o,16,15
2026-07-20,modern-challenge-96-2026-07-2012847721,challenge-96,toondoslav,17,15
2026-07-20,modern-challenge-96-2026-07-2012847721,challenge-96,Spellyp,18,15
2026-07-20,modern-challenge-96-2026-07-2012847721,challenge-96,Thunus,19,15
2026-07-20,modern-challenge-96-2026-07-2012847721,challenge-96,DelverOfBolts,20,15
2026-07-20,modern-challenge-96-2026-07-2012847721,challenge-96,CursedOcean,21,12
2026-07-20,modern-challenge-96-2026-07-2012847721,challenge-96,bellfy,22,12
2026-07-20,modern-challenge-96-2026-07-2012847721,challenge-96,LuckyMagic0wl,23,12
2026-07-20,modern-challenge-96-2026-07-2012847721,challenge-96,aarrgh,24,12
2026-07-20,modern-challenge-96-2026-07-2012847721,challenge-96,CliffBoyardee,25,12
2026-07-20,modern-challenge-96-2026-07-2012847721,challenge-96,ls149950,26,12
2026-07-20,modern-challenge-96-2026-07-2012847721,challenge-96,Vyncint_Blankenship,27,12
2026-07-20,modern-challenge-96-2026-07-2012847721,challenge-96,ShikiXYZ,28,12
2026-07-20,modern-challenge-96-2026-07-2012847721,challenge-96,Fransadness,29,12
2026-07-20,modern-challenge-96-2026-07-2012847721,challenge-96,DFrank,30,12
2026-07-20,modern-challenge-96-2026-07-2012847721,challenge-96,nightwitch,31,12
2026-07-20,modern-challenge-96-2026-07-2012847721,challenge-96,ejk,32,12
2026-07-20,modern-last-chance-2026-07-2012847719,last-chance,kePs,1,15
2026-07-20,modern-last-chance-2026-07-2012847719,last-chance,lilianna1989,2,15
2026-07-20,modern-last-chance-2026-07-2012847719,last-chance,Univerce,3,12
2026-07-20,modern-last-chance-2026-07-2012847719,last-chance,FranBenitez91,4,12
2026-07-20,modern-last-chance-2026-07-2012847719,last-chance,maear,5,12
2026-07-20,modern-last-chance-2026-07-2012847719,last-chance,Odin2015,6,12
2026-07-20,modern-last-chance-2026-07-2012847719,last-chance,McWinSauce,7,9
2026-07-20,modern-last-chance-2026-07-2012847719,last-chance,EthanBird,8,9
2026-07-20,modern-last-chance-2026-07-2012847719,last-chance,elBB,9,9
2026-07-20,modern-last-chance-2026-07-2012847719,last-chance,TRON_Bahiano,10,9
2026-07-20,modern-last-chance-2026-07-2012847719,last-chance,kthanakit26,11,9
2026-07-20,modern-last-chance-2026-07-2012847719,last-chance,reidq7,12,9
2026-07-20,modern-last-chance-2026-07-2012847719,last-chance,komattaman,13,6
2026-07-20,modern-last-chance-2026-07-2012847719,last-chance,nedyahiske,14,6
2026-07-20,modern-last-chance-2026-07-2012847719,last-chance,Tinker_deck,15,6
2026-07-20,modern-last-chance-2026-07-2012847719,last-chance,Czechito,16,6
2026-07-20,modern-last-chance-2026-07-2012847719,last-chance,Tetsubou,17,6
2026-07-20,modern-last-chance-2026-07-2012847719,last-chance,gyyby297,18,3
2026-07-20,modern-last-chance-2026-07-2012847719,last-chance,E_Kaminuma,19,3
2026-07-20,modern-last-chance-2026-07-2012847719,last-chance,hugeowl,20,3
2026-07-20,modern-last-chance-2026-07-2012847719,last-chance,416FrowningTable,21,3
2026-07-20,modern-last-chance-2026-07-2012847719,last-chance,Juintatz,22,3
2026-07-20,modern-last-chance-2026-07-2012847719,last-chance,Epreez,23,3
2026-07-20,modern-last-chance-2026-07-2012847719,last-chance,Boin,24,3
2026-07-20,modern-last-chance-2026-07-2012847719,last-chance,Kollslaw,25,3
2026-07-20,modern-last-chance-2026-07-2012847719,last-chance,toondoslav,26,3
2026-07-20,modern-last-chance-2026-07-2012847719,last-chance,Suechtler,27,0
2026-07-20,modern-last-chance-2026-07-2012847719,last-chance,_Babbuja_,28,0
2026-07-20,modern-last-chance-2026-07-2012847719,last-chance,JPA93,29,0
2026-07-20,modern-last-chance-2026-07-2012847719,last-chance,Lightspirit,30,0
2026-07-20,modern-last-chance-2026-07-2012847719,last-chance,Dreddybajs,31,0
2026-07-20,modern-last-chance-2026-07-2012847719,last-chance,Rvng,32,0
2026-07-20,modern-last-chance-2026-07-2012847727,last-chance,moreno13,1,15
2026-07-20,modern-last-chance-2026-07-2012847727,last-chance,kanister,2,15
2026-07-20,modern-last-chance-2026-07-2012847727,last-chance,CliffBoyardee,3,15
2026-07-20,modern-last-chance-2026-07-2012847727,last-chance,kthanakit26,4,12
2026-07-20,modern-last-chance-2026-07-2012847727,last-chance,JPA93,5,12
2026-07-20,modern-last-chance-2026-07-2012847727,last-chance,Univerce,6,12
2026-07-20,modern-last-chance-2026-07-2012847727,last-chance,sicsmoo,7,12
2026-07-20,modern-last-chance-2026-07-2012847727,last-chance,bennybo,8,12
2026-07-20,modern-last-chance-2026-07-2012847727,last-chance,VitorCarvalho01,9,12
2026-07-20,modern-last-chance-2026-07-2012847727,last-chance,duke12,10,12
2026-07-20,modern-last-chance-2026-07-2012847727,last-chance,YoungElf,11,12
2026-07-20,modern-last-chance-2026-07-2012847727,last-chance,Chichichi,12,12
2026-07-20,modern-last-chance-2026-07-2012847727,last-chance,phillydrew215,13,12
2026-07-20,modern-last-chance-2026-07-2012847727,last-chance,FranBenitez91,14,12
2026-07-20,modern-last-chance-2026-07-2012847727,last-chance,Terribad,15,12
2026-07-20,modern-last-chance-2026-07-2012847727,last-chance,derlumberzack,16,9
2026-07-20,modern-last-chance-2026-07-2012847727,last-chance,einstein9998,17,9
2026-07-20,modern-last-chance-2026-07-2012847727,last-chance,Kako_Ferrer,18,9
2026-07-20,modern-last-chance-2026-07-2012847727,last-chance,komattaman,19,9
2026-07-20,modern-last-chance-2026-07-2012847727,last-chance,digdude13,20,9
2026-07-20,modern-last-chance-2026-07-2012847727,last-chance,eclipse4343,21,9
2026-07-20,modern-last-chance-2026-07-2012847727,last-chance,ShadowTitan1,22,9
2026-07-20,modern-last-chance-2026-07-2012847727,last-chance,JustCallMeJick,23,9
2026-07-20,modern-last-chance-2026-07-2012847727,last-chance,NJ5030,24,9
2026-07-20,modern-last-chance-2026-07-2012847727,last-chance,Giox96,25,9
2026-07-20,modern-last-chance-2026-07-2012847727,last-chance,weluckyfew,26,9
2026-07-20,modern-last-chance-2026-07-2012847727,last-chance,Calambity,27,9
2026-07-20,modern-last-chance-2026-07-2012847727,last-chance,Rivrat2007,28,9
2026-07-20,modern-last-chance-2026-07-2012847727,last-chance,Nblearchange1,29,9
2026-07-20,modern-last-chance-2026-07-2012847727,last-chance,Jack_Fall,30,9
2026-07-20,modern-last-chance-2026-07-2012847727,last-chance,woopdeloop,31,9
2026-07-20,modern-last-chance-2026-07-2012847727,last-chance,Dr. Jon Osterman,32,6
2026-07-20,modern-league-2026-07-2010847,league,BressD1,,
2026-07-20,modern-league-2026-07-2010847,league,Brunes,,
2026-07-20,modern-league-2026-07-2010847,league,Buccierone,,
2026-07-20,modern-league-2026-07-2010847,league,Diub,,
2026-07-20,modern-league-2026-07-2010847,league,DobleP,,
2026-07-20,modern-league-2026-07-2010847,league,EthanBird,,
2026-07-20,modern-league-2026-07-2010847,league,FarFromMythic,,
2026-07-20,modern-league-2026-07-2010847,league,GR_DONKIN,,
2026-07-20,modern-league-2026-07-2010847,league,GazzMTG,,
2026-07-20,modern-league-2026-07-2010847,league,GothMuse,,
2026-07-20,modern-league-2026-07-2010847,league,HealthyEgo,,
2026-07-20,modern-league-2026-07-2010847,league,Hypsh,,
2026-07-20,modern-league-2026-07-2010847,league,ItsPaydayYo,,
2026-07-20,modern-league-2026-07-2010847,league,Jokersrwild,,
2026-07-20,modern-league-2026-07-2010847,league,JuanmaAT,,
2026-07-20,modern-league-2026-07-2010847,league,K-ZER,,
2026-07-20,modern-league-2026-07-2010847,league,MHayashi,,
2026-07-20,modern-league-2026-07-2010847,league,Manuel_Danninger,,
2026-07-20,modern-league-2026-07-2010847,league,N1klas,,
2026-07-20,modern-league-2026-07-2010847,league,Nagato_Boran,,
2026-07-20,modern-league-2026-07-2010847,league,NuclearAdam,,
2026-07-20,modern-league-2026-07-2010847,league,Olars18,,
2026-07-20,modern-league-2026-07-2010847,league,RandomGameActions,,
2026-07-20,modern-league-2026-07-2010847,league,Smigui,,
2026-07-20,modern-league-2026-07-2010847,league,Spezzagatti23,,
2026-07-20,modern-league-2026-07-2010847,league,Strix52,,
2026-07-20,modern-league-2026-07-2010847,league,TSMJustice,,
2026-07-20,modern-league-2026-07-2010847,league,Tengo_,,
2026-07-20,modern-league-2026-07-2010847,league,The french goblin,,
2026-07-20,modern-league-2026-07-2010847,league,Tigas,,
2026-07-20,modern-league-2026-07-2010847,league,Tirifolix92,,
2026-07-20,modern-league-2026-07-2010847,league,Titut,,
2026-07-20,modern-league-2026-07-2010847,league,WecKDecK,,
2026-07-20,modern-league-2026-07-2010847,league,WorstShuffler,,
2026-07-20,modern-league-2026-07-2010847,league,ZackG,,
2026-07-20,modern-league-2026-07-2010847,league,Zorro7x4,,
2026-07-20,modern-league-2026-07-2010847,league,Zurrior,,
2026-07-20,modern-league-2026-07-2010847,league,badthemost,,
2026-07-20,modern-league-2026-07-2010847,league,bokk,,
2026-07-20,modern-league-2026-07-2010847,league,darikun,,
2026-07-20,modern-league-2026-07-2010847,league,el_gk,,
2026-07-20,modern-league-2026-07-2010847,league,ganache1127,,
2026-07-20,modern-league-2026-07-2010847,league,ginp,,
2026-07-20,modern-league-2026-07-2010847,league,inf1nitus,,
2026-07-20,modern-league-2026-07-2010847,league,j_money10,,
2026-07-20,modern-league-2026-07-2010847,league,jeffleeph28,,
2026-07-20,modern-league-2026-07-2010847,league,jontih,,
2026-07-20,modern-league-2026-07-2010847,league,kePs,,
2026-07-20,modern-league-2026-07-2010847,league,littlebinboy,,
2026-07-20,modern-league-2026-07-2010847,league,ls149950,,
2026-07-20,modern-league-2026-07-2010847,league,nRAnyOne,,
2026-07-20,modern-league-2026-07-2010847,league,nebman227,,
2026-07-20,modern-league-2026-07-2010847,league,pedronavaja,,
2026-07-20,modern-league-2026-07-2010847,league,pius23,,
2026-07-20,modern-league-2026-07-2010847,league,rameison,,
2026-07-20,modern-league-2026-07-2010847,league,vegasonee,,
2026-07-21,modern-challenge-64-2026-07-2112847736,challenge-64,JustAnotherGuy83,1,21
2026-07-21,modern-challenge-64-2026-07-2112847736,challenge-64,jussupinator,2,18
2026-07-21,modern-challenge-64-2026-07-2112847736,challenge-64,yriel,3,18
2026-07-21,modern-challenge-64-2026-07-2112847736,challenge-64,hugofreitas1,4,15
2026-07-21,modern-challenge-64-2026-07-2112847736,challenge-64,Jagger002,5,18
2026-07-21,modern-challenge-64-2026-07-2112847736,challenge-64,Cachorrowo,6,15
2026-07-21,modern-challenge-64-2026-07-2112847736,challenge-64,WaffleWiz,7,15
2026-07-21,modern-challenge-64-2026-07-2112847736,challenge-64,Slyvester3,8,15
2026-07-21,modern-challenge-64-2026-07-2112847736,challenge-64,soggymeatball,9,15
2026-07-21,modern-challenge-64-2026-07-2112847736,challenge-64,VizosMTG,10,15
2026-07-21,modern-challenge-64-2026-07-2112847736,challenge-64,XxquestionablyawesomexX,11,15
2026-07-21,modern-challenge-64-2026-07-2112847736,challenge-64,Moe12,12,15
2026-07-21,modern-challenge-64-2026-07-2112847736,challenge-64,klien7,13,15
2026-07-21,modern-challenge-64-2026-07-2112847736,challenge-64,krixtijan,14,15
2026-07-21,modern-challenge-64-2026-07-2112847736,challenge-64,cormano,15,15
2026-07-21,modern-challenge-64-2026-07-2112847736,challenge-64,AvianScrolls,16,15
2026-07-21,modern-challenge-64-2026-07-2112847736,challenge-64,pedronavaja,17,12
2026-07-21,modern-challenge-64-2026-07-2112847736,challenge-64,xl_snapcaster,18,12
2026-07-21,modern-challenge-64-2026-07-2112847736,challenge-64,DemianDesposito10,19,12
2026-07-21,modern-challenge-64-2026-07-2112847736,challenge-64,SolteiOManete,20,12
2026-07-21,modern-challenge-64-2026-07-2112847736,challenge-64,Tinker_deck,21,12
2026-07-21,modern-challenge-64-2026-07-2112847736,challenge-64,MeninoNey,22,12
2026-07-21,modern-challenge-64-2026-07-2112847736,challenge-64,thatguy_champ,23,12
2026-07-21,modern-challenge-64-2026-07-2112847736,challenge-64,Samcaster-Mage,24,12
2026-07-21,modern-challenge-64-2026-07-2112847736,challenge-64,ipadkid,25,12
2026-07-21,modern-challenge-64-2026-07-2112847736,challenge-64,_Batutinha_,26,12
2026-07-21,modern-challenge-64-2026-07-2112847736,challenge-64,YoungElf,27,12
2026-07-21,modern-challenge-64-2026-07-2112847736,challenge-64,RandomOctopus,28,12
2026-07-21,modern-challenge-64-2026-07-2112847736,challenge-64,VictorEsquici,29,12
2026-07-21,modern-challenge-64-2026-07-2112847736,challenge-64,Bawer,30,12
2026-07-21,modern-challenge-64-2026-07-2112847736,challenge-64,kentaro_hokori,31,12
2026-07-21,modern-challenge-64-2026-07-2112847736,challenge-64,4FunNoWin,32,12
2026-07-21,modern-last-chance-2026-07-2112847732,last-chance,BaronOfBacon,1,15
2026-07-21,modern-last-chance-2026-07-2112847732,last-chance,hugeowl,2,15
2026-07-21,modern-last-chance-2026-07-2112847732,last-chance,KelMasterP,3,15
2026-07-21,modern-last-chance-2026-07-2112847732,last-chance,shenyang45,4,15
2026-07-21,modern-last-chance-2026-07-2112847732,last-chance,KillerWhale01,5,12
2026-07-21,modern-last-chance-2026-07-2112847732,last-chance,Lord_of_The_Wastes,6,12
2026-07-21,modern-last-chance-2026-07-2112847732,last-chance,JuanmaAT,7,12
2026-07-21,modern-last-chance-2026-07-2112847732,last-chance,lunaloveee,8,12
2026-07-21,modern-last-chance-2026-07-2112847732,last-chance,Mapletreefrog,9,12
2026-07-21,modern-last-chance-2026-07-2112847732,last-chance,Rvng,10,12
2026-07-21,modern-last-chance-2026-07-2112847732,last-chance,IkeanWarlord,11,12
2026-07-21,modern-last-chance-2026-07-2112847732,last-chance,RoccoCocco,12,12
2026-07-21,modern-last-chance-2026-07-2112847732,last-chance,Terribad,13,12
2026-07-21,modern-last-chance-2026-07-2112847732,last-chance,TheRightStuff,14,12
2026-07-21,modern-last-chance-2026-07-2112847732,last-chance,Nowayh,15,12
2026-07-21,modern-last-chance-2026-07-2112847732,last-chance,MegaSwampert,16,12
2026-07-21,modern-last-chance-2026-07-2112847732,last-chance,Gnurant,17,12
2026-07-21,modern-last-chance-2026-07-2112847732,last-chance,Capriccioso,18,9
2026-07-21,modern-last-chance-2026-07-2112847732,last-chance,justFeather,19,9
2026-07-21,modern-last-chance-2026-07-2112847732,last-chance,chanel-santini,20,9
2026-07-21,modern-last-chance-2026-07-2112847732,last-chance,MaeMtg,21,9
2026-07-21,modern-last-chance-2026-07-2112847732,last-chance,_Tia93_,22,9
2026-07-21,modern-last-chance-2026-07-2112847732,last-chance,bunnyfat,23,9
2026-07-21,modern-last-chance-2026-07-2112847732,last-chance,pius23,24,9
2026-07-21,modern-last-chance-2026-07-2112847732,last-chance,Xerk,25,9
2026-07-21,modern-last-chance-2026-07-2112847732,last-chance,levunga21,26,9
2026-07-21,modern-last-chance-2026-07-2112847732,last-chance,Polikasoll,27,9
2026-07-21,modern-last-chance-2026-07-2112847732,last-chance,Aldreen,28,9
2026-07-21,modern-last-chance-2026-07-2112847732,last-chance,MagicDevil666,29,9
2026-07-21,modern-last-chance-2026-07-2112847732,last-chance,klien7,30,9
2026-07-21,modern-last-chance-2026-07-2112847732,last-chance,yunyu1234,31,9
2026-07-21,modern-last-chance-2026-07-2112847732,last-chance,liuyuchen,32,9
2026-07-21,modern-league-2026-07-2110847,league,169Markus,,
2026-07-21,modern-league-2026-07-2110847,league,4FunNoWin,,
2026-07-21,modern-league-2026-07-2110847,league,Ambrose00,,
2026-07-21,modern-league-2026-07-2110847,league,Andrea_Paglialunga,,
2026-07-21,modern-league-2026-07-2110847,league,Avignon,,
2026-07-21,modern-league-2026-07-2110847,league,Ciraris,,
2026-07-21,modern-league-2026-07-2110847,league,DB_Mengu,,
2026-07-21,modern-league-2026-07-2110847,league,DeathShadow22,,
2026-07-21,modern-league-2026-07-2110847,league,DonEnrique,,
2026-07-21,modern-league-2026-07-2110847,league,Eason271,,
2026-07-21,modern-league-2026-07-2110847,league,EthanBird,,
2026-07-21,modern-league-2026-07-2110847,league,FranBenitez91,,
2026-07-21,modern-league-2026-07-2110847,league,Giltspire,,
2026-07-21,modern-league-2026-07-2110847,league,Hypsh,,
2026-07-21,modern-league-2026-07-2110847,league,InhaleSpliff,,
2026-07-21,modern-league-2026-07-2110847,league,Ivc,,
2026-07-21,modern-league-2026-07-2110847,league,Joey_Wheeler,,
2026-07-21,modern-league-2026-07-2110847,league,KadettiKersantti,,
2026-07-21,modern-league-2026-07-2110847,league,L1X0,,
2026-07-21,modern-league-2026-07-2110847,league,Ledime1,,
2026-07-21,modern-league-2026-07-2110847,league,LuoAnlan,,
2026-07-21,modern-league-2026-07-2110847,league,Lux_Solis,,
2026-07-21,modern-league-2026-07-2110847,league,Marxelo,,
2026-07-21,modern-league-2026-07-2110847,league,McWinSauce,,
2026-07-21,modern-league-2026-07-2110847,league,Nicopanico,,
2026-07-21,modern-league-2026-07-2110847,league,Niko237,,
2026-07-21,modern-league-2026-07-2110847,league,Opticcole,,
2026-07-21,modern-league-2026-07-2110847,league,PuntThenWhine,,
2026-07-21,modern-league-2026-07-2110847,league,Simunsorx,,
2026-07-21,modern-league-2026-07-2110847,league,That0neKid,,
2026-07-21,modern-league-2026-07-2110847,league,TibbersAU,,
2026-07-21,modern-league-2026-07-2110847,league,UronPeludo27,,
2026-07-21,modern-league-2026-07-2110847,league,XboxGreg,,
2026-07-21,modern-league-2026-07-2110847,league,_epinephrine,,
2026-07-21,modern-league-2026-07-2110847,league,aspiringspike,,
2026-07-21,modern-league-2026-07-2110847,league,azax,,
2026-07-21,modern-league-2026-07-2110847,league,banned-ravager,,
2026-07-21,modern-league-2026-07-2110847,league,bibs,,
2026-07-21,modern-league-2026-07-2110847,league,breedn,,
2026-07-21,modern-league-2026-07-2110847,league,cgouldner,,
2026-07-21,modern-league-2026-07-2110847,league,chachibuoh,,
2026-07-21,modern-league-2026-07-2110847,league,coastae7,,
2026-07-21,modern-league-2026-07-2110847,league,coastae7,,
2026-07-21,modern-league-2026-07-2110847,league,cool_ultimatum,,
2026-07-21,modern-league-2026-07-2110847,league,diaosi39,,
2026-07-21,modern-league-2026-07-2110847,league,el_gk,,
2026-07-21,modern-league-2026-07-2110847,league,eyalos2806,,
2026-07-21,modern-league-2026-07-2110847,league,grenzos,,
2026-07-21,modern-league-2026-07-2110847,league,hexagon_Sun,,
2026-07-21,modern-league-2026-07-2110847,league,ichi-roku,,
2026-07-21,modern-league-2026-07-2110847,league,ipakers,,
2026-07-21,modern-league-2026-07-2110847,league,jontih,,
2026-07-21,modern-league-2026-07-2110847,league,kyuby899,,
2026-07-21,modern-league-2026-07-2110847,league,moreno13,,
2026-07-21,modern-league-2026-07-2110847,league,ratabruta,,
2026-07-21,modern-league-2026-07-2110847,league,shown117,,
2026-07-21,modern-league-2026-07-2110847,league,therock988,,
2026-07-21,modern-league-2026-07-2110847,league,toyoshi1102,,
2026-07-21,modern-league-2026-07-2110847,league,yuhewang,,
2026-07-21,modern-league-2026-07-2110847,league,yunk3r,,
2026-07-21,modern-league-2026-07-2110847,league,zturchan,,
2026-07-22,modern-challenge-32-2026-07-2212847739,challenge-32,Kritik,1,18
2026-07-22,modern-challenge-32-2026-07-2212847739,challenge-32,Darkchrome6538,2,18
2026-07-22,modern-challenge-32-2026-07-2212847739,challenge-32,niuwaid001,3,18
2026-07-22,modern-challenge-32-2026-07-2212847739,challenge-32,bananadisaster,4,18
2026-07-22,modern-challenge-32-2026-07-2212847739,challenge-32,justFeather,5,18
2026-07-22,modern-challenge-32-2026-07-2212847739,challenge-32,MohammedbinSalman,6,15
2026-07-22,modern-challenge-32-2026-07-2212847739,challenge-32,renatoaraujo,7,15
2026-07-22,modern-challenge-32-2026-07-2212847739,challenge-32,Aelyck,8,15
2026-07-22,modern-challenge-32-2026-07-2212847739,challenge-32,JohnTag667,9,15
2026-07-22,modern-challenge-32-2026-07-2212847739,challenge-32,MaeMtg,10,15
2026-07-22,modern-challenge-32-2026-07-2212847739,challenge-32,eclipse4343,11,15
2026-07-22,modern-challenge-32-2026-07-2212847739,challenge-32,bhowie,12,15
2026-07-22,modern-challenge-32-2026-07-2212847739,challenge-32,Chichichi,13,15
2026-07-22,modern-challenge-32-2026-07-2212847739,challenge-32,Venom01,14,15
2026-07-22,modern-challenge-32-2026-07-2212847739,challenge-32,GregorV,15,15
2026-07-22,modern-challenge-32-2026-07-2212847739,challenge-32,Sarlanga,16,12
2026-07-22,modern-challenge-32-2026-07-2212847739,challenge-32,lgqueiroz3,17,12
2026-07-22,modern-challenge-32-2026-07-2212847739,challenge-32,Tinker_deck,18,12
2026-07-22,modern-challenge-32-2026-07-2212847739,challenge-32,ejk,19,12
2026-07-22,modern-challenge-32-2026-07-2212847739,challenge-32,MeninoNey,20,12
2026-07-22,modern-challenge-32-2026-07-2212847739,challenge-32,reidq7,21,12
2026-07-22,modern-challenge-32-2026-07-2212847739,challenge-32,Matlucas,22,12
2026-07-22,modern-challenge-32-2026-07-2212847739,challenge-32,I_Cant_Read,23,12
2026-07-22,modern-challenge-32-2026-07-2212847739,challenge-32,ViceroyRubbins,24,12
2026-07-22,modern-challenge-32-2026-07-2212847739,challenge-32,nikkuniku,25,12
2026-07-22,modern-challenge-32-2026-07-2212847739,challenge-32,Odin2015,26,12
2026-07-22,modern-challenge-32-2026-07-2212847739,challenge-32,PaulHauk,27,9
2026-07-22,modern-challenge-32-2026-07-2212847739,challenge-32,kcomedina,28,9
2026-07-22,modern-challenge-32-2026-07-2212847739,challenge-32,thatguy_champ,29,9
2026-07-22,modern-challenge-32-2026-07-2212847739,challenge-32,SlavSlays,30,9
2026-07-22,modern-challenge-32-2026-07-2212847739,challenge-32,ETBJezus,31,9
2026-07-22,modern-challenge-32-2026-07-2212847739,challenge-32,kaikas,32,9
2026-07-22,modern-challenge-96-2026-07-2212848164,challenge-96,Xerk,1,21
2026-07-22,modern-challenge-96-2026-07-2212848164,challenge-96,4FunNoWin,2,18
2026-07-22,modern-challenge-96-2026-07-2212848164,challenge-96,pedronavaja,3,18
2026-07-22,modern-challenge-96-2026-07-2212848164,challenge-96,HuUeBR,4,18
2026-07-22,modern-challenge-96-2026-07-2212848164,challenge-96,justFeather,5,18
2026-07-22,modern-challenge-96-2026-07-2212848164,challenge-96,Andeloth,6,18
2026-07-22,modern-challenge-96-2026-07-2212848164,challenge-96,Thunus,7,18
2026-07-22,modern-challenge-96-2026-07-2212848164,challenge-96,Hongfu_Eureka,8,15
2026-07-22,modern-challenge-96-2026-07-2212848164,challenge-96,FranBenitez91,9,15
2026-07-22,modern-challenge-96-2026-07-2212848164,challenge-96,Odin2015,10,15
2026-07-22,modern-challenge-96-2026-07-2212848164,challenge-96,ShikiXYZ,11,15
2026-07-22,modern-challenge-96-2026-07-2212848164,challenge-96,m4v3n,12,15
2026-07-22,modern-challenge-96-2026-07-2212848164,challenge-96,Evariel,13,15
2026-07-22,modern-challenge-96-2026-07-2212848164,challenge-96,Lightspirit,14,15
2026-07-22,modern-challenge-96-2026-07-2212848164,challenge-96,mikeleee,15,15
2026-07-22,modern-challenge-96-2026-07-2212848164,challenge-96,MisterTwin,16,15
2026-07-22,modern-challenge-96-2026-07-2212848164,challenge-96,chuyingfei,17,15
2026-07-22,modern-challenge-96-2026-07-2212848164,challenge-96,RandomOctopus,18,15
2026-07-22,modern-challenge-96-2026-07-2212848164,challenge-96,bellfy,19,15
2026-07-22,modern-challenge-96-2026-07-2212848164,challenge-96,_Falcon_,20,15
2026-07-22,modern-challenge-96-2026-07-2212848164,challenge-96,Spicychicken420,21,15
2026-07-22,modern-challenge-96-2026-07-2212848164,challenge-96,celobee,22,15
2026-07-22,modern-challenge-96-2026-07-2212848164,challenge-96,hugofreitas1,23,12
2026-07-22,modern-challenge-96-2026-07-2212848164,challenge-96,peter780108,24,12
2026-07-22,modern-challenge-96-2026-07-2212848164,challenge-96,Haiwa,25,12
2026-07-22,modern-challenge-96-2026-07-2212848164,challenge-96,JPA93,26,12
2026-07-22,modern-challenge-96-2026-07-2212848164,challenge-96,leandru,27,12
2026-07-22,modern-challenge-96-2026-07-2212848164,challenge-96,Wouke112,28,12
2026-07-22,modern-challenge-96-2026-07-2212848164,challenge-96,frenzyofexultations,29,12
2026-07-22,modern-challenge-96-2026-07-2212848164,challenge-96,sleightofhand94,30,12
2026-07-22,modern-challenge-96-2026-07-2212848164,challenge-96,Alakai,31,12
2026-07-22,modern-challenge-96-2026-07-2212848164,challenge-96,SeroPhinz,32,12
2026-07-22,modern-league-2026-07-2210847,league,1WizNth,,
2026-07-22,modern-league-2026-07-2210847,league,4FunNoWin,,
2026-07-22,modern-league-2026-07-2210847,league,BeoulveHeart,,
2026-07-22,modern-league-2026-07-2210847,league,Boce,,
2026-07-22,modern-league-2026-07-2210847,league,Giltspire,,
2026-07-22,modern-league-2026-07-2210847,league,GregorV,,
2026-07-22,modern-league-2026-07-2210847,league,HelpfulHobo,,
2026-07-22,modern-league-2026-07-2210847,league,HuUeBR,,
2026-07-22,modern-league-2026-07-2210847,league,Jonii,,
2026-07-22,modern-league-2026-07-2210847,league,Jsbout,,
2026-07-22,modern-league-2026-07-2210847,league,Jselzo,,
2026-07-22,modern-league-2026-07-2210847,league,KapoUzumaki11,,
2026-07-22,modern-league-2026-07-2210847,league,KevinCon,,
2026-07-22,modern-league-2026-07-2210847,league,Luvilon,,
2026-07-22,modern-league-2026-07-2210847,league,LysergiK002,,
2026-07-22,modern-league-2026-07-2210847,league,MagicLair,,
2026-07-22,modern-league-2026-07-2210847,league,Martin_Dominguez,,
2026-07-22,modern-league-2026-07-2210847,league,Mattmatic,,
2026-07-22,modern-league-2026-07-2210847,league,MrCarrot,,
2026-07-22,modern-league-2026-07-2210847,league,NickBolas90,,
2026-07-22,modern-league-2026-07-2210847,league,NicolasP,,
2026-07-22,modern-league-2026-07-2210847,league,Nuserdog,,
2026-07-22,modern-league-2026-07-2210847,league,OZ_Senpai,,
2026-07-22,modern-league-2026-07-2210847,league,Otsego,,
2026-07-22,modern-league-2026-07-2210847,league,PharmD_MTG,,
2026-07-22,modern-league-2026-07-2210847,league,PuntThenWhine,,
2026-07-22,modern-league-2026-07-2210847,league,Redman1034,,
2026-07-22,modern-league-2026-07-2210847,league,Ryb3auflavin,,
2026-07-22,modern-league-2026-07-2210847,league,Serosocram,,
2026-07-22,modern-league-2026-07-2210847,league,ShzockChan,,
2026-07-22,modern-league-2026-07-2210847,league,SpiderSpace,,
2026-07-22,modern-league-2026-07-2210847,league,SvenSveeterSven,,
2026-07-22,modern-league-2026-07-2210847,league,TheDogFather8,,
2026-07-22,modern-league-2026-07-2210847,league,TheMeatMan,,
2026-07-22,modern-league-2026-07-2210847,league,TreebornFrog,,
2026-07-22,modern-league-2026-07-2210847,league,Zanman,,
2026-07-22,modern-league-2026-07-2210847,league,Zlatan1044,,
2026-07-22,modern-league-2026-07-2210847,league,adamherby,,
2026-07-22,modern-league-2026-07-2210847,league,albybale93,,
2026-07-22,modern-league-2026-07-2210847,league,azax,,
2026-07-22,modern-league-2026-07-2210847,league,azax,,
2026-07-22,modern-league-2026-07-2210847,league,claudio0907,,
2026-07-22,modern-league-2026-07-2210847,league,cntrlfreak_ttv,,
2026-07-22,modern-league-2026-07-2210847,league,ctm00,,
2026-07-22,modern-league-2026-07-2210847,league,elvin7,,
2026-07-22,modern-league-2026-07-2210847,league,grenzos,,
2026-07-22,modern-league-2026-07-2210847,league,iSynova,,
2026-07-22,modern-league-2026-07-2210847,league,jakobpablo,,
2026-07-22,modern-league-2026-07-2210847,league,kaikas,,
2026-07-22,modern-league-2026-07-2210847,league,kePs,,
2026-07-22,modern-league-2026-07-2210847,league,kimkimmer,,
2026-07-22,modern-league-2026-07-2210847,league,nRAnyOne,,
2026-07-22,modern-league-2026-07-2210847,league,oolong-chan,,
2026-07-22,modern-league-2026-07-2210847,league,pedrolez1,,
2026-07-22,modern-league-2026-07-2210847,league,renatoaraujo,,
2026-07-22,modern-league-2026-07-2210847,league,surgetemelo,,
2026-07-22,modern-league-2026-07-2210847,league,temur4life,,
2026-07-23,modern-challenge-64-2026-07-2312848173,challenge-64,NuBlkAu,1,18
2026-07-23,modern-challenge-64-2026-07-2312848173,challenge-64,yulinl,2,21
2026-07-23,modern-challenge-64-2026-07-2312848173,challenge-64,moon11,3,18
2026-07-23,modern-challenge-64-2026-07-2312848173,challenge-64,GWT,4,18
2026-07-23,modern-challenge-64-2026-07-2312848173,challenge-64,Tinker_deck,5,18
2026-07-23,modern-challenge-64-2026-07-2312848173,challenge-64,Alico,6,18
2026-07-23,modern-challenge-64-2026-07-2312848173,challenge-64,Polikasoll,7,18
2026-07-23,modern-challenge-64-2026-07-2312848173,challenge-64,Jumba,8,15
2026-07-23,modern-challenge-64-2026-07-2312848173,challenge-64,levunga21,9,15
2026-07-23,modern-challenge-64-2026-07-2312848173,challenge-64,_Batutinha_,10,15
2026-07-23,modern-challenge-64-2026-07-2312848173,challenge-64,Xerk,11,15
2026-07-23,modern-challenge-64-2026-07-2312848173,challenge-64,JJ,12,15
2026-07-23,modern-challenge-64-2026-07-2312848173,challenge-64,Rvng,13,15
2026-07-23,modern-challenge-64-2026-07-2312848173,challenge-64,haoqinglangou,14,15
2026-07-23,modern-challenge-64-2026-07-2312848173,challenge-64,TheKG,15,15
2026-07-23,modern-challenge-64-2026-07-2312848173,challenge-64,TomBombadi1,16,15
2026-07-23,modern-challenge-64-2026-07-2312848173,challenge-64,NickBolas90,17,15
2026-07-23,modern-challenge-64-2026-07-2312848173,challenge-64,toondoslav,18,15
2026-07-23,modern-challenge-64-2026-07-2312848173,challenge-64,Sarlanga,19,15
2026-07-23,modern-challenge-64-2026-07-2312848173,challenge-64,MeninoNey,20,15
2026-07-23,modern-challenge-64-2026-07-2312848173,challenge-64,Aldreen,21,15
2026-07-23,modern-challenge-64-2026-07-2312848173,challenge-64,JuanmaAT,22,12
2026-07-23,modern-challenge-64-2026-07-2312848173,challenge-64,DemianDesposito10,23,12
2026-07-23,modern-challenge-64-2026-07-2312848173,challenge-64,nesple,24,12
2026-07-23,modern-challenge-64-2026-07-2312848173,challenge-64,Edraros3,25,12
2026-07-23,modern-challenge-64-2026-07-2312848173,challenge-64,Pleyboy,26,12
2026-07-23,modern-challenge-64-2026-07-2312848173,challenge-64,SuperCow12653,27,12
2026-07-23,modern-challenge-64-2026-07-2312848173,challenge-64,ShowTime_,28,12
2026-07-23,modern-challenge-64-2026-07-2312848173,challenge-64,Craig_Long123,29,12
2026-07-23,modern-challenge-64-2026-07-2312848173,challenge-64,Vyncint_Blankenship,30,12
2026-07-23,modern-challenge-64-2026-07-2312848173,challenge-64,Deathmaxx,31,12
2026-07-23,modern-challenge-64-2026-07-2312848173,challenge-64,claudioh,32,12
2026-07-23,modern-league-2026-07-2310847,league,AquileX7,,
2026-07-23,modern-league-2026-07-2310847,league,Based,,
2026-07-23,modern-league-2026-07-2310847,league,BienTech,,
2026-07-23,modern-league-2026-07-2310847,league,Bolt_v_Litco,,
2026-07-23,modern-league-2026-07-2310847,league,ChefOW,,
2026-07-23,modern-league-2026-07-2310847,league,Counter_Magic,,
2026-07-23,modern-league-2026-07-2310847,league,DB_33elk,,
2026-07-23,modern-league-2026-07-2310847,league,DB_Rebell,,
2026-07-23,modern-league-2026-07-2310847,league,GrowingPaynes,,
2026-07-23,modern-league-2026-07-2310847,league,Gyzi13,,
2026-07-23,modern-league-2026-07-2310847,league,HDG_BorisE,,
2026-07-23,modern-league-2026-07-2310847,league,Hypsh,,
2026-07-23,modern-league-2026-07-2310847,league,Izzy90,,
2026-07-23,modern-league-2026-07-2310847,league,Kaliakatsos,,
2026-07-23,modern-league-2026-07-2310847,league,Loreington,,
2026-07-23,modern-league-2026-07-2310847,league,MagicMan08,,
2026-07-23,modern-league-2026-07-2310847,league,Mapletreefrog,,
2026-07-23,modern-league-2026-07-2310847,league,Miniman7778,,
2026-07-23,modern-league-2026-07-2310847,league,Mogged,,
2026-07-23,modern-league-2026-07-2310847,league,MrCafouillette,,
2026-07-23,modern-league-2026-07-2310847,league,NJGB1,,
2026-07-23,modern-league-2026-07-2310847,league,NathanOfTheGiltLeaf,,
2026-07-23,modern-league-2026-07-2310847,league,Oceans64,,
2026-07-23,modern-league-2026-07-2310847,league,Odin2015,,
2026-07-23,modern-league-2026-07-2310847,league,Paranzio2104,,
2026-07-23,modern-league-2026-07-2310847,league,RoccoCocco,,
2026-07-23,modern-league-2026-07-2310847,league,Sockdolager,,
2026-07-23,modern-league-2026-07-2310847,league,Sol0monGrundy,,
2026-07-23,modern-league-2026-07-2310847,league,Sunblast_Angel,,
2026-07-23,modern-league-2026-07-2310847,league,TinTin-1989,,
2026-07-23,modern-league-2026-07-2310847,league,TomCairns,,
2026-07-23,modern-league-2026-07-2310847,league,TrueHero,,
2026-07-23,modern-league-2026-07-2310847,league,acelerado440,,
2026-07-23,modern-league-2026-07-2310847,league,aplapp,,
2026-07-23,modern-league-2026-07-2310847,league,avelazquez14,,
2026-07-23,modern-league-2026-07-2310847,league,awesomemaxi1,,
2026-07-23,modern-league-2026-07-2310847,league,bbotonline,,
2026-07-23,modern-league-2026-07-2310847,league,brunnunn,,
2026-07-23,modern-league-2026-07-2310847,league,choccy_milk,,
2026-07-23,modern-league-2026-07-2310847,league,coastae7,,
2026-07-23,modern-league-2026-07-2310847,league,daxerz,,
2026-07-23,modern-league-2026-07-2310847,league,eduardojmp,,
2026-07-23,modern-league-2026-07-2310847,league,estefaninonino,,
2026-07-23,modern-league-2026-07-2310847,league,ho-oh,,
2026-07-23,modern-league-2026-07-2310847,league,kinler,,
2026-07-23,modern-league-2026-07-2310847,league,kspgigabyte,,
2026-07-23,modern-league-2026-07-2310847,league,mahou_54331,,
2026-07-23,modern-league-2026-07-2310847,league,sGiuG,,
2026-07-23,modern-league-2026-07-2310847,league,salad,,
2026-07-23,modern-league-2026-07-2310847,league,salad,,
2026-07-23,modern-league-2026-07-2310847,league,temur4life,,
2026-07-23,modern-league-2026-07-2310847,league,theasiankid,,
2026-07-23,modern-league-2026-07-2310847,league,thodoris17,,
2026-07-23,modern-league-2026-07-2310847,league,toto_2295,,
2026-07-23,modern-league-2026-07-2310847,league,woopdeloop,,
2026-07-23,modern-league-2026-07-2310847,league,xymoito,,
2026-07-23,modern-league-2026-07-2310847,league,zturchan,,
2026-07-24,modern-challenge-64-2026-07-2412848190,challenge-64,Aldreen,1,18
2026-07-24,modern-challenge-64-2026-07-2412848190,challenge-64,May_Chang,2,18
2026-07-24,modern-challenge-64-2026-07-2412848190,challenge-64,mikeleee,3,21
2026-07-24,modern-challenge-64-2026-07-2412848190,challenge-64,Alakai,4,18
2026-07-24,modern-challenge-64-2026-07-2412848190,challenge-64,Jumba,5,18
2026-07-24,modern-challenge-64-2026-07-2412848190,challenge-64,Dioferreira,6,18
2026-07-24,modern-challenge-64-2026-07-2412848190,challenge-64,TheRussianGuy,7,15
2026-07-24,modern-challenge-64-2026-07-2412848190,challenge-64,KingHairy,8,15
2026-07-24,modern-challenge-64-2026-07-2412848190,challenge-64,OafMcNamara,9,15
2026-07-24,modern-challenge-64-2026-07-2412848190,challenge-64,Terribad,10,15
2026-07-24,modern-challenge-64-2026-07-2412848190,challenge-64,DeepDisherino,11,15
2026-07-24,modern-challenge-64-2026-07-2412848190,challenge-64,D00mwake,12,15
2026-07-24,modern-challenge-64-2026-07-2412848190,challenge-64,Kritik,13,15
2026-07-24,modern-challenge-64-2026-07-2412848190,challenge-64,el-pollo-lolo,14,15
2026-07-24,modern-challenge-64-2026-07-2412848190,challenge-64,ShadowTitan1,15,15
2026-07-24,modern-challenge-64-2026-07-2412848190,challenge-64,JPA93,16,15
2026-07-24,modern-challenge-64-2026-07-2412848190,challenge-64,JakeTMS,17,15
2026-07-24,modern-challenge-64-2026-07-2412848190,challenge-64,Omegauo,18,15
2026-07-24,modern-challenge-64-2026-07-2412848190,challenge-64,MaeMtg,19,15
2026-07-24,modern-challenge-64-2026-07-2412848190,challenge-64,Lexus_Rx,20,15
2026-07-24,modern-challenge-64-2026-07-2412848190,challenge-64,howa,21,15
2026-07-24,modern-challenge-64-2026-07-2412848190,challenge-64,DelverFofoqueiro,22,12
2026-07-24,modern-challenge-64-2026-07-2412848190,challenge-64,kaikas,23,12
2026-07-24,modern-challenge-64-2026-07-2412848190,challenge-64,_Chamytinho_,24,12
2026-07-24,modern-challenge-64-2026-07-2412848190,challenge-64,JJ,25,12
2026-07-24,modern-challenge-64-2026-07-2412848190,challenge-64,elfo_98,26,12
2026-07-24,modern-challenge-64-2026-07-2412848190,challenge-64,Dalinar765,27,12
2026-07-24,modern-challenge-64-2026-07-2412848190,challenge-64,Pleyboy,28,12
2026-07-24,modern-challenge-64-2026-07-2412848190,challenge-64,DemianDesposito10,29,12
2026-07-24,modern-challenge-64-2026-07-2412848190,challenge-64,bugzbugs,30,12
2026-07-24,modern-challenge-64-2026-07-2412848190,challenge-64,MikeEgan,31,12
2026-07-24,modern-challenge-64-2026-07-2412848190,challenge-64,SeroPhinz,32,12
2026-07-24,modern-league-2026-07-2410847,league,1ride,,
2026-07-24,modern-league-2026-07-2410847,league,AlbertWhisky,,
2026-07-24,modern-league-2026-07-2410847,league,AngeredPanda,,
2026-07-24,modern-league-2026-07-2410847,league,Badcookie,,
2026-07-24,modern-league-2026-07-2410847,league,Based,,
2026-07-24,modern-league-2026-07-2410847,league,Bloodmoons_Rise,,
2026-07-24,modern-league-2026-07-2410847,league,Bordillo,,
2026-07-24,modern-league-2026-07-2410847,league,BranniganLaw,,
2026-07-24,modern-league-2026-07-2410847,league,CursedOcean,,
2026-07-24,modern-league-2026-07-2410847,league,DB_Mengu,,
2026-07-24,modern-league-2026-07-2410847,league,DaybreakFinks,,
2026-07-24,modern-league-2026-07-2410847,league,Dioferreira,,
2026-07-24,modern-league-2026-07-2410847,league,Dyno-,,
2026-07-24,modern-league-2026-07-2410847,league,Evalinn,,
2026-07-24,modern-league-2026-07-2410847,league,HelpfulHobo,,
2026-07-24,modern-league-2026-07-2410847,league,Ho-ruki,,
2026-07-24,modern-league-2026-07-2410847,league,InhaleSpliff,,
2026-07-24,modern-league-2026-07-2410847,league,Ivan1227,,
2026-07-24,modern-league-2026-07-2410847,league,JakeShoes,,
2026-07-24,modern-league-2026-07-2410847,league,Jsnyder207,,
2026-07-24,modern-league-2026-07-2410847,league,Kizdar,,
2026-07-24,modern-league-2026-07-2410847,league,Loga_rithm,,
2026-07-24,modern-league-2026-07-2410847,league,MHayashi,,
2026-07-24,modern-league-2026-07-2410847,league,MadMaxErnst,,
2026-07-24,modern-league-2026-07-2410847,league,MicMag,,
2026-07-24,modern-league-2026-07-2410847,league,Mogged,,
2026-07-24,modern-league-2026-07-2410847,league,Mogged,,
2026-07-24,modern-league-2026-07-2410847,league,NJGB1,,
2026-07-24,modern-league-2026-07-2410847,league,Otifex,,
2026-07-24,modern-league-2026-07-2410847,league,Polikasoll,,
2026-07-24,modern-league-2026-07-2410847,league,RespectTheCat,,
2026-07-24,modern-league-2026-07-2410847,league,ShowTime_,,
2026-07-24,modern-league-2026-07-2410847,league,Spezzagatti23,,
2026-07-24,modern-league-2026-07-2410847,league,Surg3i,,
2026-07-24,modern-league-2026-07-2410847,league,TheColorOfBoom,,
2026-07-24,modern-league-2026-07-2410847,league,TheDogFather8,,
2026-07-24,modern-league-2026-07-2410847,league,Titut,,
2026-07-24,modern-league-2026-07-2410847,league,X_Why_Z,,
2026-07-24,modern-league-2026-07-2410847,league,Zores,,
2026-07-24,modern-league-2026-07-2410847,league,cntrlfreak_ttv,,
2026-07-24,modern-league-2026-07-2410847,league,coastae7,,
2026-07-24,modern-league-2026-07-2410847,league,dogeatinghotdog,,
2026-07-24,modern-league-2026-07-2410847,league,gravy98,,
2026-07-24,modern-league-2026-07-2410847,league,habieh,,
2026-07-24,modern-league-2026-07-2410847,league,haoqinglangou,,
2026-07-24,modern-league-2026-07-2410847,league,ipakers,,
2026-07-24,modern-league-2026-07-2410847,league,justFeather,,
2026-07-24,modern-league-2026-07-2410847,league,mechrataal,,
2026-07-24,modern-league-2026-07-2410847,league,merkadon,,
2026-07-24,modern-league-2026-07-2410847,league,mind_over_matter,,
2026-07-24,modern-league-2026-07-2410847,league,negrito95,,
2026-07-24,modern-league-2026-07-2410847,league,nikolajandmango,,
2026-07-24,modern-league-2026-07-2410847,league,niuwaid001,,
2026-07-24,modern-league-2026-07-2410847,league,paynyos0232,,
2026-07-24,modern-league-2026-07-2410847,league,robotbc,,
2026-07-24,modern-league-2026-07-2410847,league,ryuumei,,
2026-07-24,modern-league-2026-07-2410847,league,slade8283,,
2026-07-24,modern-league-2026-07-2410847,league,thodoris17,,
2026-07-24,modern-league-2026-07-2410847,league,volopt,,
2026-07-24,modern-league-2026-07-2410847,league,zbilas94,,
2026-07-25,modern-challenge-32-2026-07-2512848201,challenge-32,HelpfulHobo,1,15
2026-07-25,modern-challenge-32-2026-07-2512848201,challenge-32,Polikasoll,2,12
2026-07-25,modern-challenge-32-2026-07-2512848201,challenge-32,ganache1127,3,15
2026-07-25,modern-challenge-32-2026-07-2512848201,challenge-32,yolad,4,12
2026-07-25,modern-challenge-32-2026-07-2512848201,challenge-32,MegaSwampert,5,18
2026-07-25,modern-challenge-32-2026-07-2512848201,challenge-32,imthekiing,6,15
2026-07-25,modern-challenge-32-2026-07-2512848201,challenge-32,Kritik,7,12
2026-07-25,modern-challenge-32-2026-07-2512848201,challenge-32,felider,8,12
2026-07-25,modern-challenge-32-2026-07-2512848201,challenge-32,mERAZED,9,12
2026-07-25,modern-challenge-32-2026-07-2512848201,challenge-32,sidisi,10,12
2026-07-25,modern-challenge-32-2026-07-2512848201,challenge-32,EthanBird,11,12
2026-07-25,modern-challenge-32-2026-07-2512848201,challenge-32,Occultatum,12,12
2026-07-25,modern-challenge-32-2026-07-2512848201,challenge-32,yriel,13,12
2026-07-25,modern-challenge-32-2026-07-2512848201,challenge-32,sydneydude,14,12
2026-07-25,modern-challenge-32-2026-07-2512848201,challenge-32,azpharot,15,12
2026-07-25,modern-challenge-32-2026-07-2512848201,challenge-32,bananadisaster,16,9
2026-07-25,modern-challenge-32-2026-07-2512848201,challenge-32,Dreddybajs,17,9
2026-07-25,modern-challenge-32-2026-07-2512848201,challenge-32,manohito,18,9
2026-07-25,modern-challenge-32-2026-07-2512848201,challenge-32,olbeda,19,9
2026-07-25,modern-challenge-32-2026-07-2512848201,challenge-32,sioutis_kk,20,9
2026-07-25,modern-challenge-32-2026-07-2512848201,challenge-32,Takemikazuchi,21,9
2026-07-25,modern-challenge-32-2026-07-2512848201,challenge-32,Tian_tian,22,9
2026-07-25,modern-challenge-32-2026-07-2512848201,challenge-32,Megalov,23,9
2026-07-25,modern-challenge-32-2026-07-2512848201,challenge-32,Taddy_99,24,9
2026-07-25,modern-challenge-32-2026-07-2512848201,challenge-32,Kyndrax,25,9
2026-07-25,modern-challenge-32-2026-07-2512848201,challenge-32,Legion_Presunto,26,9
2026-07-25,modern-challenge-32-2026-07-2512848201,challenge-32,soggymeatball,27,6
2026-07-25,modern-challenge-32-2026-07-2512848201,challenge-32,Badcookie,28,6
2026-07-25,modern-challenge-32-2026-07-2512848201,challenge-32,M_LIT,29,6
2026-07-25,modern-challenge-32-2026-07-2512848201,challenge-32,NotJim,30,6
2026-07-25,modern-challenge-32-2026-07-2512848201,challenge-32,reidq7,31,6
2026-07-25,modern-challenge-32-2026-07-2512848201,challenge-32,TheRightStuff,32,6
2026-07-25,modern-challenge-64-2026-07-2512848199,challenge-64,oinkmage22,1,18
2026-07-25,modern-challenge-64-2026-07-2512848199,challenge-64,ShadowTitan1,2,18
2026-07-25,modern-challenge-64-2026-07-2512848199,challenge-64,zturchan,3,21
2026-07-25,modern-challenge-64-2026-07-2512848199,challenge-64,RNicoF,4,15
2026-07-25,modern-challenge-64-2026-07-2512848199,challenge-64,Bigatti,5,18
2026-07-25,modern-challenge-64-2026-07-2512848199,challenge-64,Sarlanga,6,18
2026-07-25,modern-challenge-64-2026-07-2512848199,challenge-64,jps_17,7,15
2026-07-25,modern-challenge-64-2026-07-2512848199,challenge-64,MeninoNey,8,15
2026-07-25,modern-challenge-64-2026-07-2512848199,challenge-64,vinnyrussian123,9,15
2026-07-25,modern-challenge-64-2026-07-2512848199,challenge-64,fuya,10,15
2026-07-25,modern-challenge-64-2026-07-2512848199,challenge-64,C_S_W____,11,15
2026-07-25,modern-challenge-64-2026-07-2512848199,challenge-64,Sebby8715,12,15
2026-07-25,modern-challenge-64-2026-07-2512848199,challenge-64,NathanOfTheGiltLeaf,13,15
2026-07-25,modern-challenge-64-2026-07-2512848199,challenge-64,Moe12,14,15
2026-07-25,modern-challenge-64-2026-07-2512848199,challenge-64,_Batutinha_,15,15
2026-07-25,modern-challenge-64-2026-07-2512848199,challenge-64,kasiso,16,15
2026-07-25,modern-challenge-64-2026-07-2512848199,challenge-64,Ziene,17,12
2026-07-25,modern-challenge-64-2026-07-2512848199,challenge-64,Ch4ppy,18,12
2026-07-25,modern-challenge-64-2026-07-2512848199,challenge-64,jakobpablo,19,12
2026-07-25,modern-challenge-64-2026-07-2512848199,challenge-64,Thronhart,20,12
2026-07-25,modern-challenge-64-2026-07-2512848199,challenge-64,yriel,21,12
2026-07-25,modern-challenge-64-2026-07-2512848199,challenge-64,Kollslaw,22,12
2026-07-25,modern-challenge-64-2026-07-2512848199,challenge-64,Evariel,23,12
2026-07-25,modern-challenge-64-2026-07-2512848199,challenge-64,kattsu,24,12
2026-07-25,modern-challenge-64-2026-07-2512848199,challenge-64,howa,25,12
2026-07-25,modern-challenge-64-2026-07-2512848199,challenge-64,manohito,26,12
2026-07-25,modern-challenge-64-2026-07-2512848199,challenge-64,brabes239,27,12
2026-07-25,modern-challenge-64-2026-07-2512848199,challenge-64,felider,28,12
2026-07-25,modern-challenge-64-2026-07-2512848199,challenge-64,Dalinar765,29,12
2026-07-25,modern-challenge-64-2026-07-2512848199,challenge-64,kaikas,30,12
2026-07-25,modern-challenge-64-2026-07-2512848199,challenge-64,MaeMtg,31,12
2026-07-25,modern-challenge-64-2026-07-2512848199,challenge-64,Zenthr,32,12
2026-07-25,modern-challenge-64-2026-07-2512848206,challenge-64,pete2fiddy,1,18
2026-07-25,modern-challenge-64-2026-07-2512848206,challenge-64,StormQrow,2,18
2026-07-25,modern-challenge-64-2026-07-2512848206,challenge-64,1OR513N86,3,18
2026-07-25,modern-challenge-64-2026-07-2512848206,challenge-64,Stanners,4,18
2026-07-25,modern-challenge-64-2026-07-2512848206,challenge-64,Terribad,5,18
2026-07-25,modern-challenge-64-2026-07-2512848206,challenge-64,UnbanOko,6,18
2026-07-25,modern-challenge-64-2026-07-2512848206,challenge-64,levunga21,7,18
2026-07-25,modern-challenge-64-2026-07-2512848206,challenge-64,Kritik,8,15
2026-07-25,modern-challenge-64-2026-07-2512848206,challenge-64,filib,9,15
2026-07-25,modern-challenge-64-2026-07-2512848206,challenge-64,Stefan_Magic,10,15
2026-07-25,modern-challenge-64-2026-07-2512848206,challenge-64,JPA93,11,15
2026-07-25,modern-challenge-64-2026-07-2512848206,challenge-64,NathanOfTheGiltLeaf,12,15
2026-07-25,modern-challenge-64-2026-07-2512848206,challenge-64,Ale_Mtg,13,15
2026-07-25,modern-challenge-64-2026-07-2512848206,challenge-64,pepeteam,14,15
2026-07-25,modern-challenge-64-2026-07-2512848206,challenge-64,TheMeatMan,15,15
2026-07-25,modern-challenge-64-2026-07-2512848206,challenge-64,heredia593,16,15
2026-07-25,modern-challenge-64-2026-07-2512848206,challenge-64,TheeMacSheezy,17,15
2026-07-25,modern-challenge-64-2026-07-2512848206,challenge-64,yriel,18,15
2026-07-25,modern-challenge-64-2026-07-2512848206,challenge-64,_must_be_nice,19,15
2026-07-25,modern-challenge-64-2026-07-2512848206,challenge-64,Rainwalker83,20,15
2026-07-25,modern-challenge-64-2026-07-2512848206,challenge-64,TheColorOfBoom,21,12
2026-07-25,modern-challenge-64-2026-07-2512848206,challenge-64,D00mwake,22,12
2026-07-25,modern-challenge-64-2026-07-2512848206,challenge-64,C_Eastwood,23,12
2026-07-25,modern-challenge-64-2026-07-2512848206,challenge-64,B-Carp,24,12
2026-07-25,modern-challenge-64-2026-07-2512848206,challenge-64,Tinker_deck,25,12
2026-07-25,modern-challenge-64-2026-07-2512848206,challenge-64,Dydyk95,26,12
2026-07-25,modern-challenge-64-2026-07-2512848206,challenge-64,wallofspikes,27,12
2026-07-25,modern-challenge-64-2026-07-2512848206,challenge-64,Jumba,28,12
2026-07-25,modern-challenge-64-2026-07-2512848206,challenge-64,oolong-chan,29,12
2026-07-25,modern-challenge-64-2026-07-2512848206,challenge-64,TerminalJustice,30,12
2026-07-25,modern-challenge-64-2026-07-2512848206,challenge-64,BressD1,31,12
2026-07-25,modern-challenge-64-2026-07-2512848206,challenge-64,Thomas_Sankara,32,12
2026-07-25,modern-league-2026-07-2510847,league,101DeMoNS,,
2026-07-25,modern-league-2026-07-2510847,league,1ride,,
2026-07-25,modern-league-2026-07-2510847,league,AncientApparition,,
2026-07-25,modern-league-2026-07-2510847,league,Arcbound_Papi,,
2026-07-25,modern-league-2026-07-2510847,league,Arcbound_Papi,,
2026-07-25,modern-league-2026-07-2510847,league,Bagoot,,
2026-07-25,modern-league-2026-07-2510847,league,Comrade1312,,
2026-07-25,modern-league-2026-07-2510847,league,CptNixon,,
2026-07-25,modern-league-2026-07-2510847,league,Cristj1993,,
2026-07-25,modern-league-2026-07-2510847,league,GlizzyGobbler,,
2026-07-25,modern-league-2026-07-2510847,league,Gods_Shadow,,
2026-07-25,modern-league-2026-07-2510847,league,Jaros95pl,,
2026-07-25,modern-league-2026-07-2510847,league,JonyLamborgini,,
2026-07-25,modern-league-2026-07-2510847,league,Kaliakatsos,,
2026-07-25,modern-league-2026-07-2510847,league,KingHairy,,
2026-07-25,modern-league-2026-07-2510847,league,Kollslaw,,
2026-07-25,modern-league-2026-07-2510847,league,MadMaxErnst,,
2026-07-25,modern-league-2026-07-2510847,league,MarcusMPV,,
2026-07-25,modern-league-2026-07-2510847,league,MarimoTaketori,,
2026-07-25,modern-league-2026-07-2510847,league,Musagete,,
2026-07-25,modern-league-2026-07-2510847,league,MyrRetriever,,
2026-07-25,modern-league-2026-07-2510847,league,Radziolot,,
2026-07-25,modern-league-2026-07-2510847,league,Rangelon,,
2026-07-25,modern-league-2026-07-2510847,league,Sam_Lewin,,
2026-07-25,modern-league-2026-07-2510847,league,ShzockChan,,
2026-07-25,modern-league-2026-07-2510847,league,SkolemChi,,
2026-07-25,modern-league-2026-07-2510847,league,Strix52,,
2026-07-25,modern-league-2026-07-2510847,league,Surg3i,,
2026-07-25,modern-league-2026-07-2510847,league,TheBurntPeanut,,
2026-07-25,modern-league-2026-07-2510847,league,TheDogFather8,,
2026-07-25,modern-league-2026-07-2510847,league,VanillaJames,,
2026-07-25,modern-league-2026-07-2510847,league,Willthepill,,
2026-07-25,modern-league-2026-07-2510847,league,YAK9k,,
2026-07-25,modern-league-2026-07-2510847,league,catatonicwalrus,,
2026-07-25,modern-league-2026-07-2510847,league,darikun,,
2026-07-25,modern-league-2026-07-2510847,league,fclyra,,
2026-07-25,modern-league-2026-07-2510847,league,iron_maid,,
2026-07-25,modern-league-2026-07-2510847,league,jomanman,,
2026-07-25,modern-league-2026-07-2510847,league,lilcreacher,,
2026-07-25,modern-league-2026-07-2510847,league,mendyourheart,,
2026-07-25,modern-league-2026-07-2510847,league,offbrandjezuz,,
2026-07-25,modern-league-2026-07-2510847,league,runbad,,
2026-07-25,modern-league-2026-07-2510847,league,ryuumei,,
2026-07-25,modern-league-2026-07-2510847,league,snowsk82000,,
2026-07-25,modern-league-2026-07-2510847,league,taku123,,
2026-07-25,modern-league-2026-07-2510847,league,whviolet,,
2026-07-25,modern-league-2026-07-2510847,league,zecarlonxo,,
2026-07-25,modern-showcase-qualifier-2026-07-2512848159,showcase-qualifier,ls149950,1,15
2026-07-25,modern-showcase-qualifier-2026-07-2512848159,showcase-qualifier,Lollopollo2001,2,12
2026-07-25,modern-showcase-qualifier-2026-07-2512848159,showcase-qualifier,wutey,3,15
2026-07-25,modern-showcase-qualifier-2026-07-2512848159,showcase-qualifier,yriel,4,12
2026-07-25,modern-showcase-qualifier-2026-07-2512848159,showcase-qualifier,moon11,5,15
2026-07-25,modern-showcase-qualifier-2026-07-2512848159,showcase-qualifier,Savior0117,6,15
2026-07-25,modern-showcase-qualifier-2026-07-2512848159,showcase-qualifier,Dioferreira,7,12
2026-07-25,modern-showcase-qualifier-2026-07-2512848159,showcase-qualifier,daibloXSC,8,12
2026-07-25,modern-showcase-qualifier-2026-07-2512848159,showcase-qualifier,KelMasterP,9,12
2026-07-25,modern-showcase-qualifier-2026-07-2512848159,showcase-qualifier,shenyang45,10,12
2026-07-25,modern-showcase-qualifier-2026-07-2512848159,showcase-qualifier,CliffBoyardee,11,12
2026-07-25,modern-showcase-qualifier-2026-07-2512848159,showcase-qualifier,chengyiw,12,12
2026-07-25,modern-showcase-qualifier-2026-07-2512848159,showcase-qualifier,moreno13,13,9
2026-07-25,modern-showcase-qualifier-2026-07-2512848159,showcase-qualifier,kePs,14,9
2026-07-25,modern-showcase-qualifier-2026-07-2512848159,showcase-qualifier,TrueHero,15,9
2026-07-25,modern-showcase-qualifier-2026-07-2512848159,showcase-qualifier,ETBJezus,16,9
2026-07-25,modern-showcase-qualifier-2026-07-2512848159,showcase-qualifier,Zoru,17,9
2026-07-25,modern-showcase-qualifier-2026-07-2512848159,showcase-qualifier,hugeowl,18,9
2026-07-25,modern-showcase-qualifier-2026-07-2512848159,showcase-qualifier,rerere,19,9
2026-07-25,modern-showcase-qualifier-2026-07-2512848159,showcase-qualifier,KangXiaotian,20,6
2026-07-25,modern-showcase-qualifier-2026-07-2512848159,showcase-qualifier,PharmD_MTG,21,6
2026-07-25,modern-showcase-qualifier-2026-07-2512848159,showcase-qualifier,albybale93,22,6
2026-07-25,modern-showcase-qualifier-2026-07-2512848159,showcase-qualifier,Oscar_Franco,23,6
2026-07-25,modern-showcase-qualifier-2026-07-2512848159,showcase-qualifier,ShowTime_,24,6
2026-07-25,modern-showcase-qualifier-2026-07-2512848159,showcase-qualifier,LordEgg,25,3
2026-07-25,modern-showcase-qualifier-2026-07-2512848159,showcase-qualifier,strgn7,26,3
2026-07-25,modern-showcase-qualifier-2026-07-2512848159,showcase-qualifier,May_Chang,27,3
2026-07-25,modern-showcase-qualifier-2026-07-2512848159,showcase-qualifier,MadMaxErnst,28,3
2026-07-25,modern-showcase-qualifier-2026-07-2512848159,showcase-qualifier,ShzockChan,29,3
2026-07-25,modern-showcase-qualifier-2026-07-2512848159,showcase-qualifier,BaronOfBacon,30,3
2026-07-25,modern-showcase-qualifier-2026-07-2512848159,showcase-qualifier,karatedom,31,0
2026-07-25,modern-showcase-qualifier-2026-07-2512848159,showcase-qualifier,lilianna1989,32,0
2026-07-26,modern-challenge-64-2026-07-2612848213,challenge-64,ETBJezus,1,15
2026-07-26,modern-challenge-64-2026-07-2612848213,challenge-64,XxquestionablyawesomexX,2,18
2026-07-26,modern-challenge-64-2026-07-2612848213,challenge-64,ShadowTitan1,3,18
2026-07-26,modern-challenge-64-2026-07-2612848213,challenge-64,kcomedina,4,18
2026-07-26,modern-challenge-64-2026-07-2612848213,challenge-64,TheMeatMan,5,21
2026-07-26,modern-challenge-64-2026-07-2612848213,challenge-64,paynyos0232,6,18
2026-07-26,modern-challenge-64-2026-07-2612848213,challenge-64,GigaChadSigmaMale,7,18
2026-07-26,modern-challenge-64-2026-07-2612848213,challenge-64,FacadeJK,8,15
2026-07-26,modern-challenge-64-2026-07-2612848213,challenge-64,Thronhart,9,15
2026-07-26,modern-challenge-64-2026-07-2612848213,challenge-64,Goomy_,10,15
2026-07-26,modern-challenge-64-2026-07-2612848213,challenge-64,jps_17,11,15
2026-07-26,modern-challenge-64-2026-07-2612848213,challenge-64,eclipse4343,12,15
2026-07-26,modern-challenge-64-2026-07-2612848213,challenge-64,Slasher21,13,15
2026-07-26,modern-challenge-64-2026-07-2612848213,challenge-64,HankMD,14,15
2026-07-26,modern-challenge-64-2026-07-2612848213,challenge-64,bless_von,15,15
2026-07-26,modern-challenge-64-2026-07-2612848213,challenge-64,Bok_Choy_,16,15
2026-07-26,modern-challenge-64-2026-07-2612848213,challenge-64,RandomOctopus,17,15
2026-07-26,modern-challenge-64-2026-07-2612848213,challenge-64,ShzockChan,18,15
2026-07-26,modern-challenge-64-2026-07-2612848213,challenge-64,felider,19,15
2026-07-26,modern-challenge-64-2026-07-2612848213,challenge-64,John123321,20,12
2026-07-26,modern-challenge-64-2026-07-2612848213,challenge-64,MyrRetriever,21,12
2026-07-26,modern-challenge-64-2026-07-2612848213,challenge-64,Dhedjeshdi,22,12
2026-07-26,modern-challenge-64-2026-07-2612848213,challenge-64,NerdDadChad,23,12
2026-07-26,modern-challenge-64-2026-07-2612848213,challenge-64,YungDingo,24,12
2026-07-26,modern-challenge-64-2026-07-2612848213,challenge-64,KingHairy,25,12
2026-07-26,modern-challenge-64-2026-07-2612848213,challenge-64,Dioferreira,26,12
2026-07-26,modern-challenge-64-2026-07-2612848213,challenge-64,Sarlanga,27,12
2026-07-26,modern-challenge-64-2026-07-2612848213,challenge-64,Ivan_Draw_Go,28,12
2026-07-26,modern-challenge-64-2026-07-2612848213,challenge-64,Advxnt,29,12
2026-07-26,modern-challenge-64-2026-07-2612848213,challenge-64,oinkmage22,30,12
2026-07-26,modern-challenge-64-2026-07-2612848213,challenge-64,TheRealTripleB,31,12
2026-07-26,modern-challenge-64-2026-07-2612848213,challenge-64,IronBeagle,32,12
2026-07-26,modern-challenge-64-2026-07-2612848217,challenge-64,MLGSKELETONS,1,18
2026-07-26,modern-challenge-64-2026-07-2612848217,challenge-64,Dreddybajs,2,15
2026-07-26,modern-challenge-64-2026-07-2612848217,challenge-64,MahfuzVanGogh,3,15
2026-07-26,modern-challenge-64-2026-07-2612848217,challenge-64,Mogged,4,15
2026-07-26,modern-challenge-64-2026-07-2612848217,challenge-64,Kritik,5,21
2026-07-26,modern-challenge-64-2026-07-2612848217,challenge-64,TrueHero,6,18
2026-07-26,modern-challenge-64-2026-07-2612848217,challenge-64,Radziolot,7,18
2026-07-26,modern-challenge-64-2026-07-2612848217,challenge-64,SPyromancer,8,18
2026-07-26,modern-challenge-64-2026-07-2612848217,challenge-64,IlProfessore,9,15
2026-07-26,modern-challenge-64-2026-07-2612848217,challenge-64,Gods_Shadow,10,15
2026-07-26,modern-challenge-64-2026-07-2612848217,challenge-64,1OR513N86,11,15
2026-07-26,modern-challenge-64-2026-07-2612848217,challenge-64,VampireDiaries,12,15
2026-07-26,modern-challenge-64-2026-07-2612848217,challenge-64,LuoAnlan,13,15
2026-07-26,modern-challenge-64-2026-07-2612848217,challenge-64,Bullet_Time,14,15
2026-07-26,modern-challenge-64-2026-07-2612848217,challenge-64,AugustRush,15,15
2026-07-26,modern-challenge-64-2026-07-2612848217,challenge-64,RespectTheCat,16,15
2026-07-26,modern-challenge-64-2026-07-2612848217,challenge-64,KangarooDrew,17,12
2026-07-26,modern-challenge-64-2026-07-2612848217,challenge-64,klien7,18,12
2026-07-26,modern-challenge-64-2026-07-2612848217,challenge-64,Joey_Wheeler,19,12
2026-07-26,modern-challenge-64-2026-07-2612848217,challenge-64,niuwaid001,20,12
2026-07-26,modern-challenge-64-2026-07-2612848217,challenge-64,thodoris17,21,12
2026-07-26,modern-challenge-64-2026-07-2612848217,challenge-64,Sciacallo_Rosso,22,12
2026-07-26,modern-challenge-64-2026-07-2612848217,challenge-64,albybale93,23,12
2026-07-26,modern-challenge-64-2026-07-2612848217,challenge-64,Kizdar,24,12
2026-07-26,modern-challenge-64-2026-07-2612848217,challenge-64,manohito,25,12
2026-07-26,modern-challenge-64-2026-07-2612848217,challenge-64,Smiteon,26,12
2026-07-26,modern-challenge-64-2026-07-2612848217,challenge-64,simmons3333,27,12
2026-07-26,modern-challenge-64-2026-07-2612848217,challenge-64,PerkyT,28,12
2026-07-26,modern-challenge-64-2026-07-2612848217,challenge-64,NuBlkAu,29,12
2026-07-26,modern-challenge-64-2026-07-2612848217,challenge-64,Eyelash,30,12
2026-07-26,modern-challenge-64-2026-07-2612848217,challenge-64,lilianna1989,31,12
2026-07-26,modern-challenge-64-2026-07-2612848217,challenge-64,RGNKPheonix20,32,12
2026-07-26,modern-league-2026-07-2610847,league,2360299909,,
2026-07-26,modern-league-2026-07-2610847,league,AlpInco,,
2026-07-26,modern-league-2026-07-2610847,league,Andrea_Paglialunga,,
2026-07-26,modern-league-2026-07-2610847,league,AoFTW,,
2026-07-26,modern-league-2026-07-2610847,league,Awalps,,
2026-07-26,modern-league-2026-07-2610847,league,Big_Swiker,,
2026-07-26,modern-league-2026-07-2610847,league,Bl4ckdragon,,
2026-07-26,modern-league-2026-07-2610847,league,Blade400,,
2026-07-26,modern-league-2026-07-2610847,league,Blazej,,
2026-07-26,modern-league-2026-07-2610847,league,Counter_Magic,,
2026-07-26,modern-league-2026-07-2610847,league,Craigpuncher,,
2026-07-26,modern-league-2026-07-2610847,league,Delta_Sanku,,
2026-07-26,modern-league-2026-07-2610847,league,DietMountainDew,,
2026-07-26,modern-league-2026-07-2610847,league,ETBJezus,,
2026-07-26,modern-league-2026-07-2610847,league,EverinEch,,
2026-07-26,modern-league-2026-07-2610847,league,Eyelash,,
2026-07-26,modern-league-2026-07-2610847,league,Ghost11157,,
2026-07-26,modern-league-2026-07-2610847,league,HouseOfManaMTG,,
2026-07-26,modern-league-2026-07-2610847,league,JakeShoes,,
2026-07-26,modern-league-2026-07-2610847,league,Jokersrwild,,
2026-07-26,modern-league-2026-07-2610847,league,KangXiaotian,,
2026-07-26,modern-league-2026-07-2610847,league,LTB_,,
2026-07-26,modern-league-2026-07-2610847,league,Laz94,,
2026-07-26,modern-league-2026-07-2610847,league,Lichard,,
2026-07-26,modern-league-2026-07-2610847,league,LilPetit,,
2026-07-26,modern-league-2026-07-2610847,league,Lumek,,
2026-07-26,modern-league-2026-07-2610847,league,MHayashi,,
2026-07-26,modern-league-2026-07-2610847,league,MHayashi,,
2026-07-26,modern-league-2026-07-2610847,league,Marvin_Dalkiri,,
2026-07-26,modern-league-2026-07-2610847,league,PtyLtd,,
2026-07-26,modern-league-2026-07-2610847,league,Sazzeracc,,
2026-07-26,modern-league-2026-07-2610847,league,Skeptic2304,,
2026-07-26,modern-league-2026-07-2610847,league,Slopo51,,
2026-07-26,modern-league-2026-07-2610847,league,SnackyTreehorn,,
2026-07-26,modern-league-2026-07-2610847,league,Terminus0,,
2026-07-26,modern-league-2026-07-2610847,league,The-Magic-Mana,,
2026-07-26,modern-league-2026-07-2610847,league,TheAdonis,,
2026-07-26,modern-league-2026-07-2610847,league,TheRightStuff,,
2026-07-26,modern-league-2026-07-2610847,league,YAK9k,,
2026-07-26,modern-league-2026-07-2610847,league,YaBoiVitaminE,,
2026-07-26,modern-league-2026-07-2610847,league,azax,,
2026-07-26,modern-league-2026-07-2610847,league,bugzbugs,,
2026-07-26,modern-league-2026-07-2610847,league,cgouldner,,
2026-07-26,modern-league-2026-07-2610847,league,coastae7,,
2026-07-26,modern-league-2026-07-2610847,league,darikun,,
2026-07-26,modern-league-2026-07-2610847,league,equinto,,
2026-07-26,modern-league-2026-07-2610847,league,meanfannypack,,
2026-07-26,modern-league-2026-07-2610847,league,monste94,,
2026-07-26,modern-league-2026-07-2610847,league,nagas4,,
2026-07-26,modern-league-2026-07-2610847,league,parasisnotcool,,
2026-07-26,modern-league-2026-07-2610847,league,ssbmARMY,,
2026-07-26,modern-league-2026-07-2610847,league,svmmi,,
2026-07-26,modern-league-2026-07-2610847,league,takeInitiative,,
2026-07-26,modern-league-2026-07-2610847,league,twangygnome,,
2026-07-26,modern-league-2026-07-2610847,league,ulbabrabal,,
2026-07-27,modern-challenge-64-2026-07-2712848227,challenge-64,eclipse4343,1,18
2026-07-27,modern-challenge-64-2026-07-2712848227,challenge-64,marceliiine,2,18
2026-07-27,modern-challenge-64-2026-07-2712848227,challenge-64,Cachorrowo,3,18
2026-07-27,modern-challenge-64-2026-07-2712848227,challenge-64,reidq7,4,15
2026-07-27,modern-challenge-64-2026-07-2712848227,challenge-64,PhyrexianSwarm,5,21
2026-07-27,modern-challenge-64-2026-07-2712848227,challenge-64,derlumberzack,6,18
2026-07-27,modern-challenge-64-2026-07-2712848227,challenge-64,oinkmage22,7,18
2026-07-27,modern-challenge-64-2026-07-2712848227,challenge-64,MC_amp2267,8,15
2026-07-27,modern-challenge-64-2026-07-2712848227,challenge-64,gazmon48,9,15
2026-07-27,modern-challenge-64-2026-07-2712848227,challenge-64,Selfeisek,10,15
2026-07-27,modern-challenge-64-2026-07-2712848227,challenge-64,manohito,11,15
2026-07-27,modern-challenge-64-2026-07-2712848227,challenge-64,wft,12,15
2026-07-27,modern-challenge-64-2026-07-2712848227,challenge-64,ShadowTitan1,13,15
2026-07-27,modern-challenge-64-2026-07-2712848227,challenge-64,Odin2015,14,15
2026-07-27,modern-challenge-64-2026-07-2712848227,challenge-64,xl_snapcaster,15,15
2026-07-27,modern-challenge-64-2026-07-2712848227,challenge-64,RNicoF,16,15
2026-07-27,modern-challenge-64-2026-07-2712848227,challenge-64,JohnTag667,17,15
2026-07-27,modern-challenge-64-2026-07-2712848227,challenge-64,el-pollo-lolo,18,15
2026-07-27,modern-challenge-64-2026-07-2712848227,challenge-64,Sarlanga,19,15
2026-07-27,modern-challenge-64-2026-07-2712848227,challenge-64,Tinker_deck,20,12
2026-07-27,modern-challenge-64-2026-07-2712848227,challenge-64,Benjivera7,21,12
2026-07-27,modern-challenge-64-2026-07-2712848227,challenge-64,nagas4,22,12
2026-07-27,modern-challenge-64-2026-07-2712848227,challenge-64,TheColorOfBoom,23,12
2026-07-27,modern-challenge-64-2026-07-2712848227,challenge-64,Wesleke27,24,12
2026-07-27,modern-challenge-64-2026-07-2712848227,challenge-64,hypgn0sis,25,12
2026-07-27,modern-challenge-64-2026-07-2712848227,challenge-64,ashame,26,12
2026-07-27,modern-challenge-64-2026-07-2712848227,challenge-64,bless_von,27,12
2026-07-27,modern-challenge-64-2026-07-2712848227,challenge-64,CreamTeamLeader,28,12
2026-07-27,modern-challenge-64-2026-07-2712848227,challenge-64,Thronhart,29,12
2026-07-27,modern-challenge-64-2026-07-2712848227,challenge-64,Ouranos139,30,12
2026-07-27,modern-challenge-64-2026-07-2712848227,challenge-64,Moe12,31,12
2026-07-27,modern-challenge-64-2026-07-2712848227,challenge-64,soggymeatball,32,12
2026-07-27,modern-challenge-96-2026-07-2712848231,challenge-96,JPA93,1,21
2026-07-27,modern-challenge-96-2026-07-2712848231,challenge-96,Kritik,2,18
2026-07-27,modern-challenge-96-2026-07-2712848231,challenge-96,Porks,3,18
2026-07-27,modern-challenge-96-2026-07-2712848231,challenge-96,Serosocram,4,18
2026-07-27,modern-challenge-96-2026-07-2712848231,challenge-96,yriel,5,18
2026-07-27,modern-challenge-96-2026-07-2712848231,challenge-96,avelazquez14,6,18
2026-07-27,modern-challenge-96-2026-07-2712848231,challenge-96,Nblearchange1,7,15
2026-07-27,modern-challenge-96-2026-07-2712848231,challenge-96,yunyu1234,8,15
2026-07-27,modern-challenge-96-2026-07-2712848231,challenge-96,kimkimmer,9,15
2026-07-27,modern-challenge-96-2026-07-2712848231,challenge-96,Spellyp,10,15
2026-07-27,modern-challenge-96-2026-07-2712848231,challenge-96,Salty_Orange,11,15
2026-07-27,modern-challenge-96-2026-07-2712848231,challenge-96,mei0024,12,15
2026-07-27,modern-challenge-96-2026-07-2712848231,challenge-96,HeyyQT,13,15
2026-07-27,modern-challenge-96-2026-07-2712848231,challenge-96,toondoslav,14,15
2026-07-27,modern-challenge-96-2026-07-2712848231,challenge-96,GWT,15,15
2026-07-27,modern-challenge-96-2026-07-2712848231,challenge-96,bananadisaster,16,15
2026-07-27,modern-challenge-96-2026-07-2712848231,challenge-96,Laplasjan,17,15
2026-07-27,modern-challenge-96-2026-07-2712848231,challenge-96,Dydyk95,18,15
2026-07-27,modern-challenge-96-2026-07-2712848231,challenge-96,HuUeBR,19,15
2026-07-27,modern-challenge-96-2026-07-2712848231,challenge-96,MeninooNey,20,15
2026-07-27,modern-challenge-96-2026-07-2712848231,challenge-96,FutureExPro,21,15
2026-07-27,modern-challenge-96-2026-07-2712848231,challenge-96,CrispyFrog,22,15
2026-07-27,modern-challenge-96-2026-07-2712848231,challenge-96,DelverOfBolts,23,12
2026-07-27,modern-challenge-96-2026-07-2712848231,challenge-96,nightwitch,24,12
2026-07-27,modern-challenge-96-2026-07-2712848231,challenge-96,cntrlfreak_ttv,25,12
2026-07-27,modern-challenge-96-2026-07-2712848231,challenge-96,Gnurant,26,12
2026-07-27,modern-challenge-96-2026-07-2712848231,challenge-96,RespectTheCat,27,12
2026-07-27,modern-challenge-96-2026-07-2712848231,challenge-96,FranBenitez91,28,12
2026-07-27,modern-challenge-96-2026-07-2712848231,challenge-96,Lightspirit,29,12
2026-07-27,modern-challenge-96-2026-07-2712848231,challenge-96,GregorV,30,12
2026-07-27,modern-challenge-96-2026-07-2712848231,challenge-96,sioutis_kk,31,12
2026-07-27,modern-challenge-96-2026-07-2712848231,challenge-96,seitahn,32,12
2026-07-27,modern-league-2026-07-2710847,league,Alan07,,
2026-07-27,modern-league-2026-07-2710847,league,Alfaccino,,
2026-07-27,modern-league-2026-07-2710847,league,Andrea_Paglialunga,,
2026-07-27,modern-league-2026-07-2710847,league,Arcane-0ne,,
2026-07-27,modern-league-2026-07-2710847,league,Ardonas,,
2026-07-27,modern-league-2026-07-2710847,league,Bigatti,,
2026-07-27,modern-league-2026-07-2710847,league,Bowman2,,
2026-07-27,modern-league-2026-07-2710847,league,BressD1,,
2026-07-27,modern-league-2026-07-2710847,league,BuelowKarl,,
2026-07-27,modern-league-2026-07-2710847,league,Caleb_Yetman,,
2026-07-27,modern-league-2026-07-2710847,league,Casey130o,,
2026-07-27,modern-league-2026-07-2710847,league,Darkrei,,
2026-07-27,modern-league-2026-07-2710847,league,DidSomeoneJustSayBod,,
2026-07-27,modern-league-2026-07-2710847,league,Dimma,,
2026-07-27,modern-league-2026-07-2710847,league,Dydyk95,,
2026-07-27,modern-league-2026-07-2710847,league,EL_Zanetti,,
2026-07-27,modern-league-2026-07-2710847,league,Felipeleitao,,
2026-07-27,modern-league-2026-07-2710847,league,Graey,,
2026-07-27,modern-league-2026-07-2710847,league,Hovsgaard,,
2026-07-27,modern-league-2026-07-2710847,league,Ihateoko,,
2026-07-27,modern-league-2026-07-2710847,league,IkeanWarlord,,
2026-07-27,modern-league-2026-07-2710847,league,IronBeagle,,
2026-07-27,modern-league-2026-07-2710847,league,Jack-in-the-Mox,,
2026-07-27,modern-league-2026-07-2710847,league,Kotte89,,
2026-07-27,modern-league-2026-07-2710847,league,Kurusu,,
2026-07-27,modern-league-2026-07-2710847,league,Kzrds,,
2026-07-27,modern-league-2026-07-2710847,league,Manny-,,
2026-07-27,modern-league-2026-07-2710847,league,Martin_Dominguez,,
2026-07-27,modern-league-2026-07-2710847,league,MattTumavitch13,,
2026-07-27,modern-league-2026-07-2710847,league,MichelangeloPira,,
2026-07-27,modern-league-2026-07-2710847,league,Nagato_Boran,,
2026-07-27,modern-league-2026-07-2710847,league,Phryziel,,
2026-07-27,modern-league-2026-07-2710847,league,Qua4tre,,
2026-07-27,modern-league-2026-07-2710847,league,RALC,,
2026-07-27,modern-league-2026-07-2710847,league,RAND0MSLAY3R,,
2026-07-27,modern-league-2026-07-2710847,league,Radziolot,,
2026-07-27,modern-league-2026-07-2710847,league,Rock889,,
2026-07-27,modern-league-2026-07-2710847,league,Silk_lobelia,,
2026-07-27,modern-league-2026-07-2710847,league,The french goblin,,
2026-07-27,modern-league-2026-07-2710847,league,Thommimp,,
2026-07-27,modern-league-2026-07-2710847,league,UnusualAnt,,
2026-07-27,modern-league-2026-07-2710847,league,WeareVenom,,
2026-07-27,modern-league-2026-07-2710847,league,XboxGreg,,
2026-07-27,modern-league-2026-07-2710847,league,bathutubgod,,
2026-07-27,modern-league-2026-07-2710847,league,bbotonline,,
2026-07-27,modern-league-2026-07-2710847,league,big6ybois,,
2026-07-27,modern-league-2026-07-2710847,league,coastae7,,
2026-07-27,modern-league-2026-07-2710847,league,eswaff,,
2026-07-27,modern-league-2026-07-2710847,league,fried-rice,,
2026-07-27,modern-league-2026-07-2710847,league,gartuyzz,,
2026-07-27,modern-league-2026-07-2710847,league,kaikas,,
2026-07-27,modern-league-2026-07-2710847,league,liuyuchen,,
2026-07-27,modern-league-2026-07-2710847,league,mind_over_matter,,
2026-07-27,modern-league-2026-07-2710847,league,storti,,
2026-07-27,modern-league-2026-07-2710847,league,toyoshi1102,,
2026-07-27,modern-league-2026-07-2710847,league,truestory,,
2026-07-27,modern-league-2026-07-2710847,league,ulis91,,
2026-07-27,modern-league-2026-07-2710847,league,viritoPP,,
2026-07-27,modern-league-2026-07-2710847,league,wolf2222,,
2026-07-28,modern-challenge-64-2026-07-2812848246,challenge-64,nahuel10,1,21
2026-07-28,modern-challenge-64-2026-07-2812848246,challenge-64,selesneal,2,18
2026-07-28,modern-challenge-64-2026-07-2812848246,challenge-64,manohito,3,18
2026-07-28,modern-challenge-64-2026-07-2812848246,challenge-64,FranBenitez91,4,15
2026-07-28,modern-challenge-64-2026-07-2812848246,challenge-64,Omegauo,5,18
2026-07-28,modern-challenge-64-2026-07-2812848246,challenge-64,Bezerra_da_Silva,6,18
2026-07-28,modern-challenge-64-2026-07-2812848246,challenge-64,Capitano_CL,7,15
2026-07-28,modern-challenge-64-2026-07-2812848246,challenge-64,MVRS,8,15
2026-07-28,modern-challenge-64-2026-07-2812848246,challenge-64,xfile,9,15
2026-07-28,modern-challenge-64-2026-07-2812848246,challenge-64,el-pollo-lolo,10,15
2026-07-28,modern-challenge-64-2026-07-2812848246,challenge-64,Martin_Dominguez,11,15
2026-07-28,modern-challenge-64-2026-07-2812848246,challenge-64,Ale_Mtg,12,15
2026-07-28,modern-challenge-64-2026-07-2812848246,challenge-64,Chichichi,13,15
2026-07-28,modern-challenge-64-2026-07-2812848246,challenge-64,xl_snapcaster,14,15
2026-07-28,modern-challenge-64-2026-07-2812848246,challenge-64,Mapletreefrog,15,15
2026-07-28,modern-challenge-64-2026-07-2812848246,challenge-64,CesarMerjan,16,15
2026-07-28,modern-challenge-64-2026-07-2812848246,challenge-64,Mortaa,17,15
2026-07-28,modern-challenge-64-2026-07-2812848246,challenge-64,YungDingo,18,15
2026-07-28,modern-challenge-64-2026-07-2812848246,challenge-64,klien7,19,15
2026-07-28,modern-challenge-64-2026-07-2812848246,challenge-64,OafMcNamara,20,12
2026-07-28,modern-challenge-64-2026-07-2812848246,challenge-64,Moe12,21,12
2026-07-28,modern-challenge-64-2026-07-2812848246,challenge-64,yriel,22,12
2026-07-28,modern-challenge-64-2026-07-2812848246,challenge-64,Azja,23,12
2026-07-28,modern-challenge-64-2026-07-2812848246,challenge-64,reidq7,24,12
2026-07-28,modern-challenge-64-2026-07-2812848246,challenge-64,WalrusRunner,25,12
2026-07-28,modern-challenge-64-2026-07-2812848246,challenge-64,MeninooNey,26,12
2026-07-28,modern-challenge-64-2026-07-2812848246,challenge-64,Mtyrant,27,12
2026-07-28,modern-challenge-64-2026-07-2812848246,challenge-64,krixtijan,28,12
2026-07-28,modern-challenge-64-2026-07-2812848246,challenge-64,Xsper,29,12
2026-07-28,modern-challenge-64-2026-07-2812848246,challenge-64,ShikiXYZ,30,12
2026-07-28,modern-challenge-64-2026-07-2812848246,challenge-64,GLSwadow,31,12
2026-07-28,modern-challenge-64-2026-07-2812848246,challenge-64,renatoaraujo,32,12
2026-07-28,modern-league-2026-07-2810847,league,13uck,,
2026-07-28,modern-league-2026-07-2810847,league,Ambrose00,,
2026-07-28,modern-league-2026-07-2810847,league,Ambrose00,,
2026-07-28,modern-league-2026-07-2810847,league,BakedFish,,
2026-07-28,modern-league-2026-07-2810847,league,Blindside09,,
2026-07-28,modern-league-2026-07-2810847,league,BrentCohen,,
2026-07-28,modern-league-2026-07-2810847,league,ChironTheMage,,
2026-07-28,modern-league-2026-07-2810847,league,Deemagth,,
2026-07-28,modern-league-2026-07-2810847,league,Doelle98,,
2026-07-28,modern-league-2026-07-2810847,league,Dyno-,,
2026-07-28,modern-league-2026-07-2810847,league,ErikDeckmaster,,
2026-07-28,modern-league-2026-07-2810847,league,Gnarlid,,
2026-07-28,modern-league-2026-07-2810847,league,Gods_Shadow,,
2026-07-28,modern-league-2026-07-2810847,league,GothMuse,,
2026-07-28,modern-league-2026-07-2810847,league,HDG_BorisE,,
2026-07-28,modern-league-2026-07-2810847,league,Hypsh,,
2026-07-28,modern-league-2026-07-2810847,league,Hypsh,,
2026-07-28,modern-league-2026-07-2810847,league,Izzy90,,
2026-07-28,modern-league-2026-07-2810847,league,JuanmaAT,,
2026-07-28,modern-league-2026-07-2810847,league,Kai_Worldz,,
2026-07-28,modern-league-2026-07-2810847,league,Kakoijelev,,
2026-07-28,modern-league-2026-07-2810847,league,Kakoijelev,,
2026-07-28,modern-league-2026-07-2810847,league,Konohakitsune,,
2026-07-28,modern-league-2026-07-2810847,league,LeoLed94,,
2026-07-28,modern-league-2026-07-2810847,league,Luo_Mew,,
2026-07-28,modern-league-2026-07-2810847,league,MaeMtg,,
2026-07-28,modern-league-2026-07-2810847,league,Marcalzer,,
2026-07-28,modern-league-2026-07-2810847,league,Marxelo,,
2026-07-28,modern-league-2026-07-2810847,league,NickBolas90,,
2026-07-28,modern-league-2026-07-2810847,league,NickBolas90,,
2026-07-28,modern-league-2026-07-2810847,league,Nuserdog,,
2026-07-28,modern-league-2026-07-2810847,league,OafMcNamara,,
2026-07-28,modern-league-2026-07-2810847,league,OafMcNamara,,
2026-07-28,modern-league-2026-07-2810847,league,Odin2015,,
2026-07-28,modern-league-2026-07-2810847,league,RSS29,,
2026-07-28,modern-league-2026-07-2810847,league,RandyMarsh97,,
2026-07-28,modern-league-2026-07-2810847,league,Rudokant,,
2026-07-28,modern-league-2026-07-2810847,league,SecretPeter53,,
2026-07-28,modern-league-2026-07-2810847,league,Silk_lobelia,,
2026-07-28,modern-league-2026-07-2810847,league,Sockdolager,,
2026-07-28,modern-league-2026-07-2810847,league,Theo38890,,
2026-07-28,modern-league-2026-07-2810847,league,Traumatismes,,
2026-07-28,modern-league-2026-07-2810847,league,Tree42o,,
2026-07-28,modern-league-2026-07-2810847,league,UnholyPriest,,
2026-07-28,modern-league-2026-07-2810847,league,Wbez,,
2026-07-28,modern-league-2026-07-2810847,league,WhiteNinja,,
2026-07-28,modern-league-2026-07-2810847,league,YAK9k,,
2026-07-28,modern-league-2026-07-2810847,league,__OVC__,,
2026-07-28,modern-league-2026-07-2810847,league,bearland,,
2026-07-28,modern-league-2026-07-2810847,league,bibs,,
2026-07-28,modern-league-2026-07-2810847,league,bloscott220,,
2026-07-28,modern-league-2026-07-2810847,league,chilwad8132,,
2026-07-28,modern-league-2026-07-2810847,league,chuyingfei,,
2026-07-28,modern-league-2026-07-2810847,league,danichipo,,
2026-07-28,modern-league-2026-07-2810847,league,deftjad,,
2026-07-28,modern-league-2026-07-2810847,league,digdude13,,
2026-07-28,modern-league-2026-07-2810847,league,drklutch,,
2026-07-28,modern-league-2026-07-2810847,league,dunkzone,,
2026-07-28,modern-league-2026-07-2810847,league,flamyblade,,
2026-07-28,modern-league-2026-07-2810847,league,jvidarte,,
2026-07-28,modern-league-2026-07-2810847,league,kePs,,
2026-07-28,modern-league-2026-07-2810847,league,kokubo,,
2026-07-28,modern-league-2026-07-2810847,league,los-potables,,
2026-07-28,modern-league-2026-07-2810847,league,moreno13,,
2026-07-28,modern-league-2026-07-2810847,league,mvlindsey,,
2026-07-28,modern-league-2026-07-2810847,league,oinkmage22,,
2026-07-28,modern-league-2026-07-2810847,league,running_bear,,
2026-07-28,modern-league-2026-07-2810847,league,satoken33,,
2026-07-28,modern-league-2026-07-2810847,league,sgcyrus,,
2026-07-28,modern-league-2026-07-2810847,league,toto_2295,,
2026-07-28,modern-league-2026-07-2810847,league,volopt,,
2026-07-29,modern-challenge-32-2026-07-2912848248,challenge-32,dramaticRoyalty,1,15
2026-07-29,modern-challenge-32-2026-07-2912848248,challenge-32,jvidarte,2,18
2026-07-29,modern-challenge-32-2026-07-2912848248,challenge-32,angelsjeffrey,3,18
2026-07-29,modern-challenge-32-2026-07-2912848248,challenge-32,Venom01,4,15
2026-07-29,modern-challenge-32-2026-07-2912848248,challenge-32,JustAnotherGuy83,5,21
2026-07-29,modern-challenge-32-2026-07-2912848248,challenge-32,hugofreitas1,6,15
2026-07-29,modern-challenge-32-2026-07-2912848248,challenge-32,thatguy_champ,7,15
2026-07-29,modern-challenge-32-2026-07-2912848248,challenge-32,ChuChuMTFKR,8,15
2026-07-29,modern-challenge-32-2026-07-2912848248,challenge-32,niuwaid001,9,15
2026-07-29,modern-challenge-32-2026-07-2912848248,challenge-32,Zarathustra,10,15
2026-07-29,modern-challenge-32-2026-07-2912848248,challenge-32,yriel,11,15
2026-07-29,modern-challenge-32-2026-07-2912848248,challenge-32,ob_1,12,15
2026-07-29,modern-challenge-32-2026-07-2912848248,challenge-32,LucasG1ggs,13,15
2026-07-29,modern-challenge-32-2026-07-2912848248,challenge-32,TuckerMTG,14,15
2026-07-29,modern-challenge-32-2026-07-2912848248,challenge-32,DragonFodder,15,15
2026-07-29,modern-challenge-32-2026-07-2912848248,challenge-32,Retrisma,16,12
2026-07-29,modern-challenge-32-2026-07-2912848248,challenge-32,soggymeatball,17,12
2026-07-29,modern-challenge-32-2026-07-2912848248,challenge-32,Cachorrowo,18,12
2026-07-29,modern-challenge-32-2026-07-2912848248,challenge-32,eclipse4343,19,12
2026-07-29,modern-challenge-32-2026-07-2912848248,challenge-32,Sam_Lewin,20,12
2026-07-29,modern-challenge-32-2026-07-2912848248,challenge-32,LILwwaaang,21,12
2026-07-29,modern-challenge-32-2026-07-2912848248,challenge-32,_pba_,22,12
2026-07-29,modern-challenge-32-2026-07-2912848248,challenge-32,ControlTh3Narrative,23,12
2026-07-29,modern-challenge-32-2026-07-2912848248,challenge-32,EthanBird,24,12
2026-07-29,modern-challenge-32-2026-07-2912848248,challenge-32,LemonadeArchery,25,12
2026-07-29,modern-challenge-32-2026-07-2912848248,challenge-32,LaneOrLaine,26,9
2026-07-29,modern-challenge-32-2026-07-2912848248,challenge-32,Brogtar,27,9
2026-07-29,modern-challenge-32-2026-07-2912848248,challenge-32,NathanOfTheGiltLeaf,28,9
2026-07-29,modern-challenge-32-2026-07-2912848248,challenge-32,Kai_Worldz,29,9
2026-07-29,modern-challenge-32-2026-07-2912848248,challenge-32,ShadowTitan1,30,9
2026-07-29,modern-challenge-32-2026-07-2912848248,challenge-32,Kollslaw,31,9
2026-07-29,modern-challenge-32-2026-07-2912848248,challenge-32,derlumberzack,32,9
2026-07-29,modern-challenge-96-2026-07-2912848257,challenge-96,ResponsiblyStupid,1,18
2026-07-29,modern-challenge-96-2026-07-2912848257,challenge-96,Gerardo94,2,21
2026-07-29,modern-challenge-96-2026-07-2912848257,challenge-96,Selfeisek,3,18
2026-07-29,modern-challenge-96-2026-07-2912848257,challenge-96,John1111,4,18
2026-07-29,modern-challenge-96-2026-07-2912848257,challenge-96,Evariel,5,18
2026-07-29,modern-challenge-96-2026-07-2912848257,challenge-96,Imaeda,6,18
2026-07-29,modern-challenge-96-2026-07-2912848257,challenge-96,BERNASTORRES,7,18
2026-07-29,modern-challenge-96-2026-07-2912848257,challenge-96,KingOfGames1522,8,18
2026-07-29,modern-challenge-96-2026-07-2912848257,challenge-96,DemianDesposito10,9,15
2026-07-29,modern-challenge-96-2026-07-2912848257,challenge-96,levunga21,10,15
2026-07-29,modern-challenge-96-2026-07-2912848257,challenge-96,Arremangado,11,15
2026-07-29,modern-challenge-96-2026-07-2912848257,challenge-96,NathanOfTheGiltLeaf,12,15
2026-07-29,modern-challenge-96-2026-07-2912848257,challenge-96,kanister,13,15
2026-07-29,modern-challenge-96-2026-07-2912848257,challenge-96,AugustRush,14,15
2026-07-29,modern-challenge-96-2026-07-2912848257,challenge-96,Rashek,15,15
2026-07-29,modern-challenge-96-2026-07-2912848257,challenge-96,MisterTwin,16,15
2026-07-29,modern-challenge-96-2026-07-2912848257,challenge-96,medvedev,17,15
2026-07-29,modern-challenge-96-2026-07-2912848257,challenge-96,Sarlanga,18,15
2026-07-29,modern-challenge-96-2026-07-2912848257,challenge-96,giraffesarentreal,19,15
2026-07-29,modern-challenge-96-2026-07-2912848257,challenge-96,Uagli1,20,15
2026-07-29,modern-challenge-96-2026-07-2912848257,challenge-96,ShikiXYZ,21,15
2026-07-29,modern-challenge-96-2026-07-2912848257,challenge-96,Kritik,22,15
2026-07-29,modern-challenge-96-2026-07-2912848257,challenge-96,seitahn,23,15
2026-07-29,modern-challenge-96-2026-07-2912848257,challenge-96,chairiang,24,15
2026-07-29,modern-challenge-96-2026-07-2912848257,challenge-96,thatguy_champ,25,12
2026-07-29,modern-challenge-96-2026-07-2912848257,challenge-96,OafMcNamara,26,12
2026-07-29,modern-challenge-96-2026-07-2912848257,challenge-96,Rvng,27,12
2026-07-29,modern-challenge-96-2026-07-2912848257,challenge-96,Salty_Orange,28,12
2026-07-29,modern-challenge-96-2026-07-2912848257,challenge-96,Homaar,29,12
2026-07-29,modern-challenge-96-2026-07-2912848257,challenge-96,JLBall,30,12
2026-07-29,modern-challenge-96-2026-07-2912848257,challenge-96,Thunus,31,12
2026-07-29,modern-challenge-96-2026-07-2912848257,challenge-96,Walker735,32,12
2026-07-29,modern-league-2026-07-2910847,league,101DeMoNS,,
2026-07-29,modern-league-2026-07-2910847,league,1WizNth,,
2026-07-29,modern-league-2026-07-2910847,league,Alan07,,
2026-07-29,modern-league-2026-07-2910847,league,Alozzk,,
2026-07-29,modern-league-2026-07-2910847,league,AlpInco,,
2026-07-29,modern-league-2026-07-2910847,league,Alpha_Go,,
2026-07-29,modern-league-2026-07-2910847,league,AnaviLazo,,
2026-07-29,modern-league-2026-07-2910847,league,AndySCWilson,,
2026-07-29,modern-league-2026-07-2910847,league,Apeliotes,,
2026-07-29,modern-league-2026-07-2910847,league,BuelowKarl,,
2026-07-29,modern-league-2026-07-2910847,league,Crosis886,,
2026-07-29,modern-league-2026-07-2910847,league,DB_cntrlfreak_ttv,,
2026-07-29,modern-league-2026-07-2910847,league,Danso,,
2026-07-29,modern-league-2026-07-2910847,league,Dooter611,,
2026-07-29,modern-league-2026-07-2910847,league,GabbaGandalf,,
2026-07-29,modern-league-2026-07-2910847,league,GuildMasterboros7,,
2026-07-29,modern-league-2026-07-2910847,league,Gyzi13,,
2026-07-29,modern-league-2026-07-2910847,league,Ho-ruki,,
2026-07-29,modern-league-2026-07-2910847,league,Ignacioz1,,
2026-07-29,modern-league-2026-07-2910847,league,JDunny4,,
2026-07-29,modern-league-2026-07-2910847,league,JJ,,
2026-07-29,modern-league-2026-07-2910847,league,Jagger002,,
2026-07-29,modern-league-2026-07-2910847,league,Jitko,,
2026-07-29,modern-league-2026-07-2910847,league,JoshFreeman,,
2026-07-29,modern-league-2026-07-2910847,league,KingCapivara,,
2026-07-29,modern-league-2026-07-2910847,league,Leyen_decker,,
2026-07-29,modern-league-2026-07-2910847,league,Magric,,
2026-07-29,modern-league-2026-07-2910847,league,Marxelo,,
2026-07-29,modern-league-2026-07-2910847,league,MiguelCA,,
2026-07-29,modern-league-2026-07-2910847,league,ODlS,,
2026-07-29,modern-league-2026-07-2910847,league,PieGonti,,
2026-07-29,modern-league-2026-07-2910847,league,PuntThenWhine,,
2026-07-29,modern-league-2026-07-2910847,league,RNicoF,,
2026-07-29,modern-league-2026-07-2910847,league,SayCheese_336,,
2026-07-29,modern-league-2026-07-2910847,league,ShogunApple,,
2026-07-29,modern-league-2026-07-2910847,league,Spike_spiegel01,,
2026-07-29,modern-league-2026-07-2910847,league,SrDurum,,
2026-07-29,modern-league-2026-07-2910847,league,TallChris,,
2026-07-29,modern-league-2026-07-2910847,league,TonyBerts,,
2026-07-29,modern-league-2026-07-2910847,league,Trailovsky,,
2026-07-29,modern-league-2026-07-2910847,league,bbotonline,,
2026-07-29,modern-league-2026-07-2910847,league,breedn,,
2026-07-29,modern-league-2026-07-2910847,league,dayodemayo,,
2026-07-29,modern-league-2026-07-2910847,league,diaosi39,,
2026-07-29,modern-league-2026-07-2910847,league,eresopacaso,,
2026-07-29,modern-league-2026-07-2910847,league,flamyblade,,
2026-07-29,modern-league-2026-07-2910847,league,fullerluke30,,
2026-07-29,modern-league-2026-07-2910847,league,gurig,,
2026-07-29,modern-league-2026-07-2910847,league,koskadelli,,
2026-07-29,modern-league-2026-07-2910847,league,maicmaic,,
2026-07-29,modern-league-2026-07-2910847,league,meanfannypack,,
2026-07-29,modern-league-2026-07-2910847,league,mendyourheart,,
2026-07-29,modern-league-2026-07-2910847,league,nbdf,,
2026-07-29,modern-league-2026-07-2910847,league,philipapw,,
2026-07-29,modern-league-2026-07-2910847,league,pwqz,,
2026-07-29,modern-league-2026-07-2910847,league,shadowpopo,,
2026-07-29,modern-league-2026-07-2910847,league,ssbmARMY,,
2026-07-29,modern-league-2026-07-2910847,league,surgetemelo,,
2026-07-29,modern-league-2026-07-2910847,league,szkuznik,,
2026-07-29,modern-league-2026-07-2910847,league,tibalt_of_red_sub,,
2026-07-29,modern-league-2026-07-2910847,league,xdd,,
2026-07-29,modern-league-2026-07-2910847,league,zhangkh,,
2026-07-30,modern-challenge-64-2026-07-3012849434,challenge-64,MeninooNey,1,18
2026-07-30,modern-challenge-64-2026-07-3012849434,challenge-64,Univerce,2,18
2026-07-30,modern-challenge-64-2026-07-3012849434,challenge-64,Uagli1,3,21
2026-07-30,modern-challenge-64-2026-07-3012849434,challenge-64,Watchwolf92,4,18
2026-07-30,modern-challenge-64-2026-07-3012849434,challenge-64,ElPuerco,5,18
2026-07-30,modern-challenge-64-2026-07-3012849434,challenge-64,mikeleee,6,18
2026-07-30,modern-challenge-64-2026-07-3012849434,challenge-64,_Dionysos_,7,15
2026-07-30,modern-challenge-64-2026-07-3012849434,challenge-64,FutureExPro,8,15
2026-07-30,modern-challenge-64-2026-07-3012849434,challenge-64,Serosocram,9,15
2026-07-30,modern-challenge-64-2026-07-3012849434,challenge-64,giraffesarentreal,10,15
2026-07-30,modern-challenge-64-2026-07-3012849434,challenge-64,Minivan_of_Jeskai,11,15
2026-07-30,modern-challenge-64-2026-07-3012849434,challenge-64,manohito,12,15
2026-07-30,modern-challenge-64-2026-07-3012849434,challenge-64,Lightspirit,13,15
2026-07-30,modern-challenge-64-2026-07-3012849434,challenge-64,ShikiXYZ,14,15
2026-07-30,modern-challenge-64-2026-07-3012849434,challenge-64,Terribad,15,15
2026-07-30,modern-challenge-64-2026-07-3012849434,challenge-64,Mtyrant,16,15
2026-07-30,modern-challenge-64-2026-07-3012849434,challenge-64,Alakai,17,15
2026-07-30,modern-challenge-64-2026-07-3012849434,challenge-64,Fatcaster_Mage,18,15
2026-07-30,modern-challenge-64-2026-07-3012849434,challenge-64,DJK3V1N,19,15
2026-07-30,modern-challenge-64-2026-07-3012849434,challenge-64,eswaff,20,12
2026-07-30,modern-challenge-64-2026-07-3012849434,challenge-64,golfsapao,21,12
2026-07-30,modern-challenge-64-2026-07-3012849434,challenge-64,Lupos,22,12
2026-07-30,modern-challenge-64-2026-07-3012849434,challenge-64,Trailovsky,23,12
2026-07-30,modern-challenge-64-2026-07-3012849434,challenge-64,bananadisaster,24,12
2026-07-30,modern-challenge-64-2026-07-3012849434,challenge-64,Sodeq,25,12
2026-07-30,modern-challenge-64-2026-07-3012849434,challenge-64,eresopacaso,26,12
2026-07-30,modern-challenge-64-2026-07-3012849434,challenge-64,dunkzone,27,12
2026-07-30,modern-challenge-64-2026-07-3012849434,challenge-64,soggymeatball,28,12
2026-07-30,modern-challenge-64-2026-07-3012849434,challenge-64,Pallocchia314,29,12
2026-07-30,modern-challenge-64-2026-07-3012849434,challenge-64,7steamvents,30,12
2026-07-30,modern-challenge-64-2026-07-3012849434,challenge-64,Control_is_kinda_bad,31,12
2026-07-30,modern-challenge-64-2026-07-3012849434,challenge-64,Sfrenka667,32,12
2026-07-30,modern-league-2026-07-3010847,league,AbelMolto,,
2026-07-30,modern-league-2026-07-3010847,league,Akosmismus,,
2026-07-30,modern-league-2026-07-3010847,league,Alan07,,
2026-07-30,modern-league-2026-07-3010847,league,Ardonas,,
2026-07-30,modern-league-2026-07-3010847,league,Benjivera7,,
2026-07-30,modern-league-2026-07-3010847,league,BrentCohen,,
2026-07-30,modern-league-2026-07-3010847,league,ChironTheMage,,
2026-07-30,modern-league-2026-07-3010847,league,Cown,,
2026-07-30,modern-league-2026-07-3010847,league,Cown,,
2026-07-30,modern-league-2026-07-3010847,league,DB_Myra00,,
2026-07-30,modern-league-2026-07-3010847,league,Eddard99,,
2026-07-30,modern-league-2026-07-3010847,league,GigaChadSigmaMale,,
2026-07-30,modern-league-2026-07-3010847,league,HDG_BorisE,,
2026-07-30,modern-league-2026-07-3010847,league,HealthyEgo,,
2026-07-30,modern-league-2026-07-3010847,league,HouseOfManaMTG,,
2026-07-30,modern-league-2026-07-3010847,league,Jokersrwild,,
2026-07-30,modern-league-2026-07-3010847,league,LTB_,,
2026-07-30,modern-league-2026-07-3010847,league,Laplasjan,,
2026-07-30,modern-league-2026-07-3010847,league,Makitren,,
2026-07-30,modern-league-2026-07-3010847,league,Marcalzer,,
2026-07-30,modern-league-2026-07-3010847,league,MertNL,,
2026-07-30,modern-league-2026-07-3010847,league,Nagato_Boran,,
2026-07-30,modern-league-2026-07-3010847,league,RALC,,
2026-07-30,modern-league-2026-07-3010847,league,RCMerriam,,
2026-07-30,modern-league-2026-07-3010847,league,RCMerriam,,
2026-07-30,modern-league-2026-07-3010847,league,RNicoF,,
2026-07-30,modern-league-2026-07-3010847,league,Remi_,,
2026-07-30,modern-league-2026-07-3010847,league,Reyun,,
2026-07-30,modern-league-2026-07-3010847,league,Sawter,,
2026-07-30,modern-league-2026-07-3010847,league,Sonkerz,,
2026-07-30,modern-league-2026-07-3010847,league,Takayama,,
2026-07-30,modern-league-2026-07-3010847,league,TuckerMTG,,
2026-07-30,modern-league-2026-07-3010847,league,UltraEgo_,,
2026-07-30,modern-league-2026-07-3010847,league,Wiltron92,,
2026-07-30,modern-league-2026-07-3010847,league,albert62,,
2026-07-30,modern-league-2026-07-3010847,league,bathutubgod,,
2026-07-30,modern-league-2026-07-3010847,league,bbqhauce,,
2026-07-30,modern-league-2026-07-3010847,league,colorblind_kevin,,
2026-07-30,modern-league-2026-07-3010847,league,danimaak777,,
2026-07-30,modern-league-2026-07-3010847,league,darikun,,
2026-07-30,modern-league-2026-07-3010847,league,fengchangle0625,,
2026-07-30,modern-league-2026-07-3010847,league,ipshow,,
2026-07-30,modern-league-2026-07-3010847,league,jpellman,,
2026-07-30,modern-league-2026-07-3010847,league,lttillman,,
2026-07-30,modern-league-2026-07-3010847,league,manoah,,
2026-07-30,modern-league-2026-07-3010847,league,mind_over_matter,,
2026-07-30,modern-league-2026-07-3010847,league,minimiz,,
2026-07-30,modern-league-2026-07-3010847,league,moviemaker,,
2026-07-30,modern-league-2026-07-3010847,league,shigure1020,,
2026-07-30,modern-league-2026-07-3010847,league,soggymeatball,,
2026-07-30,modern-league-2026-07-3010847,league,soggymeatball,,
2026-07-30,modern-league-2026-07-3010847,league,thodoris17,,
2026-07-30,modern-league-2026-07-3010847,league,thodoris17,,
2026-07-30,modern-league-2026-07-3010847,league,toto_2295,,
2026-07-30,modern-league-2026-07-3010847,league,yang2399,,
2026-07-30,modern-league-2026-07-3010847,league,zbogames,,
2026-07-31,modern-challenge-64-2026-07-3112849451,challenge-64,lunaloveee,1,18
2026-07-31,modern-challenge-64-2026-07-3112849451,challenge-64,Univerce,2,18
2026-07-31,modern-challenge-64-2026-07-3112849451,challenge-64,FranBenitez91,3,18
2026-07-31,modern-challenge-64-2026-07-3112849451,challenge-64,_Batutinha_,4,18
2026-07-31,modern-challenge-64-2026-07-3112849451,challenge-64,sokos13,5,18
2026-07-31,modern-challenge-64-2026-07-3112849451,challenge-64,moviemaker,6,18
2026-07-31,modern-challenge-64-2026-07-3112849451,challenge-64,Lapsy,7,18
2026-07-31,modern-challenge-64-2026-07-3112849451,challenge-64,Based,8,18
2026-07-31,modern-challenge-64-2026-07-3112849451,challenge-64,Matts,9,15
2026-07-31,modern-challenge-64-2026-07-3112849451,challenge-64,NathanOfTheGiltLeaf,10,15
2026-07-31,modern-challenge-64-2026-07-3112849451,challenge-64,JuanmaAT,11,15
2026-07-31,modern-challenge-64-2026-07-3112849451,challenge-64,sioutis_kk,12,15
2026-07-31,modern-challenge-64-2026-07-3112849451,challenge-64,Uagli1,13,15
2026-07-31,modern-challenge-64-2026-07-3112849451,challenge-64,Jconn,14,15
2026-07-31,modern-challenge-64-2026-07-3112849451,challenge-64,claudioh,15,15
2026-07-31,modern-challenge-64-2026-07-3112849451,challenge-64,chuyingfei,16,15
2026-07-31,modern-challenge-64-2026-07-3112849451,challenge-64,schobr,17,15
2026-07-31,modern-challenge-64-2026-07-3112849451,challenge-64,Anaxkoraz,18,15
2026-07-31,modern-challenge-64-2026-07-3112849451,challenge-64,MarimoTaketori,19,15
2026-07-31,modern-challenge-64-2026-07-3112849451,challenge-64,digdude13,20,15
2026-07-31,modern-challenge-64-2026-07-3112849451,challenge-64,levunga21,21,15
2026-07-31,modern-challenge-64-2026-07-3112849451,challenge-64,Cown,22,15
2026-07-31,modern-challenge-64-2026-07-3112849451,challenge-64,hugofreitas1,23,15
2026-07-31,modern-challenge-64-2026-07-3112849451,challenge-64,DskBayWolf,24,12
2026-07-31,modern-challenge-64-2026-07-3112849451,challenge-64,Ikibob,25,12
2026-07-31,modern-challenge-64-2026-07-3112849451,challenge-64,kasiso,26,12
2026-07-31,modern-challenge-64-2026-07-3112849451,challenge-64,cntrlfreak_ttv,27,12
2026-07-31,modern-challenge-64-2026-07-3112849451,challenge-64,ETBJezus,28,12
2026-07-31,modern-challenge-64-2026-07-3112849451,challenge-64,MahfuzVanGogh,29,12
2026-07-31,modern-challenge-64-2026-07-3112849451,challenge-64,SbanTwin,30,12
2026-07-31,modern-challenge-64-2026-07-3112849451,challenge-64,Rzt4097,31,12
2026-07-31,modern-challenge-64-2026-07-3112849451,challenge-64,powered_by_VANYA,32,12
2026-07-31,modern-league-2026-07-3110847,league,-Nausea-,,
2026-07-31,modern-league-2026-07-3110847,league,ATXroy,,
2026-07-31,modern-league-2026-07-3110847,league,AbelMolto,,
2026-07-31,modern-league-2026-07-3110847,league,Andrea_Paglialunga,,
2026-07-31,modern-league-2026-07-3110847,league,Ardonas,,
2026-07-31,modern-league-2026-07-3110847,league,Ashbrown,,
2026-07-31,modern-league-2026-07-3110847,league,BoltTheBirds,,
2026-07-31,modern-league-2026-07-3110847,league,Bosh N Roll,,
2026-07-31,modern-league-2026-07-3110847,league,Comrade1312,,
2026-07-31,modern-league-2026-07-3110847,league,CrisMTG77,,
2026-07-31,modern-league-2026-07-3110847,league,DB_Mengu,,
2026-07-31,modern-league-2026-07-3110847,league,Dioferreira,,
2026-07-31,modern-league-2026-07-3110847,league,Dydyk95,,
2026-07-31,modern-league-2026-07-3110847,league,Dydyk95,,
2026-07-31,modern-league-2026-07-3110847,league,Gods_Shadow,,
2026-07-31,modern-league-2026-07-3110847,league,HDG_BorisE,,
2026-07-31,modern-league-2026-07-3110847,league,Haiwa,,
2026-07-31,modern-league-2026-07-3110847,league,Haunter56,,
2026-07-31,modern-league-2026-07-3110847,league,HouseOfManaMTG,,
2026-07-31,modern-league-2026-07-3110847,league,Hybrid7,,
2026-07-31,modern-league-2026-07-3110847,league,Jokersrwild,,
2026-07-31,modern-league-2026-07-3110847,league,KangXiaotian,,
2026-07-31,modern-league-2026-07-3110847,league,Kellanved0,,
2026-07-31,modern-league-2026-07-3110847,league,KingHairy,,
2026-07-31,modern-league-2026-07-3110847,league,Kraezy,,
2026-07-31,modern-league-2026-07-3110847,league,KrauLMagic,,
2026-07-31,modern-league-2026-07-3110847,league,LegacyGrinder,,
2026-07-31,modern-league-2026-07-3110847,league,LysergiK002,,
2026-07-31,modern-league-2026-07-3110847,league,MHayashi,,
2026-07-31,modern-league-2026-07-3110847,league,MHayashi,,
2026-07-31,modern-league-2026-07-3110847,league,MasterArquero,,
2026-07-31,modern-league-2026-07-3110847,league,MrPickle23,,
2026-07-31,modern-league-2026-07-3110847,league,NJGB1,,
2026-07-31,modern-league-2026-07-3110847,league,NicolasP,,
2026-07-31,modern-league-2026-07-3110847,league,Nodintree,,
2026-07-31,modern-league-2026-07-3110847,league,NotATurtle,,
2026-07-31,modern-league-2026-07-3110847,league,OafMcNamara,,
2026-07-31,modern-league-2026-07-3110847,league,Outsid3r,,
2026-07-31,modern-league-2026-07-3110847,league,PASCU95,,
2026-07-31,modern-league-2026-07-3110847,league,Podiman,,
2026-07-31,modern-league-2026-07-3110847,league,RALC,,
2026-07-31,modern-league-2026-07-3110847,league,RNicoF,,
2026-07-31,modern-league-2026-07-3110847,league,RikkiTikiTavi1,,
2026-07-31,modern-league-2026-07-3110847,league,Sharkcaster_Mage,,
2026-07-31,modern-league-2026-07-3110847,league,Sisyfos_happy,,
2026-07-31,modern-league-2026-07-3110847,league,Skavout,,
2026-07-31,modern-league-2026-07-3110847,league,Skpchino,,
2026-07-31,modern-league-2026-07-3110847,league,Thattaman,,
2026-07-31,modern-league-2026-07-3110847,league,TheeMacSheezy,,
2026-07-31,modern-league-2026-07-3110847,league,TomBombadi1,,
2026-07-31,modern-league-2026-07-3110847,league,Toscanini,,
2026-07-31,modern-league-2026-07-3110847,league,TreebornFrog,,
2026-07-31,modern-league-2026-07-3110847,league,Uagli1,,
2026-07-31,modern-league-2026-07-3110847,league,WhiteNinja,,
2026-07-31,modern-league-2026-07-3110847,league,bobthedog,,
2026-07-31,modern-league-2026-07-3110847,league,ilprofetaVDR,,
2026-07-31,modern-league-2026-07-3110847,league,ipadkid,,
2026-07-31,modern-league-2026-07-3110847,league,kerion117,,
2026-07-31,modern-league-2026-07-3110847,league,meanfannypack,,
2026-07-31,modern-league-2026-07-3110847,league,mtbWolf,,
2026-07-31,modern-league-2026-07-3110847,league,mtbWolf,,
2026-07-31,modern-league-2026-07-3110847,league,nsw1074,,
2026-07-31,modern-league-2026-07-3110847,league,rodixSK,,
2026-07-31,modern-league-2026-07-3110847,league,ryo_S-Trad_1983,,
2026-07-31,modern-league-2026-07-3110847,league,slade8283,,
2026-07-31,modern-league-2026-07-3110847,league,soggymeatball,,
2026-07-31,modern-league-2026-07-3110847,league,tonyjones22,,
2026-07-31,modern-league-2026-07-3110847,league,tyreel04,,
2026-07-31,modern-league-2026-07-3110847,league,vegasonee,,
2026-07-31,modern-league-2026-07-3110847,league,xl_snapcaster,,
2026-07-31,modern-league-2026-07-3110847,league,zturchan,,
2026-08-01,modern-challenge-32-2026-08-0112849462,challenge-32,Lightspirit,1,12
2026-08-01,modern-challenge-32-2026-08-0112849462,challenge-32,RAND0MSLAY3R,2,15
2026-08-01,modern-challenge-32-2026-08-0112849462,challenge-32,surgetemelo,3,18
2026-08-01,modern-challenge-32-2026-08-0112849462,challenge-32,StormQrow,4,15
2026-08-01,modern-challenge-32-2026-08-0112849462,challenge-32,Rashek,5,15
2026-08-01,modern-challenge-32-2026-08-0112849462,challenge-32,kyporioth,6,15
2026-08-01,modern-challenge-32-2026-08-0112849462,challenge-32,CrownedRuti,7,15
2026-08-01,modern-challenge-32-2026-08-0112849462,challenge-32,reidq7,8,12
2026-08-01,modern-challenge-32-2026-08-0112849462,challenge-32,WeareVenom,9,12
2026-08-01,modern-challenge-32-2026-08-0112849462,challenge-32,NickBolas90,10,12
2026-08-01,modern-challenge-32-2026-08-0112849462,challenge-32,Selfeisek,11,12
2026-08-01,modern-challenge-32-2026-08-0112849462,challenge-32,chinotron23,12,12
2026-08-01,modern-challenge-32-2026-08-0112849462,challenge-32,yriel,13,12
2026-08-01,modern-challenge-32-2026-08-0112849462,challenge-32,nahuel10,14,12
2026-08-01,modern-challenge-32-2026-08-0112849462,challenge-32,ipadkid,15,12
2026-08-01,modern-challenge-32-2026-08-0112849462,challenge-32,eXeliS,16,12
2026-08-01,modern-challenge-32-2026-08-0112849462,challenge-32,DelverOfBolts,17,9
2026-08-01,modern-challenge-32-2026-08-0112849462,challenge-32,Venom01,18,9
2026-08-01,modern-challenge-32-2026-08-0112849462,challenge-32,oosunq,19,9
2026-08-01,modern-challenge-32-2026-08-0112849462,challenge-32,TomJubarte,20,9
2026-08-01,modern-challenge-32-2026-08-0112849462,challenge-32,kaiszern,21,9
2026-08-01,modern-challenge-32-2026-08-0112849462,challenge-32,TrueHero,22,9
2026-08-01,modern-challenge-32-2026-08-0112849462,challenge-32,SvenSveeterSven,23,9
2026-08-01,modern-challenge-32-2026-08-0112849462,challenge-32,DemianDesposito10,24,9
2026-08-01,modern-challenge-32-2026-08-0112849462,challenge-32,JV_7777,25,9
2026-08-01,modern-challenge-32-2026-08-0112849462,challenge-32,KaosNiller,26,9
2026-08-01,modern-challenge-32-2026-08-0112849462,challenge-32,felider,27,9
2026-08-01,modern-challenge-32-2026-08-0112849462,challenge-32,kasiso,28,9
2026-08-01,modern-challenge-32-2026-08-0112849462,challenge-32,niuwaid001,29,6
2026-08-01,modern-challenge-32-2026-08-0112849462,challenge-32,sidisi,30,6
2026-08-01,modern-challenge-32-2026-08-0112849462,challenge-32,kattsu,31,6
2026-08-01,modern-challenge-32-2026-08-0112849462,challenge-32,Moe12,32,6
2026-08-01,modern-challenge-64-2026-08-0112849460,challenge-64,Kollslaw,1,18
2026-08-01,modern-challenge-64-2026-08-0112849460,challenge-64,Jonson26,2,18
2026-08-01,modern-challenge-64-2026-08-0112849460,challenge-64,fazparte,3,18
2026-08-01,modern-challenge-64-2026-08-0112849460,challenge-64,KingHairy,4,18
2026-08-01,modern-challenge-64-2026-08-0112849460,challenge-64,Skeptic2304,5,18
2026-08-01,modern-challenge-64-2026-08-0112849460,challenge-64,Cachorrowo,6,18
2026-08-01,modern-challenge-64-2026-08-0112849460,challenge-64,giraffesarentreal,7,15
2026-08-01,modern-challenge-64-2026-08-0112849460,challenge-64,skullcrobatjoker,8,15
2026-08-01,modern-challenge-64-2026-08-0112849460,challenge-64,jayrod115,9,15
2026-08-01,modern-challenge-64-2026-08-0112849460,challenge-64,OafMcNamara,10,15
2026-08-01,modern-challenge-64-2026-08-0112849460,challenge-64,Tree42o,11,15
2026-08-01,modern-challenge-64-2026-08-0112849460,challenge-64,Kai_Worldz,12,15
2026-08-01,modern-challenge-64-2026-08-0112849460,challenge-64,jussupinator,13,15
2026-08-01,modern-challenge-64-2026-08-0112849460,challenge-64,Mtyrant,14,15
2026-08-01,modern-challenge-64-2026-08-0112849460,challenge-64,fuya,15,15
2026-08-01,modern-challenge-64-2026-08-0112849460,challenge-64,percussion_mike,16,15
2026-08-01,modern-challenge-64-2026-08-0112849460,challenge-64,aidiot,17,15
2026-08-01,modern-challenge-64-2026-08-0112849460,challenge-64,VictorEsquici,18,15
2026-08-01,modern-challenge-64-2026-08-0112849460,challenge-64,DskBayWolf,19,12
2026-08-01,modern-challenge-64-2026-08-0112849460,challenge-64,eclipse4343,20,12
2026-08-01,modern-challenge-64-2026-08-0112849460,challenge-64,Xsper,21,12
2026-08-01,modern-challenge-64-2026-08-0112849460,challenge-64,nahuel10,22,12
2026-08-01,modern-challenge-64-2026-08-0112849460,challenge-64,TheEpicAlpaca,23,12
2026-08-01,modern-challenge-64-2026-08-0112849460,challenge-64,Restokiki,24,12
2026-08-01,modern-challenge-64-2026-08-0112849460,challenge-64,MeninoNey,25,12
2026-08-01,modern-challenge-64-2026-08-0112849460,challenge-64,Stealthmagician,26,12
2026-08-01,modern-challenge-64-2026-08-0112849460,challenge-64,felider,27,12
2026-08-01,modern-challenge-64-2026-08-0112849460,challenge-64,kattsu,28,12
2026-08-01,modern-challenge-64-2026-08-0112849460,challenge-64,Cyberzilla,29,12
2026-08-01,modern-challenge-64-2026-08-0112849460,challenge-64,hugofreitas1,30,12
2026-08-01,modern-challenge-64-2026-08-0112849460,challenge-64,Sutter,31,12
2026-08-01,modern-challenge-64-2026-08-0112849460,challenge-64,adebevoise,32,12
2026-08-01,modern-challenge-64-2026-08-0112849467,challenge-64,Morenothings,1,18
2026-08-01,modern-challenge-64-2026-08-0112849467,challenge-64,chase00111,2,15
2026-08-01,modern-challenge-64-2026-08-0112849467,challenge-64,levunga21,3,18
2026-08-01,modern-challenge-64-2026-08-0112849467,challenge-64,RNicoF,4,18
2026-08-01,modern-challenge-64-2026-08-0112849467,challenge-64,HouseOfManaMTG,5,21
2026-08-01,modern-challenge-64-2026-08-0112849467,challenge-64,Trailovsky,6,18
2026-08-01,modern-challenge-64-2026-08-0112849467,challenge-64,oosunq,7,18
2026-08-01,modern-challenge-64-2026-08-0112849467,challenge-64,Otifex,8,18
2026-08-01,modern-challenge-64-2026-08-0112849467,challenge-64,DarksteelWelder,9,15
2026-08-01,modern-challenge-64-2026-08-0112849467,challenge-64,sokos13,10,15
2026-08-01,modern-challenge-64-2026-08-0112849467,challenge-64,MahfuzVanGogh,11,15
2026-08-01,modern-challenge-64-2026-08-0112849467,challenge-64,Legion935,12,15
2026-08-01,modern-challenge-64-2026-08-0112849467,challenge-64,_Falcon_,13,15
2026-08-01,modern-challenge-64-2026-08-0112849467,challenge-64,Nowayh,14,15
2026-08-01,modern-challenge-64-2026-08-0112849467,challenge-64,MyrRetriever,15,15
2026-08-01,modern-challenge-64-2026-08-0112849467,challenge-64,Mogged,16,15
2026-08-01,modern-challenge-64-2026-08-0112849467,challenge-64,albybale93,17,15
2026-08-01,modern-challenge-64-2026-08-0112849467,challenge-64,TomBombadi1,18,15
2026-08-01,modern-challenge-64-2026-08-0112849467,challenge-64,VizosMTG,19,15
2026-08-01,modern-challenge-64-2026-08-0112849467,challenge-64,Gerardo94,20,15
2026-08-01,modern-challenge-64-2026-08-0112849467,challenge-64,frodomochas,21,15
2026-08-01,modern-challenge-64-2026-08-0112849467,challenge-64,kaiszern,22,15
2026-08-01,modern-challenge-64-2026-08-0112849467,challenge-64,NathanOfTheGiltLeaf,23,15
2026-08-01,modern-challenge-64-2026-08-0112849467,challenge-64,therock988,24,15
2026-08-01,modern-challenge-64-2026-08-0112849467,challenge-64,Nuserdog,25,12
2026-08-01,modern-challenge-64-2026-08-0112849467,challenge-64,KeepAny7vsYou,26,12
2026-08-01,modern-challenge-64-2026-08-0112849467,challenge-64,Urthstrype,27,12
2026-08-01,modern-challenge-64-2026-08-0112849467,challenge-64,Baku_91,28,12
2026-08-01,modern-challenge-64-2026-08-0112849467,challenge-64,Nostraa,29,12
2026-08-01,modern-challenge-64-2026-08-0112849467,challenge-64,MayoDominaria,30,12
2026-08-01,modern-challenge-64-2026-08-0112849467,challenge-64,MacIsaac,31,12
2026-08-01,modern-challenge-64-2026-08-0112849467,challenge-64,TSPJendrek,32,12
2026-08-01,modern-league-2026-08-0110847,league,AbelMolto,,
2026-08-01,modern-league-2026-08-0110847,league,AndySCWilson,,
2026-08-01,modern-league-2026-08-0110847,league,Arcbound_Papi,,
2026-08-01,modern-league-2026-08-0110847,league,Ashbrown,,
2026-08-01,modern-league-2026-08-0110847,league,Ashbrown,,
2026-08-01,modern-league-2026-08-0110847,league,Baku_91,,
2026-08-01,modern-league-2026-08-0110847,league,Bananaman985,,
2026-08-01,modern-league-2026-08-0110847,league,BoreiMTG,,
2026-08-01,modern-league-2026-08-0110847,league,DejoyOfGaming,,
2026-08-01,modern-league-2026-08-0110847,league,Duki_mtg,,
2026-08-01,modern-league-2026-08-0110847,league,EthanBird,,
2026-08-01,modern-league-2026-08-0110847,league,Gerschi,,
2026-08-01,modern-league-2026-08-0110847,league,Gnarlid,,
2026-08-01,modern-league-2026-08-0110847,league,Gyzi13,,
2026-08-01,modern-league-2026-08-0110847,league,Izzy90,,
2026-08-01,modern-league-2026-08-0110847,league,JohnJonis,,
2026-08-01,modern-league-2026-08-0110847,league,JuanmaAT,,
2026-08-01,modern-league-2026-08-0110847,league,KangXiaotian,,
2026-08-01,modern-league-2026-08-0110847,league,Kollslaw,,
2026-08-01,modern-league-2026-08-0110847,league,LangeBastian,,
2026-08-01,modern-league-2026-08-0110847,league,MHayashi,,
2026-08-01,modern-league-2026-08-0110847,league,Mencius-89,,
2026-08-01,modern-league-2026-08-0110847,league,Micc1313,,
2026-08-01,modern-league-2026-08-0110847,league,MrMarthius,,
2026-08-01,modern-league-2026-08-0110847,league,Nodintree,,
2026-08-01,modern-league-2026-08-0110847,league,Nuserdog,,
2026-08-01,modern-league-2026-08-0110847,league,Obi_Wan_Jabroni,,
2026-08-01,modern-league-2026-08-0110847,league,Player44,,
2026-08-01,modern-league-2026-08-0110847,league,Salty_Steve,,
2026-08-01,modern-league-2026-08-0110847,league,SightWinner,,
2026-08-01,modern-league-2026-08-0110847,league,SocorristaEnParo,,
2026-08-01,modern-league-2026-08-0110847,league,TomBombadi1,,
2026-08-01,modern-league-2026-08-0110847,league,TomCairns,,
2026-08-01,modern-league-2026-08-0110847,league,Weedland,,
2026-08-01,modern-league-2026-08-0110847,league,WorstShuffler,,
2026-08-01,modern-league-2026-08-0110847,league,Zuin,,
2026-08-01,modern-league-2026-08-0110847,league,aljce,,
2026-08-01,modern-league-2026-08-0110847,league,batikang,,
2026-08-01,modern-league-2026-08-0110847,league,bbotonline,,
2026-08-01,modern-league-2026-08-0110847,league,cart02,,
2026-08-01,modern-league-2026-08-0110847,league,cypress223,,
2026-08-01,modern-league-2026-08-0110847,league,darikun,,
2026-08-01,modern-league-2026-08-0110847,league,elvin7,,
2026-08-01,modern-league-2026-08-0110847,league,ganache1127,,
2026-08-01,modern-league-2026-08-0110847,league,gyyby297,,
2026-08-01,modern-league-2026-08-0110847,league,joaoclaudioms,,
2026-08-01,modern-league-2026-08-0110847,league,kusinaiga,,
2026-08-01,modern-league-2026-08-0110847,league,lucaszcv2,,
2026-08-01,modern-league-2026-08-0110847,league,manoah,,
2026-08-01,modern-league-2026-08-0110847,league,mwatts10,,
2026-08-01,modern-league-2026-08-0110847,league,rabblemasterblaster,,
2026-08-01,modern-league-2026-08-0110847,league,sfitz,,
2026-08-01,modern-league-2026-08-0110847,league,shopna813,,
2026-08-01,modern-league-2026-08-0110847,league,starfall,,
2026-08-01,modern-league-2026-08-0110847,league,storti,,
2026-08-01,modern-league-2026-08-0110847,league,twangygnome,,
2026-08-02,modern-challenge-64-2026-08-0212849474,challenge-64,Lollopollo2001,1,18
2026-08-02,modern-challenge-64-2026-08-0212849474,challenge-64,ipadkid,2,18
2026-08-02,modern-challenge-64-2026-08-0212849474,challenge-64,PETRICHOR21,3,18
2026-08-02,modern-challenge-64-2026-08-0212849474,challenge-64,timotomat0,4,15
2026-08-02,modern-challenge-64-2026-08-0212849474,challenge-64,YungDingo,5,21
2026-08-02,modern-challenge-64-2026-08-0212849474,challenge-64,ShadowTitan1,6,18
2026-08-02,modern-challenge-64-2026-08-0212849474,challenge-64,adebevoise,7,18
2026-08-02,modern-challenge-64-2026-08-0212849474,challenge-64,scipios,8,18
2026-08-02,modern-challenge-64-2026-08-0212849474,challenge-64,crazythursday,9,15
2026-08-02,modern-challenge-64-2026-08-0212849474,challenge-64,IsacConoli,10,15
2026-08-02,modern-challenge-64-2026-08-0212849474,challenge-64,_Batutinha_,11,15
2026-08-02,modern-challenge-64-2026-08-0212849474,challenge-64,jussupinator,12,15
2026-08-02,modern-challenge-64-2026-08-0212849474,challenge-64,gazmon48,13,15
2026-08-02,modern-challenge-64-2026-08-0212849474,challenge-64,parasisnotcool,14,15
2026-08-02,modern-challenge-64-2026-08-0212849474,challenge-64,ashame,15,15
2026-08-02,modern-challenge-64-2026-08-0212849474,challenge-64,eclipse4343,16,15
2026-08-02,modern-challenge-64-2026-08-0212849474,challenge-64,Zarathustra,17,15
2026-08-02,modern-challenge-64-2026-08-0212849474,challenge-64,DskBayWolf,18,15
2026-08-02,modern-challenge-64-2026-08-0212849474,challenge-64,bananadisaster,19,15
2026-08-02,modern-challenge-64-2026-08-0212849474,challenge-64,Capriccioso,20,15
2026-08-02,modern-challenge-64-2026-08-0212849474,challenge-64,MuNCHy556,21,15
2026-08-02,modern-challenge-64-2026-08-0212849474,challenge-64,renatoaraujo,22,15
2026-08-02,modern-challenge-64-2026-08-0212849474,challenge-64,billskillz,23,12
2026-08-02,modern-challenge-64-2026-08-0212849474,challenge-64,Arcbound_Papi,24,12
2026-08-02,modern-challenge-64-2026-08-0212849474,challenge-64,kattsu,25,12
2026-08-02,modern-challenge-64-2026-08-0212849474,challenge-64,ganache1127,26,12
2026-08-02,modern-challenge-64-2026-08-0212849474,challenge-64,ETBJezus,27,12
2026-08-02,modern-challenge-64-2026-08-0212849474,challenge-64,GrunnTLK,28,12
2026-08-02,modern-challenge-64-2026-08-0212849474,challenge-64,Cesstyx,29,12
2026-08-02,modern-challenge-64-2026-08-0212849474,challenge-64,Uagli1,30,12
2026-08-02,modern-challenge-64-2026-08-0212849474,challenge-64,Ch4ppy,31,12
2026-08-02,modern-challenge-64-2026-08-0212849474,challenge-64,Sorathrix,32,12
2026-08-02,modern-challenge-64-2026-08-0212849478,challenge-64,Ghianda,1,18
2026-08-02,modern-challenge-64-2026-08-0212849478,challenge-64,MayoDominaria,2,15
2026-08-02,modern-challenge-64-2026-08-0212849478,challenge-64,Retrisma,3,18
2026-08-02,modern-challenge-64-2026-08-0212849478,challenge-64,Atticus1806,4,15
2026-08-02,modern-challenge-64-2026-08-0212849478,challenge-64,olbeda,5,21
2026-08-02,modern-challenge-64-2026-08-0212849478,challenge-64,Sarlanga,6,18
2026-08-02,modern-challenge-64-2026-08-0212849478,challenge-64,MyrRetriever,7,18
2026-08-02,modern-challenge-64-2026-08-0212849478,challenge-64,ls149950,8,18
2026-08-02,modern-challenge-64-2026-08-0212849478,challenge-64,Imaeda,9,15
2026-08-02,modern-challenge-64-2026-08-0212849478,challenge-64,hugofreitas1,10,15
2026-08-02,modern-challenge-64-2026-08-0212849478,challenge-64,Haiwa,11,15
2026-08-02,modern-challenge-64-2026-08-0212849478,challenge-64,bobthedog,12,15
2026-08-02,modern-challenge-64-2026-08-0212849478,challenge-64,crazythursday,13,15
2026-08-02,modern-challenge-64-2026-08-0212849478,challenge-64,klien7,14,15
2026-08-02,modern-challenge-64-2026-08-0212849478,challenge-64,RCMerriam,15,15
2026-08-02,modern-challenge-64-2026-08-0212849478,challenge-64,Lollopollo2001,16,15
2026-08-02,modern-challenge-64-2026-08-0212849478,challenge-64,Galaxios,17,15
2026-08-02,modern-challenge-64-2026-08-0212849478,challenge-64,Diomed_Tidid,18,15
2026-08-02,modern-challenge-64-2026-08-0212849478,challenge-64,rerere,19,15
2026-08-02,modern-challenge-64-2026-08-0212849478,challenge-64,Blade400,20,15
2026-08-02,modern-challenge-64-2026-08-0212849478,challenge-64,_Mago_,21,15
2026-08-02,modern-challenge-64-2026-08-0212849478,challenge-64,Dioferreira,22,12
2026-08-02,modern-challenge-64-2026-08-0212849478,challenge-64,Rockmusiclover45,23,12
2026-08-02,modern-challenge-64-2026-08-0212849478,challenge-64,John1111,24,12
2026-08-02,modern-challenge-64-2026-08-0212849478,challenge-64,MLGSKELETONS,25,12
2026-08-02,modern-challenge-64-2026-08-0212849478,challenge-64,Gobeli,26,12
2026-08-02,modern-challenge-64-2026-08-0212849478,challenge-64,Rashek,27,12
2026-08-02,modern-challenge-64-2026-08-0212849478,challenge-64,haoqinglangou,28,12
2026-08-02,modern-challenge-64-2026-08-0212849478,challenge-64,bananadisaster,29,12
2026-08-02,modern-challenge-64-2026-08-0212849478,challenge-64,Xenowan,30,12
2026-08-02,modern-challenge-64-2026-08-0212849478,challenge-64,wallofspikes,31,12
2026-08-02,modern-challenge-64-2026-08-0212849478,challenge-64,Chichichi,32,12
2026-08-02,modern-league-2026-08-0210847,league,AlexDBn1,,
2026-08-02,modern-league-2026-08-0210847,league,AmosOrion,,
2026-08-02,modern-league-2026-08-0210847,league,Ardonas,,
2026-08-02,modern-league-2026-08-0210847,league,Asmodai02,,
2026-08-02,modern-league-2026-08-0210847,league,BLJ,,
2026-08-02,modern-league-2026-08-0210847,league,Bangood,,
2026-08-02,modern-league-2026-08-0210847,league,BoltTheBirds,,
2026-08-02,modern-league-2026-08-0210847,league,Brunister,,
2026-08-02,modern-league-2026-08-0210847,league,Capriccioso,,
2026-08-02,modern-league-2026-08-0210847,league,Crosis886,,
2026-08-02,modern-league-2026-08-0210847,league,DFrank,,
2026-08-02,modern-league-2026-08-0210847,league,Downfall89,,
2026-08-02,modern-league-2026-08-0210847,league,EL_Zanetti,,
2026-08-02,modern-league-2026-08-0210847,league,Eddard99,,
2026-08-02,modern-league-2026-08-0210847,league,Fangus87,,
2026-08-02,modern-league-2026-08-0210847,league,Galanator,,
2026-08-02,modern-league-2026-08-0210847,league,Gamedaiv,,
2026-08-02,modern-league-2026-08-0210847,league,Glins,,
2026-08-02,modern-league-2026-08-0210847,league,Hypsh,,
2026-08-02,modern-league-2026-08-0210847,league,Iplantz,,
2026-08-02,modern-league-2026-08-0210847,league,Jack_Fall,,
2026-08-02,modern-league-2026-08-0210847,league,Jamthan,,
2026-08-02,modern-league-2026-08-0210847,league,LFC,,
2026-08-02,modern-league-2026-08-0210847,league,LaNewbie,,
2026-08-02,modern-league-2026-08-0210847,league,LalauWBA,,
2026-08-02,modern-league-2026-08-0210847,league,MHayashi,,
2026-08-02,modern-league-2026-08-0210847,league,Maccaciock,,
2026-08-02,modern-league-2026-08-0210847,league,Magric,,
2026-08-02,modern-league-2026-08-0210847,league,Mr-Nice,,
2026-08-02,modern-league-2026-08-0210847,league,NotJim,,
2026-08-02,modern-league-2026-08-0210847,league,ODlS,,
2026-08-02,modern-league-2026-08-0210847,league,PhoeniXVille_0315,,
2026-08-02,modern-league-2026-08-0210847,league,Picomtg,,
2026-08-02,modern-league-2026-08-0210847,league,PieGonti,,
2026-08-02,modern-league-2026-08-0210847,league,Piglet,,
2026-08-02,modern-league-2026-08-0210847,league,Prim3Time,,
2026-08-02,modern-league-2026-08-0210847,league,RSAX,,
2026-08-02,modern-league-2026-08-0210847,league,Rack,,
2026-08-02,modern-league-2026-08-0210847,league,Snoobie,,
2026-08-02,modern-league-2026-08-0210847,league,Sockdolager,,
2026-08-02,modern-league-2026-08-0210847,league,SpiderSpace,,
2026-08-02,modern-league-2026-08-0210847,league,SvenSveeterSven,,
2026-08-02,modern-league-2026-08-0210847,league,Than,,
2026-08-02,modern-league-2026-08-0210847,league,TheSaberVault,,
2026-08-02,modern-league-2026-08-0210847,league,TomCairns,,
2026-08-02,modern-league-2026-08-0210847,league,TonyBerts,,
2026-08-02,modern-league-2026-08-0210847,league,UnsungZero,,
2026-08-02,modern-league-2026-08-0210847,league,WhensMarvel,,
2026-08-02,modern-league-2026-08-0210847,league,ZimaYZW,,
2026-08-02,modern-league-2026-08-0210847,league,Zoru,,
2026-08-02,modern-league-2026-08-0210847,league,_epinephrine,,
2026-08-02,modern-league-2026-08-0210847,league,_theMoonSage_,,
2026-08-02,modern-league-2026-08-0210847,league,bathutubgod,,
2026-08-02,modern-league-2026-08-0210847,league,bbotonline,,
2026-08-02,modern-league-2026-08-0210847,league,don_mars,,
2026-08-02,modern-league-2026-08-0210847,league,kimkimmer,,
2026-08-02,modern-league-2026-08-0210847,league,mikeleee,,
2026-08-02,modern-league-2026-08-0210847,league,mtgobazaar8,,
2026-08-02,modern-league-2026-08-0210847,league,ryuumei,,
2026-08-02,modern-league-2026-08-0210847,league,takeInitiative,,
2026-08-02,modern-league-2026-08-0210847,league,touto_Isle,,
2026-08-02,modern-league-2026-08-0210847,league,tylerthememer,,
2026-08-02,modern-league-2026-08-0210847,league,walshi4life,,
2026-08-02,modern-league-2026-08-0210847,league,wzanotti,,
2026-08-03,modern-challenge-64-2026-08-0312849488,challenge-64,MystikHawk,1,15
2026-08-03,modern-challenge-64-2026-08-0312849488,challenge-64,LegacyGrinder,2,15
2026-08-03,modern-challenge-64-2026-08-0312849488,challenge-64,Skeptic2304,3,18
2026-08-03,modern-challenge-64-2026-08-0312849488,challenge-64,niuwaid001,4,18
2026-08-03,modern-challenge-64-2026-08-0312849488,challenge-64,Tree42o,5,21
2026-08-03,modern-challenge-64-2026-08-0312849488,challenge-64,KingHairy,6,18
2026-08-03,modern-challenge-64-2026-08-0312849488,challenge-64,Slasher21,7,18
2026-08-03,modern-challenge-64-2026-08-0312849488,challenge-64,Odin2015,8,18
2026-08-03,modern-challenge-64-2026-08-0312849488,challenge-64,auzzie51,9,15
2026-08-03,modern-challenge-64-2026-08-0312849488,challenge-64,KurumimBagoRosa,10,15
2026-08-03,modern-challenge-64-2026-08-0312849488,challenge-64,YungDingo,11,15
2026-08-03,modern-challenge-64-2026-08-0312849488,challenge-64,nick4567,12,15
2026-08-03,modern-challenge-64-2026-08-0312849488,challenge-64,ipadkid,13,15
2026-08-03,modern-challenge-64-2026-08-0312849488,challenge-64,dayodemayo,14,15
2026-08-03,modern-challenge-64-2026-08-0312849488,challenge-64,zbogames,15,15
2026-08-03,modern-challenge-64-2026-08-0312849488,challenge-64,JustAnotherGuy83,16,15
2026-08-03,modern-challenge-64-2026-08-0312849488,challenge-64,fanahova,17,15
2026-08-03,modern-challenge-64-2026-08-0312849488,challenge-64,Sorathrix,18,12
2026-08-03,modern-challenge-64-2026-08-0312849488,challenge-64,bathutubgod,19,12
2026-08-03,modern-challenge-64-2026-08-0312849488,challenge-64,bcs8995,20,12
2026-08-03,modern-challenge-64-2026-08-0312849488,challenge-64,ShadowTitan1,21,12
2026-08-03,modern-challenge-64-2026-08-0312849488,challenge-64,xl_snapcaster,22,12
2026-08-03,modern-challenge-64-2026-08-0312849488,challenge-64,Kollslaw,23,12
2026-08-03,modern-challenge-64-2026-08-0312849488,challenge-64,Chichichi,24,12
2026-08-03,modern-challenge-64-2026-08-0312849488,challenge-64,jakobpablo,25,12
2026-08-03,modern-challenge-64-2026-08-0312849488,challenge-64,DemianDesposito10,26,12
2026-08-03,modern-challenge-64-2026-08-0312849488,challenge-64,Kuhmero,27,12
2026-08-03,modern-challenge-64-2026-08-0312849488,challenge-64,Xsper,28,12
2026-08-03,modern-challenge-64-2026-08-0312849488,challenge-64,ashame,29,12
2026-08-03,modern-challenge-64-2026-08-0312849488,challenge-64,internetsurfer09,30,12
2026-08-03,modern-challenge-64-2026-08-0312849488,challenge-64,justFeather,31,12
2026-08-03,modern-challenge-64-2026-08-0312849488,challenge-64,kcomedina,32,12
2026-08-03,modern-challenge-96-2026-08-0312849492,challenge-96,DskBayWolf,1,18
2026-08-03,modern-challenge-96-2026-08-0312849492,challenge-96,oosunq,2,18
2026-08-03,modern-challenge-96-2026-08-0312849492,challenge-96,sokos13,3,21
2026-08-03,modern-challenge-96-2026-08-0312849492,challenge-96,reidq7,4,21
2026-08-03,modern-challenge-96-2026-08-0312849492,challenge-96,MayoDominaria,5,21
2026-08-03,modern-challenge-96-2026-08-0312849492,challenge-96,Alico,6,21
2026-08-03,modern-challenge-96-2026-08-0312849492,challenge-96,ipadkid,7,21
2026-08-03,modern-challenge-96-2026-08-0312849492,challenge-96,Gerschi,8,18
2026-08-03,modern-challenge-96-2026-08-0312849492,challenge-96,Lightspirit,9,18
2026-08-03,modern-challenge-96-2026-08-0312849492,challenge-96,Laplasjan,10,18
2026-08-03,modern-challenge-96-2026-08-0312849492,challenge-96,JPA93,11,18
2026-08-03,modern-challenge-96-2026-08-0312849492,challenge-96,Pallocchia314,12,18
2026-08-03,modern-challenge-96-2026-08-0312849492,challenge-96,SpikeCHEN,13,18
2026-08-03,modern-challenge-96-2026-08-0312849492,challenge-96,Omegauo,14,18
2026-08-03,modern-challenge-96-2026-08-0312849492,challenge-96,justFeather,15,18
2026-08-03,modern-challenge-96-2026-08-0312849492,challenge-96,JakeTMS,16,18
2026-08-03,modern-challenge-96-2026-08-0312849492,challenge-96,xl_snapcaster,17,18
2026-08-03,modern-challenge-96-2026-08-0312849492,challenge-96,gooplay1,18,18
2026-08-03,modern-challenge-96-2026-08-0312849492,challenge-96,Nunoboo,19,15
2026-08-03,modern-challenge-96-2026-08-0312849492,challenge-96,Deucebuckbuck,20,15
2026-08-03,modern-challenge-96-2026-08-0312849492,challenge-96,therock988,21,15
2026-08-03,modern-challenge-96-2026-08-0312849492,challenge-96,hugofreitas1,22,15
2026-08-03,modern-challenge-96-2026-08-0312849492,challenge-96,Mikebrav,23,15
2026-08-03,modern-challenge-96-2026-08-0312849492,challenge-96,Mtyrant,24,15
2026-08-03,modern-challenge-96-2026-08-0312849492,challenge-96,Ticky13,25,15
2026-08-03,modern-challenge-96-2026-08-0312849492,challenge-96,Rvng,26,15
2026-08-03,modern-challenge-96-2026-08-0312849492,challenge-96,Zuin,27,15
2026-08-03,modern-challenge-96-2026-08-0312849492,challenge-96,Fransadness,28,15
2026-08-03,modern-challenge-96-2026-08-0312849492,challenge-96,Aced5,29,15
2026-08-03,modern-challenge-96-2026-08-0312849492,challenge-96,Efgan3,30,15
2026-08-03,modern-challenge-96-2026-08-0312849492,challenge-96,Capitano_CL,31,15
2026-08-03,modern-challenge-96-2026-08-0312849492,challenge-96,mommydom_manifesto,32,15
2026-08-03,modern-league-2026-08-0310847,league,ATXroy,,
2026-08-03,modern-league-2026-08-0310847,league,Andrea_Paglialunga,,
2026-08-03,modern-league-2026-08-0310847,league,BestSmurgNA,,
2026-08-03,modern-league-2026-08-0310847,league,CacZarn,,
2026-08-03,modern-league-2026-08-0310847,league,Cake363,,
2026-08-03,modern-league-2026-08-0310847,league,Comrade1312,,
2026-08-03,modern-league-2026-08-0310847,league,CrisMTG77,,
2026-08-03,modern-league-2026-08-0310847,league,Cristj1993,,
2026-08-03,modern-league-2026-08-0310847,league,Do0mSwitch,,
2026-08-03,modern-league-2026-08-0310847,league,EL_Zanetti,,
2026-08-03,modern-league-2026-08-0310847,league,Galanator,,
2026-08-03,modern-league-2026-08-0310847,league,GothMuse,,
2026-08-03,modern-league-2026-08-0310847,league,ItsSwiftyTime,,
2026-08-03,modern-league-2026-08-0310847,league,Jokersrwild,,
2026-08-03,modern-league-2026-08-0310847,league,Leohard,,
2026-08-03,modern-league-2026-08-0310847,league,LotusLore,,
2026-08-03,modern-league-2026-08-0310847,league,MHayashi,,
2026-08-03,modern-league-2026-08-0310847,league,MatsOle,,
2026-08-03,modern-league-2026-08-0310847,league,Miss_nothing,,
2026-08-03,modern-league-2026-08-0310847,league,Mistakenn,,
2026-08-03,modern-league-2026-08-0310847,league,Mogged,,
2026-08-03,modern-league-2026-08-0310847,league,Niko237,,
2026-08-03,modern-league-2026-08-0310847,league,Nowayh,,
2026-08-03,modern-league-2026-08-0310847,league,NuBlkAu,,
2026-08-03,modern-league-2026-08-0310847,league,OafMcNamara,,
2026-08-03,modern-league-2026-08-0310847,league,PieGonti,,
2026-08-03,modern-league-2026-08-0310847,league,Player44,,
2026-08-03,modern-league-2026-08-0310847,league,PuntThenWhine,,
2026-08-03,modern-league-2026-08-0310847,league,R3tr0sp3ct,,
2026-08-03,modern-league-2026-08-0310847,league,RSS29,,
2026-08-03,modern-league-2026-08-0310847,league,Rvng,,
2026-08-03,modern-league-2026-08-0310847,league,SlighGuy,,
2026-08-03,modern-league-2026-08-0310847,league,Sockdolager,,
2026-08-03,modern-league-2026-08-0310847,league,SpiderSpace,,
2026-08-03,modern-league-2026-08-0310847,league,Strix52,,
2026-08-03,modern-league-2026-08-0310847,league,TFTIjhub,,
2026-08-03,modern-league-2026-08-0310847,league,TGR,,
2026-08-03,modern-league-2026-08-0310847,league,TacoCat_,,
2026-08-03,modern-league-2026-08-0310847,league,TomCairns,,
2026-08-03,modern-league-2026-08-0310847,league,Toscanini,,
2026-08-03,modern-league-2026-08-0310847,league,TreebornFrog,,
2026-08-03,modern-league-2026-08-0310847,league,VentoAureo,,
2026-08-03,modern-league-2026-08-0310847,league,Violent_Outburst,,
2026-08-03,modern-league-2026-08-0310847,league,_must_be_nice,,
2026-08-03,modern-league-2026-08-0310847,league,bbotonline,,
2026-08-03,modern-league-2026-08-0310847,league,bbotonline,,
2026-08-03,modern-league-2026-08-0310847,league,bloscott220,,
2026-08-03,modern-league-2026-08-0310847,league,broers_,,
2026-08-03,modern-league-2026-08-0310847,league,cypress223,,
2026-08-03,modern-league-2026-08-0310847,league,drew1319,,
2026-08-03,modern-league-2026-08-0310847,league,jmar834,,
2026-08-03,modern-league-2026-08-0310847,league,kePs,,
2026-08-03,modern-league-2026-08-0310847,league,nekosuke,,
2026-08-03,modern-league-2026-08-0310847,league,oxirrinco,,
2026-08-03,modern-league-2026-08-0310847,league,prizedamalgam,,
2026-08-03,modern-league-2026-08-0310847,league,rameison,,
2026-08-03,modern-league-2026-08-0310847,league,ratabruta,,
2026-08-03,modern-league-2026-08-0310847,league,reaper9206,,
2026-08-03,modern-league-2026-08-0310847,league,romstek,,
2026-08-03,modern-league-2026-08-0310847,league,runn3runn3r,,
2026-08-03,modern-league-2026-08-0310847,league,spragge,,
2026-08-03,modern-league-2026-08-0310847,league,tormentcaz,,
2026-08-03,modern-league-2026-08-0310847,league,xngchong,,
2026-08-03,modern-league-2026-08-0310847,league,zhangkh,,
2026-08-04,modern-challenge-64-2026-08-0412849507,challenge-64,Rashek,1,15
2026-08-04,modern-challenge-64-2026-08-0412849507,challenge-64,Alico,2,18
2026-08-04,modern-challenge-64-2026-08-0412849507,challenge-64,Omegauo,3,18
2026-08-04,modern-challenge-64-2026-08-0412849507,challenge-64,Dydyk95,4,18
2026-08-04,modern-challenge-64-2026-08-0412849507,challenge-64,oinkmage22,5,21
2026-08-04,modern-challenge-64-2026-08-0412849507,challenge-64,VizosMTG,6,18
2026-08-04,modern-challenge-64-2026-08-0412849507,challenge-64,minimiz,7,15
2026-08-04,modern-challenge-64-2026-08-0412849507,challenge-64,NathanOfTheGiltLeaf,8,15
2026-08-04,modern-challenge-64-2026-08-0412849507,challenge-64,Mtrama,9,15
2026-08-04,modern-challenge-64-2026-08-0412849507,challenge-64,Odin2015,10,15
2026-08-04,modern-challenge-64-2026-08-0412849507,challenge-64,Azja,11,15
2026-08-04,modern-challenge-64-2026-08-0412849507,challenge-64,Willthepill,12,15
2026-08-04,modern-challenge-64-2026-08-0412849507,challenge-64,cormano,13,15
2026-08-04,modern-challenge-64-2026-08-0412849507,challenge-64,MeninooNey,14,15
2026-08-04,modern-challenge-64-2026-08-0412849507,challenge-64,OafMcNamara,15,15
2026-08-04,modern-challenge-64-2026-08-0412849507,challenge-64,derlumberzack,16,15
2026-08-04,modern-challenge-64-2026-08-0412849507,challenge-64,Abbygale,17,15
2026-08-04,modern-challenge-64-2026-08-0412849507,challenge-64,Off1ine__,18,15
2026-08-04,modern-challenge-64-2026-08-0412849507,challenge-64,LucasG1ggs,19,15
2026-08-04,modern-challenge-64-2026-08-0412849507,challenge-64,DerpityDerpz,20,15
2026-08-04,modern-challenge-64-2026-08-0412849507,challenge-64,Archer365,21,12
2026-08-04,modern-challenge-64-2026-08-0412849507,challenge-64,Porks,22,12
2026-08-04,modern-challenge-64-2026-08-0412849507,challenge-64,albertosd87,23,12
2026-08-04,modern-challenge-64-2026-08-0412849507,challenge-64,cntrlfreak_ttv,24,12
2026-08-04,modern-challenge-64-2026-08-0412849507,challenge-64,nahuel10,25,12
2026-08-04,modern-challenge-64-2026-08-0412849507,challenge-64,DayBreakMe,26,12
2026-08-04,modern-challenge-64-2026-08-0412849507,challenge-64,Xsper,27,12
2026-08-04,modern-challenge-64-2026-08-0412849507,challenge-64,jvidarte,28,12
2026-08-04,modern-challenge-64-2026-08-0412849507,challenge-64,Tinker_deck,29,12
2026-08-04,modern-challenge-64-2026-08-0412849507,challenge-64,i_b_TRUE,30,12
2026-08-04,modern-challenge-64-2026-08-0412849507,challenge-64,ChinaNO2,31,12
2026-08-04,modern-challenge-64-2026-08-0412849507,challenge-64,SFDK,32,12
2026-08-04,modern-league-2026-08-0410847,league,1OR513N86,,
2026-08-04,modern-league-2026-08-0410847,league,Accio,,
2026-08-04,modern-league-2026-08-0410847,league,Alan07,,
2026-08-04,modern-league-2026-08-0410847,league,AlpInco,,
2026-08-04,modern-league-2026-08-0410847,league,ArtyMac,,
2026-08-04,modern-league-2026-08-0410847,league,BENJIpug,,
2026-08-04,modern-league-2026-08-0410847,league,BoreiMTG,,
2026-08-04,modern-league-2026-08-0410847,league,Brabble,,
2026-08-04,modern-league-2026-08-0410847,league,Brunes,,
2026-08-04,modern-league-2026-08-0410847,league,Calambity,,
2026-08-04,modern-league-2026-08-0410847,league,Chichichi,,
2026-08-04,modern-league-2026-08-0410847,league,Ciraris,,
2026-08-04,modern-league-2026-08-0410847,league,Ciraris,,
2026-08-04,modern-league-2026-08-0410847,league,Conniseurof4drops,,
2026-08-04,modern-league-2026-08-0410847,league,CrazyCactusLady,,
2026-08-04,modern-league-2026-08-0410847,league,Cyncopath,,
2026-08-04,modern-league-2026-08-0410847,league,DB_Myra00,,
2026-08-04,modern-league-2026-08-0410847,league,Devantoi,,
2026-08-04,modern-league-2026-08-0410847,league,Downfall89,,
2026-08-04,modern-league-2026-08-0410847,league,FacadeJK,,
2026-08-04,modern-league-2026-08-0410847,league,GLAM_,,
2026-08-04,modern-league-2026-08-0410847,league,Galanator,,
2026-08-04,modern-league-2026-08-0410847,league,Gyzi13,,
2026-08-04,modern-league-2026-08-0410847,league,Hummaboo,,
2026-08-04,modern-league-2026-08-0410847,league,Iplantz,,
2026-08-04,modern-league-2026-08-0410847,league,JakeShoes,,
2026-08-04,modern-league-2026-08-0410847,league,Jonson26,,
2026-08-04,modern-league-2026-08-0410847,league,KangXiaotian,,
2026-08-04,modern-league-2026-08-0410847,league,KarnaTTN,,
2026-08-04,modern-league-2026-08-0410847,league,KillerN,,
2026-08-04,modern-league-2026-08-0410847,league,LordEgg,,
2026-08-04,modern-league-2026-08-0410847,league,Lumek,,
2026-08-04,modern-league-2026-08-0410847,league,MonoGFalcon,,
2026-08-04,modern-league-2026-08-0410847,league,Mtrama,,
2026-08-04,modern-league-2026-08-0410847,league,Nagato_Boran,,
2026-08-04,modern-league-2026-08-0410847,league,Nekrohero,,
2026-08-04,modern-league-2026-08-0410847,league,Octarium_,,
2026-08-04,modern-league-2026-08-0410847,league,Pan0323,,
2026-08-04,modern-league-2026-08-0410847,league,PharmD_MTG,,
2026-08-04,modern-league-2026-08-0410847,league,PhyrexianSwarm,,
2026-08-04,modern-league-2026-08-0410847,league,PieGonti,,
2026-08-04,modern-league-2026-08-0410847,league,Rebellion1308,,
2026-08-04,modern-league-2026-08-0410847,league,RiceTackler,,
2026-08-04,modern-league-2026-08-0410847,league,Rudokant,,
2026-08-04,modern-league-2026-08-0410847,league,SnackyTreehorn,,
2026-08-04,modern-league-2026-08-0410847,league,Traumatismes,,
2026-08-04,modern-league-2026-08-0410847,league,VampireDiaries,,
2026-08-04,modern-league-2026-08-0410847,league,Vonducky,,
2026-08-04,modern-league-2026-08-0410847,league,WaffleWiz,,
2026-08-04,modern-league-2026-08-0410847,league,Wiltron92,,
2026-08-04,modern-league-2026-08-0410847,league,Zeect,,
2026-08-04,modern-league-2026-08-0410847,league,_theMoonSage_,,
2026-08-04,modern-league-2026-08-0410847,league,dogeatinghotdog,,
2026-08-04,modern-league-2026-08-0410847,league,fondaparinoux,,
2026-08-04,modern-league-2026-08-0410847,league,ipadkid,,
2026-08-04,modern-league-2026-08-0410847,league,k2slice,,
2026-08-04,modern-league-2026-08-0410847,league,maear,,
2026-08-04,modern-league-2026-08-0410847,league,maicmaic,,
2026-08-04,modern-league-2026-08-0410847,league,mikeleee,,
2026-08-04,modern-league-2026-08-0410847,league,monste94,,
2026-08-04,modern-league-2026-08-0410847,league,nRAnyOne,,
2026-08-04,modern-league-2026-08-0410847,league,sleightofhand94,,
2026-08-05,modern-challenge-32-2026-08-0512849509,challenge-32,PhyrexianSwarm,1,18
2026-08-05,modern-challenge-32-2026-08-0512849509,challenge-32,selesneal,2,18
2026-08-05,modern-challenge-32-2026-08-0512849509,challenge-32,KurumimBagoRosa,3,18
2026-08-05,modern-challenge-32-2026-08-0512849509,challenge-32,ResponsiblyStupid,4,15
2026-08-05,modern-challenge-32-2026-08-0512849509,challenge-32,jvidarte,5,18
2026-08-05,modern-challenge-32-2026-08-0512849509,challenge-32,ipadkid,6,18
2026-08-05,modern-challenge-32-2026-08-0512849509,challenge-32,ShadowTitan1,7,15
2026-08-05,modern-challenge-32-2026-08-0512849509,challenge-32,nahuel10,8,15
2026-08-05,modern-challenge-32-2026-08-0512849509,challenge-32,olbeda,9,15
2026-08-05,modern-challenge-32-2026-08-0512849509,challenge-32,EthanBird,10,15
2026-08-05,modern-challenge-32-2026-08-0512849509,challenge-32,IronBeagle,11,15
2026-08-05,modern-challenge-32-2026-08-0512849509,challenge-32,Slasher21,12,15
2026-08-05,modern-challenge-32-2026-08-0512849509,challenge-32,quinniac,13,15
2026-08-05,modern-challenge-32-2026-08-0512849509,challenge-32,MeninooNey,14,15
2026-08-05,modern-challenge-32-2026-08-0512849509,challenge-32,Chichichi,15,15
2026-08-05,modern-challenge-32-2026-08-0512849509,challenge-32,yriel,16,12
2026-08-05,modern-challenge-32-2026-08-0512849509,challenge-32,manohito,17,12
2026-08-05,modern-challenge-32-2026-08-0512849509,challenge-32,Joey_Wheeler,18,12
2026-08-05,modern-challenge-32-2026-08-0512849509,challenge-32,nick4567,19,12
2026-08-05,modern-challenge-32-2026-08-0512849509,challenge-32,Venom01,20,12
2026-08-05,modern-challenge-32-2026-08-0512849509,challenge-32,Kuhmero,21,12
2026-08-05,modern-challenge-32-2026-08-0512849509,challenge-32,Kollslaw,22,12
2026-08-05,modern-challenge-32-2026-08-0512849509,challenge-32,AldenCates,23,12
2026-08-05,modern-challenge-32-2026-08-0512849509,challenge-32,AvianScrolls,24,12
2026-08-05,modern-challenge-32-2026-08-0512849509,challenge-32,eclipse4343,25,12
2026-08-05,modern-challenge-32-2026-08-0512849509,challenge-32,Lexus_Rx,26,12
2026-08-05,modern-challenge-32-2026-08-0512849509,challenge-32,LucasG1ggs,27,12
2026-08-05,modern-challenge-32-2026-08-0512849509,challenge-32,PJKP,28,9
2026-08-05,modern-challenge-32-2026-08-0512849509,challenge-32,Sam_Lewin,29,9
2026-08-05,modern-challenge-32-2026-08-0512849509,challenge-32,DayBreakMe,30,9
2026-08-05,modern-challenge-32-2026-08-0512849509,challenge-32,littesir095,31,9
2026-08-05,modern-challenge-32-2026-08-0512849509,challenge-32,hugofreitas1,32,9
2026-08-05,modern-challenge-32-2026-08-0512850696,challenge-32,BowBloBiw,1,15
2026-08-05,modern-challenge-32-2026-08-0512850696,challenge-32,JustAnotherGuy83,2,18
2026-08-05,modern-challenge-32-2026-08-0512850696,challenge-32,FynnOfBlood,3,15
2026-08-05,modern-challenge-32-2026-08-0512850696,challenge-32,lilcreacher,4,15
2026-08-05,modern-challenge-32-2026-08-0512850696,challenge-32,Rashek,5,15
2026-08-05,modern-challenge-32-2026-08-0512850696,challenge-32,YungDingo,6,12
2026-08-05,modern-challenge-32-2026-08-0512850696,challenge-32,GregorV,7,12
2026-08-05,modern-challenge-32-2026-08-0512850696,challenge-32,ShadowTitan1,8,12
2026-08-05,modern-challenge-32-2026-08-0512850696,challenge-32,NathanOfTheGiltLeaf,9,12
2026-08-05,modern-challenge-32-2026-08-0512850696,challenge-32,Cachorrowo,10,12
2026-08-05,modern-challenge-32-2026-08-0512850696,challenge-32,Acecalna,11,12
2026-08-05,modern-challenge-32-2026-08-0512850696,challenge-32,Moe12,12,12
2026-08-05,modern-challenge-32-2026-08-0512850696,challenge-32,J4K3ST3R02,13,12
2026-08-05,modern-challenge-32-2026-08-0512850696,challenge-32,Chichichi,14,12
2026-08-05,modern-challenge-32-2026-08-0512850696,challenge-32,Scooby_Snacks,15,12
2026-08-05,modern-challenge-32-2026-08-0512850696,challenge-32,MeninooNey,16,12
2026-08-05,modern-challenge-32-2026-08-0512850696,challenge-32,DelverFofoqueiro,17,9
2026-08-05,modern-challenge-32-2026-08-0512850696,challenge-32,Scorpion100,18,9
2026-08-05,modern-challenge-32-2026-08-0512850696,challenge-32,Sc0rp,19,9
2026-08-05,modern-challenge-32-2026-08-0512850696,challenge-32,Emil123,20,9
2026-08-05,modern-challenge-32-2026-08-0512850696,challenge-32,molimomaro,21,9
2026-08-05,modern-challenge-32-2026-08-0512850696,challenge-32,ipadkid,22,9
2026-08-05,modern-challenge-32-2026-08-0512850696,challenge-32,levunga21,23,9
2026-08-05,modern-challenge-32-2026-08-0512850696,challenge-32,ashame,24,9
2026-08-05,modern-challenge-32-2026-08-0512850696,challenge-32,filpin,25,9
2026-08-05,modern-challenge-32-2026-08-0512850696,challenge-32,acelerado440,26,9
2026-08-05,modern-challenge-32-2026-08-0512850696,challenge-32,nahuel10,27,6
2026-08-05,modern-challenge-32-2026-08-0512850696,challenge-32,DemianDesposito10,28,6
2026-08-05,modern-challenge-32-2026-08-0512850696,challenge-32,stefansson30952,29,6
2026-08-05,modern-challenge-32-2026-08-0512850696,challenge-32,Sorathrix,30,6
2026-08-05,modern-challenge-32-2026-08-0512850696,challenge-32,reidq7,31,6
2026-08-05,modern-challenge-32-2026-08-0512850696,challenge-32,NJ5030,32,6
2026-08-05,modern-league-2026-08-0510847,league,AcousticSverre,,
2026-08-05,modern-league-2026-08-0510847,league,Based,,
2026-08-05,modern-league-2026-08-0510847,league,BesmirchTheKing,,
2026-08-05,modern-league-2026-08-0510847,league,Carton,,
2026-08-05,modern-league-2026-08-0510847,league,CatarsiAddosso,,
2026-08-05,modern-league-2026-08-0510847,league,Cptwalnut,,
2026-08-05,modern-league-2026-08-0510847,league,Evariel,,
2026-08-05,modern-league-2026-08-0510847,league,Falco_Lombardi,,
2026-08-05,modern-league-2026-08-0510847,league,House565,,
2026-08-05,modern-league-2026-08-0510847,league,Indebendent,,
2026-08-05,modern-league-2026-08-0510847,league,JakeShoes,,
2026-08-05,modern-league-2026-08-0510847,league,Jrcitizen,,
2026-08-05,modern-league-2026-08-0510847,league,KarnaTTN,,
2026-08-05,modern-league-2026-08-0510847,league,KevinCon,,
2026-08-05,modern-league-2026-08-0510847,league,Magric,,
2026-08-05,modern-league-2026-08-0510847,league,Minuet,,
2026-08-05,modern-league-2026-08-0510847,league,Nalik,,
2026-08-05,modern-league-2026-08-0510847,league,Nilsfit,,
2026-08-05,modern-league-2026-08-0510847,league,Pallocchia314,,
2026-08-05,modern-league-2026-08-0510847,league,PharmD_MTG,,
2026-08-05,modern-league-2026-08-0510847,league,Pheipon,,
2026-08-05,modern-league-2026-08-0510847,league,QueenVarrone,,
2026-08-05,modern-league-2026-08-0510847,league,RunningPineapple,,
2026-08-05,modern-league-2026-08-0510847,league,Silveryyy,,
2026-08-05,modern-league-2026-08-0510847,league,SlavSlays,,
2026-08-05,modern-league-2026-08-0510847,league,Tarmofaeries,,
2026-08-05,modern-league-2026-08-0510847,league,TomCairns,,
2026-08-05,modern-league-2026-08-0510847,league,TuckerMTG,,
2026-08-05,modern-league-2026-08-0510847,league,VenerableLammasu,,
2026-08-05,modern-league-2026-08-0510847,league,VriesMTG,,
2026-08-05,modern-league-2026-08-0510847,league,_must_be_nice,,
2026-08-05,modern-league-2026-08-0510847,league,albertosd87,,
2026-08-05,modern-league-2026-08-0510847,league,bbotonline,,
2026-08-05,modern-league-2026-08-0510847,league,cpdoubleyou,,
2026-08-05,modern-league-2026-08-0510847,league,frekinsmart,,
2026-08-05,modern-league-2026-08-0510847,league,goldwing1500,,
2026-08-05,modern-league-2026-08-0510847,league,pepeteam,,
2026-08-05,modern-league-2026-08-0510847,league,sheebyjeebys078,,
2026-08-05,modern-league-2026-08-0510847,league,sleightofhand94,,
2026-08-05,modern-league-2026-08-0510847,league,starfall,,
2026-08-05,modern-league-2026-08-0510847,league,vovelta,,
2026-08-06,modern-challenge-32-2026-08-0612850868,challenge-32,TomBombadi1,1,18
2026-08-06,modern-challenge-32-2026-08-0612850868,challenge-32,yriel,2,15
2026-08-06,modern-challenge-32-2026-08-0612850868,challenge-32,MatheusPonciano,3,15
2026-08-06,modern-challenge-32-2026-08-0612850868,challenge-32,levunga21,4,12
2026-08-06,modern-challenge-32-2026-08-0612850868,challenge-32,Odin2015,5,15
2026-08-06,modern-challenge-32-2026-08-0612850868,challenge-32,selesneal,6,15
2026-08-06,modern-challenge-32-2026-08-0612850868,challenge-32,Savior0117,7,12
2026-08-06,modern-challenge-32-2026-08-0612850868,challenge-32,zhangkh,8,12
2026-08-06,modern-challenge-32-2026-08-0612850868,challenge-32,Aldreen,9,12
2026-08-06,modern-challenge-32-2026-08-0612850868,challenge-32,JPA93,10,12
2026-08-06,modern-challenge-32-2026-08-0612850868,challenge-32,Chichichi,11,12
2026-08-06,modern-challenge-32-2026-08-0612850868,challenge-32,ashame,12,12
2026-08-06,modern-challenge-32-2026-08-0612850868,challenge-32,ipadkid,13,12
2026-08-06,modern-challenge-32-2026-08-0612850868,challenge-32,hugofreitas1,14,12
2026-08-06,modern-challenge-32-2026-08-0612850868,challenge-32,AzureMoon,15,12
2026-08-06,modern-challenge-32-2026-08-0612850868,challenge-32,MeninooNey,16,12
2026-08-06,modern-challenge-32-2026-08-0612850868,challenge-32,therock988,17,9
2026-08-06,modern-challenge-32-2026-08-0612850868,challenge-32,TrueHero,18,9
2026-08-06,modern-challenge-32-2026-08-0612850868,challenge-32,Elioda,19,9
2026-08-06,modern-challenge-32-2026-08-0612850868,challenge-32,nahuel10,20,9
2026-08-06,modern-challenge-32-2026-08-0612850868,challenge-32,Cachorrowo,21,9
2026-08-06,modern-challenge-32-2026-08-0612850868,challenge-32,Selfeisek,22,9
2026-08-06,modern-challenge-32-2026-08-0612850868,challenge-32,LucasG1ggs,23,9
2026-08-06,modern-challenge-32-2026-08-0612850868,challenge-32,YoungElf,24,9
2026-08-06,modern-challenge-32-2026-08-0612850868,challenge-32,FutureExPro,25,6
2026-08-06,modern-challenge-32-2026-08-0612850868,challenge-32,frekinsmart,26,6
2026-08-06,modern-challenge-32-2026-08-0612850868,challenge-32,OafMcNamara,27,6
2026-08-06,modern-challenge-32-2026-08-0612850868,challenge-32,Gerardo94,28,6
2026-08-06,modern-challenge-32-2026-08-0612850868,challenge-32,filpin,29,6
2026-08-06,modern-challenge-32-2026-08-0612850868,challenge-32,zaren43000,30,6
2026-08-06,modern-challenge-32-2026-08-0612850868,challenge-32,BowBloBiw,31,6
2026-08-06,modern-challenge-32-2026-08-0612850868,challenge-32,optivial,32,6
2026-08-06,modern-league-2026-08-0610847,league,Alan07,,
2026-08-06,modern-league-2026-08-0610847,league,Anesteria,,
2026-08-06,modern-league-2026-08-0610847,league,BuelowKarl,,
2026-08-06,modern-league-2026-08-0610847,league,Callad0,,
2026-08-06,modern-league-2026-08-0610847,league,CallumL,,
2026-08-06,modern-league-2026-08-0610847,league,Cyncopath,,
2026-08-06,modern-league-2026-08-0610847,league,DeathShadow22,,
2026-08-06,modern-league-2026-08-0610847,league,Dydyk95,,
2026-08-06,modern-league-2026-08-0610847,league,GabbaGandalf,,
2026-08-06,modern-league-2026-08-0610847,league,Gerschi,,
2026-08-06,modern-league-2026-08-0610847,league,Gniksigerg,,
2026-08-06,modern-league-2026-08-0610847,league,J4K3ST3R02,,
2026-08-06,modern-league-2026-08-0610847,league,Jacktastic_oo1,,
2026-08-06,modern-league-2026-08-0610847,league,JakeShoes,,
2026-08-06,modern-league-2026-08-0610847,league,Jonii,,
2026-08-06,modern-league-2026-08-0610847,league,JuanmaAT,,
2026-08-06,modern-league-2026-08-0610847,league,Kellanved0,,
2026-08-06,modern-league-2026-08-0610847,league,LordEgg,,
2026-08-06,modern-league-2026-08-0610847,league,Lumek,,
2026-08-06,modern-league-2026-08-0610847,league,Magnesio,,
2026-08-06,modern-league-2026-08-0610847,league,MattTumavitch13,,
2026-08-06,modern-league-2026-08-0610847,league,Misplacedginger,,
2026-08-06,modern-league-2026-08-0610847,league,Monsieur_Verdoux,,
2026-08-06,modern-league-2026-08-0610847,league,Mtrama,,
2026-08-06,modern-league-2026-08-0610847,league,Napoleon_I,,
2026-08-06,modern-league-2026-08-0610847,league,OafMcNamara,,
2026-08-06,modern-league-2026-08-0610847,league,Pleyboy,,
2026-08-06,modern-league-2026-08-0610847,league,Pompuskaya,,
2026-08-06,modern-league-2026-08-0610847,league,RandyMarsh97,,
2026-08-06,modern-league-2026-08-0610847,league,Rudokant,,
2026-08-06,modern-league-2026-08-0610847,league,Rvng,,
2026-08-06,modern-league-2026-08-0610847,league,SuperCow12653,,
2026-08-06,modern-league-2026-08-0610847,league,TOP_AI,,
2026-08-06,modern-league-2026-08-0610847,league,TSMJustice,,
2026-08-06,modern-league-2026-08-0610847,league,TYPEWOG,,
2026-08-06,modern-league-2026-08-0610847,league,TalTheTurtle,,
2026-08-06,modern-league-2026-08-0610847,league,Than,,
2026-08-06,modern-league-2026-08-0610847,league,The-Profess,,
2026-08-06,modern-league-2026-08-0610847,league,TheGrandPoisson,,
2026-08-06,modern-league-2026-08-0610847,league,TheTunnelingCat,,
2026-08-06,modern-league-2026-08-0610847,league,TreebornFrog,,
2026-08-06,modern-league-2026-08-0610847,league,Vonducky,,
2026-08-06,modern-league-2026-08-0610847,league,Yunafee,,
2026-08-06,modern-league-2026-08-0610847,league,Zxrogue,,
2026-08-06,modern-league-2026-08-0610847,league,bbotonline,,
2026-08-06,modern-league-2026-08-0610847,league,celobee,,
2026-08-06,modern-league-2026-08-0610847,league,coastae7,,
2026-08-06,modern-league-2026-08-0610847,league,cojase,,
2026-08-06,modern-league-2026-08-0610847,league,fireflymylove,,
2026-08-06,modern-league-2026-08-0610847,league,ipadkid,,
2026-08-06,modern-league-2026-08-0610847,league,kePs,,
2026-08-06,modern-league-2026-08-0610847,league,lillo6,,
2026-08-06,modern-league-2026-08-0610847,league,liuyuchen,,
2026-08-06,modern-league-2026-08-0610847,league,mosh_joscoe,,
2026-08-06,modern-league-2026-08-0610847,league,nahuel10,,
2026-08-06,modern-league-2026-08-0610847,league,oinkmage22,,
2026-08-06,modern-league-2026-08-0610847,league,runn3runn3r,,
2026-08-06,modern-league-2026-08-0610847,league,weezerologist,,
2026-08-07,modern-challenge-64-2026-08-0712850813,challenge-64,eclipse4343,1,18
2026-08-07,modern-challenge-64-2026-08-0712850813,challenge-64,_Batutinha_,2,15
2026-08-07,modern-challenge-64-2026-08-0712850813,challenge-64,klien7,3,18
2026-08-07,modern-challenge-64-2026-08-0712850813,challenge-64,Mtyrant,4,18
2026-08-07,modern-challenge-64-2026-08-0712850813,challenge-64,scipios,5,21
2026-08-07,modern-challenge-64-2026-08-0712850813,challenge-64,Laplasjan,6,18
2026-08-07,modern-challenge-64-2026-08-0712850813,challenge-64,JuanmaAT,7,18
2026-08-07,modern-challenge-64-2026-08-0712850813,challenge-64,Sarlanga,8,15
2026-08-07,modern-challenge-64-2026-08-0712850813,challenge-64,FutureExPro,9,15
2026-08-07,modern-challenge-64-2026-08-0712850813,challenge-64,PTarts2win,10,15
2026-08-07,modern-challenge-64-2026-08-0712850813,challenge-64,ShadowTitan1,11,15
2026-08-07,modern-challenge-64-2026-08-0712850813,challenge-64,Violet_Starmine,12,15
2026-08-07,modern-challenge-64-2026-08-0712850813,challenge-64,jpopster,13,15
2026-08-07,modern-challenge-64-2026-08-0712850813,challenge-64,NathanOfTheGiltLeaf,14,15
2026-08-07,modern-challenge-64-2026-08-0712850813,challenge-64,hugofreitas1,15,15
2026-08-07,modern-challenge-64-2026-08-0712850813,challenge-64,Lightspirit,16,15
2026-08-07,modern-challenge-64-2026-08-0712850813,challenge-64,yriel,17,15
2026-08-07,modern-challenge-64-2026-08-0712850813,challenge-64,Salty_Orange,18,15
2026-08-07,modern-challenge-64-2026-08-0712850813,challenge-64,xl_snapcaster,19,15
2026-08-07,modern-challenge-64-2026-08-0712850813,challenge-64,MeninooNey,20,15
2026-08-07,modern-challenge-64-2026-08-0712850813,challenge-64,MyrRetriever,21,15
2026-08-07,modern-challenge-64-2026-08-0712850813,challenge-64,Chadderk,22,15
2026-08-07,modern-challenge-64-2026-08-0712850813,challenge-64,mommydom_manifesto,23,12
2026-08-07,modern-challenge-64-2026-08-0712850813,challenge-64,Xenowan,24,12
2026-08-07,modern-challenge-64-2026-08-0712850813,challenge-64,KingHairy,25,12
2026-08-07,modern-challenge-64-2026-08-0712850813,challenge-64,Aldreen,26,12
2026-08-07,modern-challenge-64-2026-08-0712850813,challenge-64,Moe12,27,12
2026-08-07,modern-challenge-64-2026-08-0712850813,challenge-64,Anaxkoraz,28,12
2026-08-07,modern-challenge-64-2026-08-0712850813,challenge-64,Chub_Toad_,29,12
2026-08-07,modern-challenge-64-2026-08-0712850813,challenge-64,Capitano_CL,30,12
2026-08-07,modern-challenge-64-2026-08-0712850813,challenge-64,YABOIJIMJOHN,31,12
2026-08-07,modern-challenge-64-2026-08-0712850813,challenge-64,Pleyboy,32,12
2026-08-07,modern-league-2026-08-0710847,league,AgentP,,
2026-08-07,modern-league-2026-08-0710847,league,AndySCWilson,,
2026-08-07,modern-league-2026-08-0710847,league,Attomium,,
2026-08-07,modern-league-2026-08-0710847,league,BoltU,,
2026-08-07,modern-league-2026-08-0710847,league,Ciraris,,
2026-08-07,modern-league-2026-08-0710847,league,CrisMTG77,,
2026-08-07,modern-league-2026-08-0710847,league,D_A_N_A,,
2026-08-07,modern-league-2026-08-0710847,league,Dydyk95,,
2026-08-07,modern-league-2026-08-0710847,league,Frazzoilpazzo,,
2026-08-07,modern-league-2026-08-0710847,league,Freeky_16,,
2026-08-07,modern-league-2026-08-0710847,league,Golden91,,
2026-08-07,modern-league-2026-08-0710847,league,GrowingPaynes,,
2026-08-07,modern-league-2026-08-0710847,league,Hayseed,,
2026-08-07,modern-league-2026-08-0710847,league,HealthyEgo,,
2026-08-07,modern-league-2026-08-0710847,league,Jonson26,,
2026-08-07,modern-league-2026-08-0710847,league,Kollslaw,,
2026-08-07,modern-league-2026-08-0710847,league,LFC,,
2026-08-07,modern-league-2026-08-0710847,league,Laplasjan,,
2026-08-07,modern-league-2026-08-0710847,league,LeifMtg,,
2026-08-07,modern-league-2026-08-0710847,league,Minuet,,
2026-08-07,modern-league-2026-08-0710847,league,Mogged,,
2026-08-07,modern-league-2026-08-0710847,league,NuBlkAu,,
2026-08-07,modern-league-2026-08-0710847,league,Redman1034,,
2026-08-07,modern-league-2026-08-0710847,league,Ryan_39,,
2026-08-07,modern-league-2026-08-0710847,league,Skeptic2304,,
2026-08-07,modern-league-2026-08-0710847,league,SnailWrangler666,,
2026-08-07,modern-league-2026-08-0710847,league,TokaraStrait,,
2026-08-07,modern-league-2026-08-0710847,league,XboxGreg,,
2026-08-07,modern-league-2026-08-0710847,league,ajl99,,
2026-08-07,modern-league-2026-08-0710847,league,aspiringspike,,
2026-08-07,modern-league-2026-08-0710847,league,bbotonline,,
2026-08-07,modern-league-2026-08-0710847,league,bestdraveneu,,
2026-08-07,modern-league-2026-08-0710847,league,bozo2112,,
2026-08-07,modern-league-2026-08-0710847,league,cgouldner,,
2026-08-07,modern-league-2026-08-0710847,league,coastae7,,
2026-08-07,modern-league-2026-08-0710847,league,darikun,,
2026-08-07,modern-league-2026-08-0710847,league,emairi,,
2026-08-07,modern-league-2026-08-0710847,league,greir,,
2026-08-07,modern-league-2026-08-0710847,league,iReedMinds,,
2026-08-07,modern-league-2026-08-0710847,league,joseaf,,
2026-08-07,modern-league-2026-08-0710847,league,juanmixd,,
2026-08-07,modern-league-2026-08-0710847,league,kimkimmer,,
2026-08-07,modern-league-2026-08-0710847,league,litianshuo670,,
2026-08-07,modern-league-2026-08-0710847,league,littesir095,,
2026-08-07,modern-league-2026-08-0710847,league,littlebinboy,,
2026-08-07,modern-league-2026-08-0710847,league,maci1234,,
2026-08-07,modern-league-2026-08-0710847,league,selesneal,,
2026-08-07,modern-league-2026-08-0710847,league,singto12,,
2026-08-07,modern-league-2026-08-0710847,league,spiderbyte12,,
2026-08-07,modern-league-2026-08-0710847,league,takeInitiative,,
2026-08-07,modern-league-2026-08-0710847,league,tyreel04,,
2026-08-07,modern-league-2026-08-0710847,league,virp13,,
2026-08-07,modern-league-2026-08-0710847,league,weezerologist,,
2026-08-07,modern-league-2026-08-0710847,league,xymoito,,
2026-08-07,modern-league-2026-08-0710847,league,zarbo,,
2026-08-08,modern-challenge-64-2026-08-0812850822,challenge-64,nahuel10,1,18
2026-08-08,modern-challenge-64-2026-08-0812850822,challenge-64,cgouldner,2,15
2026-08-08,modern-challenge-64-2026-08-0812850822,challenge-64,YungDingo,3,18
2026-08-08,modern-challenge-64-2026-08-0812850822,challenge-64,Sam_Lewin,4,18
2026-08-08,modern-challenge-64-2026-08-0812850822,challenge-64,MeninoNey,5,18
2026-08-08,modern-challenge-64-2026-08-0812850822,challenge-64,SuperCow12653,6,18
2026-08-08,modern-challenge-64-2026-08-0812850822,challenge-64,vinnyrussian123,7,15
2026-08-08,modern-challenge-64-2026-08-0812850822,challenge-64,renatoaraujo,8,15
2026-08-08,modern-challenge-64-2026-08-0812850822,challenge-64,AvianScrolls,9,15
2026-08-08,modern-challenge-64-2026-08-0812850822,challenge-64,FacadeJK,10,15
2026-08-08,modern-challenge-64-2026-08-0812850822,challenge-64,JV_7777,11,15
2026-08-08,modern-challenge-64-2026-08-0812850822,challenge-64,CNewman,12,15
2026-08-08,modern-challenge-64-2026-08-0812850822,challenge-64,olbeda,13,15
2026-08-08,modern-challenge-64-2026-08-0812850822,challenge-64,WaffleWiz,14,15
2026-08-08,modern-challenge-64-2026-08-0812850822,challenge-64,LemonadeArchery,15,15
2026-08-08,modern-challenge-64-2026-08-0812850822,challenge-64,Cachorrowo,16,12
2026-08-08,modern-challenge-64-2026-08-0812850822,challenge-64,Arkmaru,17,12
2026-08-08,modern-challenge-64-2026-08-0812850822,challenge-64,IDontNeedAName,18,12
2026-08-08,modern-challenge-64-2026-08-0812850822,challenge-64,manohito,19,12
2026-08-08,modern-challenge-64-2026-08-0812850822,challenge-64,zturchan,20,12
2026-08-08,modern-challenge-64-2026-08-0812850822,challenge-64,-Nausea-,21,12
2026-08-08,modern-challenge-64-2026-08-0812850822,challenge-64,DemianDesposito10,22,12
2026-08-08,modern-challenge-64-2026-08-0812850822,challenge-64,_Batutinha_,23,12
2026-08-08,modern-challenge-64-2026-08-0812850822,challenge-64,Slasher21,24,12
2026-08-08,modern-challenge-64-2026-08-0812850822,challenge-64,maear,25,12
2026-08-08,modern-challenge-64-2026-08-0812850822,challenge-64,Magikal710,26,12
2026-08-08,modern-challenge-64-2026-08-0812850822,challenge-64,hugofreitas1,27,12
2026-08-08,modern-challenge-64-2026-08-0812850822,challenge-64,ZeeGamesTTV,28,12
2026-08-08,modern-challenge-64-2026-08-0812850822,challenge-64,Scappie,29,12
2026-08-08,modern-challenge-64-2026-08-0812850822,challenge-64,kasiso,30,12
2026-08-08,modern-challenge-64-2026-08-0812850822,challenge-64,Lollopollo2001,31,9
2026-08-08,modern-challenge-64-2026-08-0812850822,challenge-64,ShadowTitan1,32,9
2026-08-08,modern-challenge-64-2026-08-0812851142,challenge-64,yunk3r,1,18
2026-08-08,modern-challenge-64-2026-08-0812851142,challenge-64,Trailovsky,2,18
2026-08-08,modern-challenge-64-2026-08-0812851142,challenge-64,littesir095,3,21
2026-08-08,modern-challenge-64-2026-08-0812851142,challenge-64,niuwaid001,4,18
2026-08-08,modern-challenge-64-2026-08-0812851142,challenge-64,Bugsy69,5,18
2026-08-08,modern-challenge-64-2026-08-0812851142,challenge-64,surgetemelo,6,18
2026-08-08,modern-challenge-64-2026-08-0812851142,challenge-64,Aldreen,7,18
2026-08-08,modern-challenge-64-2026-08-0812851142,challenge-64,Jonii,8,15
2026-08-08,modern-challenge-64-2026-08-0812851142,challenge-64,Drugo,9,15
2026-08-08,modern-challenge-64-2026-08-0812851142,challenge-64,AugustRush,10,15
2026-08-08,modern-challenge-64-2026-08-0812851142,challenge-64,Urthstrype,11,15
2026-08-08,modern-challenge-64-2026-08-0812851142,challenge-64,almostomniscient,12,15
2026-08-08,modern-challenge-64-2026-08-0812851142,challenge-64,SanPop,13,15
2026-08-08,modern-challenge-64-2026-08-0812851142,challenge-64,BiIIyBruto,14,15
2026-08-08,modern-challenge-64-2026-08-0812851142,challenge-64,waffelsking,15,15
2026-08-08,modern-challenge-64-2026-08-0812851142,challenge-64,ipadkid,16,15
2026-08-08,modern-challenge-64-2026-08-0812851142,challenge-64,Lat_Drop,17,15
2026-08-08,modern-challenge-64-2026-08-0812851142,challenge-64,thedoc96,18,15
2026-08-08,modern-challenge-64-2026-08-0812851142,challenge-64,FynnOfBlood,19,15
2026-08-08,modern-challenge-64-2026-08-0812851142,challenge-64,Drewid Hermit,20,15
2026-08-08,modern-challenge-64-2026-08-0812851142,challenge-64,JakeTMS,21,15
2026-08-08,modern-challenge-64-2026-08-0812851142,challenge-64,Mortaa,22,15
2026-08-08,modern-challenge-64-2026-08-0812851142,challenge-64,Anemu,23,12
2026-08-08,modern-challenge-64-2026-08-0812851142,challenge-64,532at,24,12
2026-08-08,modern-challenge-64-2026-08-0812851142,challenge-64,Rashek,25,12
2026-08-08,modern-challenge-64-2026-08-0812851142,challenge-64,YABOIJIMJOHN,26,12
2026-08-08,modern-challenge-64-2026-08-0812851142,challenge-64,Legion935,27,12
2026-08-08,modern-challenge-64-2026-08-0812851142,challenge-64,Iaashadow,28,12
2026-08-08,modern-challenge-64-2026-08-0812851142,challenge-64,RealGangStar,29,12
2026-08-08,modern-challenge-64-2026-08-0812851142,challenge-64,Traft,30,12
2026-08-08,modern-challenge-64-2026-08-0812851142,challenge-64,MackSmith,31,12
2026-08-08,modern-challenge-64-2026-08-0812851142,challenge-64,bakkenal,32,12
2026-08-08,modern-league-2026-08-0810847,league,Alozzk,,
2026-08-08,modern-league-2026-08-0810847,league,Ambulance,,
2026-08-08,modern-league-2026-08-0810847,league,BananaJim22,,
2026-08-08,modern-league-2026-08-0810847,league,Ciraris,,
2026-08-08,modern-league-2026-08-0810847,league,Comrade1312,,
2026-08-08,modern-league-2026-08-0810847,league,CptNixon,,
2026-08-08,modern-league-2026-08-0810847,league,Do0mSwitch,,
2026-08-08,modern-league-2026-08-0810847,league,DrPhap,,
2026-08-08,modern-league-2026-08-0810847,league,EnzoHumano,,
2026-08-08,modern-league-2026-08-0810847,league,Ezra95,,
2026-08-08,modern-league-2026-08-0810847,league,Frejat,,
2026-08-08,modern-league-2026-08-0810847,league,Gerschi,,
2026-08-08,modern-league-2026-08-0810847,league,Highzac,,
2026-08-08,modern-league-2026-08-0810847,league,IrisFlowers,,
2026-08-08,modern-league-2026-08-0810847,league,JJ,,
2026-08-08,modern-league-2026-08-0810847,league,Jacobisboss,,
2026-08-08,modern-league-2026-08-0810847,league,Martian_Economist,,
2026-08-08,modern-league-2026-08-0810847,league,MendezCL,,
2026-08-08,modern-league-2026-08-0810847,league,Nagato_Boran,,
2026-08-08,modern-league-2026-08-0810847,league,Nowayh,,
2026-08-08,modern-league-2026-08-0810847,league,ReservoirMog,,
2026-08-08,modern-league-2026-08-0810847,league,Skeptic2304,,
2026-08-08,modern-league-2026-08-0810847,league,SlavSlays,,
2026-08-08,modern-league-2026-08-0810847,league,Smigui,,
2026-08-08,modern-league-2026-08-0810847,league,Sonkerz,,
2026-08-08,modern-league-2026-08-0810847,league,Sorathrix,,
2026-08-08,modern-league-2026-08-0810847,league,Than,,
2026-08-08,modern-league-2026-08-0810847,league,TheM_A_D,,
2026-08-08,modern-league-2026-08-0810847,league,TheRealStormCrow,,
2026-08-08,modern-league-2026-08-0810847,league,Todeshorst,,
2026-08-08,modern-league-2026-08-0810847,league,Zorro7x4,,
2026-08-08,modern-league-2026-08-0810847,league,_theMoonSage_,,
2026-08-08,modern-league-2026-08-0810847,league,_theMoonSage_,,
2026-08-08,modern-league-2026-08-0810847,league,awahhos1,,
2026-08-08,modern-league-2026-08-0810847,league,bazaaretw,,
2026-08-08,modern-league-2026-08-0810847,league,gabbii_,,
2026-08-08,modern-league-2026-08-0810847,league,hxyscott99,,
2026-08-08,modern-league-2026-08-0810847,league,ipadkid,,
2026-08-08,modern-league-2026-08-0810847,league,kavu2br,,
2026-08-08,modern-league-2026-08-0810847,league,kurikka,,
2026-08-08,modern-league-2026-08-0810847,league,littlebinboy,,
2026-08-08,modern-league-2026-08-0810847,league,mvrsv,,
2026-08-08,modern-league-2026-08-0810847,league,shadow_PT,,
2026-08-08,modern-league-2026-08-0810847,league,stormsfury,,
2026-08-08,modern-league-2026-08-0810847,league,tibalt_of_red_sub,,
2026-08-08,modern-league-2026-08-0810847,league,volopt,,
2026-08-08,modern-league-2026-08-0810847,league,waffelsking,,
2026-08-08,modern-league-2026-08-0810847,league,xl_snapcaster,,
2026-08-08,modern-league-2026-08-0810847,league,zpikduM,,
2026-08-09,modern-challenge-64-2026-08-0912851104,challenge-64,Slasher21,1,21
2026-08-09,modern-challenge-64-2026-08-0912851104,challenge-64,Acecalna,2,18
2026-08-09,modern-challenge-64-2026-08-0912851104,challenge-64,GigaChadSigmaMale,3,18
2026-08-09,modern-challenge-64-2026-08-0912851104,challenge-64,bakkenal,4,18
2026-08-09,modern-challenge-64-2026-08-0912851104,challenge-64,gazmon48,5,18
2026-08-09,modern-challenge-64-2026-08-0912851104,challenge-64,auzzie51,6,18
2026-08-09,modern-challenge-64-2026-08-0912851104,challenge-64,mark_68,7,15
2026-08-09,modern-challenge-64-2026-08-0912851104,challenge-64,Kollslaw,8,15
2026-08-09,modern-challenge-64-2026-08-0912851104,challenge-64,bless_von,9,15
2026-08-09,modern-challenge-64-2026-08-0912851104,challenge-64,Sam_Lewin,10,15
2026-08-09,modern-challenge-64-2026-08-0912851104,challenge-64,kattsu,11,15
2026-08-09,modern-challenge-64-2026-08-0912851104,challenge-64,VictorEsquici,12,15
2026-08-09,modern-challenge-64-2026-08-0912851104,challenge-64,TuckerMTG,13,15
2026-08-09,modern-challenge-64-2026-08-0912851104,challenge-64,ipadkid,14,15
2026-08-09,modern-challenge-64-2026-08-0912851104,challenge-64,renatoaraujo,15,15
2026-08-09,modern-challenge-64-2026-08-0912851104,challenge-64,C_S_W____,16,15
2026-08-09,modern-challenge-64-2026-08-0912851104,challenge-64,Mtyrant,17,15
2026-08-09,modern-challenge-64-2026-08-0912851104,challenge-64,felider,18,15
2026-08-09,modern-challenge-64-2026-08-0912851104,challenge-64,Ashigaruu,19,15
2026-08-09,modern-challenge-64-2026-08-0912851104,challenge-64,TheTaxCollector,20,15
2026-08-09,modern-challenge-64-2026-08-0912851104,challenge-64,_Stream,21,15
2026-08-09,modern-challenge-64-2026-08-0912851104,challenge-64,goron27,22,15
2026-08-09,modern-challenge-64-2026-08-0912851104,challenge-64,i_b_TRUE,23,12
2026-08-09,modern-challenge-64-2026-08-0912851104,challenge-64,Stealthmagician,24,12
2026-08-09,modern-challenge-64-2026-08-0912851104,challenge-64,Skeptic2304,25,12
2026-08-09,modern-challenge-64-2026-08-0912851104,challenge-64,klien7,26,12
2026-08-09,modern-challenge-64-2026-08-0912851104,challenge-64,unsimilar_socks,27,12
2026-08-09,modern-challenge-64-2026-08-0912851104,challenge-64,Iaashadow,28,12
2026-08-09,modern-challenge-64-2026-08-0912851104,challenge-64,Kai_Worldz,29,12
2026-08-09,modern-challenge-64-2026-08-0912851104,challenge-64,Vonducky,30,12
2026-08-09,modern-challenge-64-2026-08-0912851104,challenge-64,Sorathrix,31,12
2026-08-09,modern-challenge-64-2026-08-0912851104,challenge-64,ejk,32,12
2026-08-09,modern-challenge-64-2026-08-0912851108,challenge-64,Xenowan,1,18
2026-08-09,modern-challenge-64-2026-08-0912851108,challenge-64,Mr-Nice,2,18
2026-08-09,modern-challenge-64-2026-08-0912851108,challenge-64,_Stream,3,18
2026-08-09,modern-challenge-64-2026-08-0912851108,challenge-64,RespectTheCat,4,18
2026-08-09,modern-challenge-64-2026-08-0912851108,challenge-64,manohito,5,18
2026-08-09,modern-challenge-64-2026-08-0912851108,challenge-64,sokos13,6,18
2026-08-09,modern-challenge-64-2026-08-0912851108,challenge-64,Junkmener,7,15
2026-08-09,modern-challenge-64-2026-08-0912851108,challenge-64,NuBlkAu,8,15
2026-08-09,modern-challenge-64-2026-08-0912851108,challenge-64,Rack,9,15
2026-08-09,modern-challenge-64-2026-08-0912851108,challenge-64,Traft,10,15
2026-08-09,modern-challenge-64-2026-08-0912851108,challenge-64,oosunq,11,15
2026-08-09,modern-challenge-64-2026-08-0912851108,challenge-64,nahuel10,12,15
2026-08-09,modern-challenge-64-2026-08-0912851108,challenge-64,AzureMoon,13,15
2026-08-09,modern-challenge-64-2026-08-0912851108,challenge-64,lordoflifegain,14,15
2026-08-09,modern-challenge-64-2026-08-0912851108,challenge-64,ArchaeusDota,15,15
2026-08-09,modern-challenge-64-2026-08-0912851108,challenge-64,morris,16,15
2026-08-09,modern-challenge-64-2026-08-0912851108,challenge-64,Radziolot,17,12
2026-08-09,modern-challenge-64-2026-08-0912851108,challenge-64,Calambity,18,12
2026-08-09,modern-challenge-64-2026-08-0912851108,challenge-64,jev_,19,12
2026-08-09,modern-challenge-64-2026-08-0912851108,challenge-64,zarbo,20,12
2026-08-09,modern-challenge-64-2026-08-0912851108,challenge-64,_VolkhaRt_,21,12
2026-08-09,modern-challenge-64-2026-08-0912851108,challenge-64,ruin000,22,12
2026-08-09,modern-challenge-64-2026-08-0912851108,challenge-64,Atagomax,23,12
2026-08-09,modern-challenge-64-2026-08-0912851108,challenge-64,Heat_Se3king_Mi$sile,24,12
2026-08-09,modern-challenge-64-2026-08-0912851108,challenge-64,Chippystick,25,12
2026-08-09,modern-challenge-64-2026-08-0912851108,challenge-64,Tongmuzi,26,12
2026-08-09,modern-challenge-64-2026-08-0912851108,challenge-64,mommydom_manifesto,27,12
2026-08-09,modern-challenge-64-2026-08-0912851108,challenge-64,Cachorrowo,28,12
2026-08-09,modern-challenge-64-2026-08-0912851108,challenge-64,SanPop,29,12
2026-08-09,modern-challenge-64-2026-08-0912851108,challenge-64,Shoa1,30,12
2026-08-09,modern-challenge-64-2026-08-0912851108,challenge-64,RCMerriam,31,12
2026-08-09,modern-challenge-64-2026-08-0912851108,challenge-64,Smallforest,32,9
2026-08-09,modern-league-2026-08-0910847,league,10189011,,
2026-08-09,modern-league-2026-08-0910847,league,AFiCkY2,,
2026-08-09,modern-league-2026-08-0910847,league,BoltU,,
2026-08-09,modern-league-2026-08-0910847,league,BranniganLaw,,
2026-08-09,modern-league-2026-08-0910847,league,Ciraris,,
2026-08-09,modern-league-2026-08-0910847,league,Ciraris,,
2026-08-09,modern-league-2026-08-0910847,league,CookieKid00,,
2026-08-09,modern-league-2026-08-0910847,league,Darkwonyx,,
2026-08-09,modern-league-2026-08-0910847,league,Dooter611,,
2026-08-09,modern-league-2026-08-0910847,league,FaganH,,
2026-08-09,modern-league-2026-08-0910847,league,Fruitkid,,
2026-08-09,modern-league-2026-08-0910847,league,Glins,,
2026-08-09,modern-league-2026-08-0910847,league,Gods_Shadow,,
2026-08-09,modern-league-2026-08-0910847,league,HDG_BorisE,,
2026-08-09,modern-league-2026-08-0910847,league,Ho-ruki,,
2026-08-09,modern-league-2026-08-0910847,league,Jonii,,
2026-08-09,modern-league-2026-08-0910847,league,KajuRoers,,
2026-08-09,modern-league-2026-08-0910847,league,Karazu,,
2026-08-09,modern-league-2026-08-0910847,league,KevinCon,,
2026-08-09,modern-league-2026-08-0910847,league,LFC,,
2026-08-09,modern-league-2026-08-0910847,league,Lexus_Rx,,
2026-08-09,modern-league-2026-08-0910847,league,Manureds777,,
2026-08-09,modern-league-2026-08-0910847,league,McFishy,,
2026-08-09,modern-league-2026-08-0910847,league,RDBS,,
2026-08-09,modern-league-2026-08-0910847,league,Rashek,,
2026-08-09,modern-league-2026-08-0910847,league,Stabilo,,
2026-08-09,modern-league-2026-08-0910847,league,SvenSveeterSven,,
2026-08-09,modern-league-2026-08-0910847,league,T-Bomb50,,
2026-08-09,modern-league-2026-08-0910847,league,Xcuchep,,
2026-08-09,modern-league-2026-08-0910847,league,YungDingo,,
2026-08-09,modern-league-2026-08-0910847,league,brockle,,
2026-08-09,modern-league-2026-08-0910847,league,cristian_mcrae,,
2026-08-09,modern-league-2026-08-0910847,league,djjankolive,,
2026-08-09,modern-league-2026-08-0910847,league,esatheking,,
2026-08-09,modern-league-2026-08-0910847,league,hamannator12,,
2026-08-09,modern-league-2026-08-0910847,league,hiqualityh2o,,
2026-08-09,modern-league-2026-08-0910847,league,jbl2311,,
2026-08-09,modern-league-2026-08-0910847,league,jontih,,
2026-08-09,modern-league-2026-08-0910847,league,minimiz,,
2026-08-09,modern-league-2026-08-0910847,league,ndizzle,,
2026-08-09,modern-league-2026-08-0910847,league,niuwaid001,,
2026-08-09,modern-league-2026-08-0910847,league,rn17,,
2026-08-09,modern-league-2026-08-0910847,league,sh6,,
2026-08-09,modern-league-2026-08-0910847,league,shadow438,,
2026-08-09,modern-league-2026-08-0910847,league,starfall,,
2026-08-09,modern-league-2026-08-0910847,league,tommy224,,
2026-08-09,modern-league-2026-08-0910847,league,updog1,,
2026-08-09,modern-league-2026-08-0910847,league,willjetz1323,,
2026-08-09,modern-league-2026-08-0910847,league,yuvyuv03,,
2026-08-09,modern-league-2026-08-0910847,league,zhangkh,,
2026-08-09,modern-league-2026-08-0910847,league,zpikduM,,
2026-08-10,modern-challenge-64-2026-08-1012851118,challenge-64,Martin_Dominguez,1,18
2026-08-10,modern-challenge-64-2026-08-1012851118,challenge-64,Venom01,2,18
2026-08-10,modern-challenge-64-2026-08-1012851118,challenge-64,oinkmage22,3,15
2026-08-10,modern-challenge-64-2026-08-1012851118,challenge-64,toothymtg,4,15
2026-08-10,modern-challenge-64-2026-08-1012851118,challenge-64,duke12,5,18
2026-08-10,modern-challenge-64-2026-08-1012851118,challenge-64,auzzie51,6,18
2026-08-10,modern-challenge-64-2026-08-1012851118,challenge-64,felider,7,18
2026-08-10,modern-challenge-64-2026-08-1012851118,challenge-64,fuya,8,15
2026-08-10,modern-challenge-64-2026-08-1012851118,challenge-64,b-mac,9,15
2026-08-10,modern-challenge-64-2026-08-1012851118,challenge-64,bless_von,10,15
2026-08-10,modern-challenge-64-2026-08-1012851118,challenge-64,manohito,11,15
2026-08-10,modern-challenge-64-2026-08-1012851118,challenge-64,MystikHawk,12,15
2026-08-10,modern-challenge-64-2026-08-1012851118,challenge-64,Dioferreira,13,15
2026-08-10,modern-challenge-64-2026-08-1012851118,challenge-64,zturchan,14,15
2026-08-10,modern-challenge-64-2026-08-1012851118,challenge-64,FacadeJK,15,15
2026-08-10,modern-challenge-64-2026-08-1012851118,challenge-64,ipadkid,16,15
2026-08-10,modern-challenge-64-2026-08-1012851118,challenge-64,Mortaa,17,15
2026-08-10,modern-challenge-64-2026-08-1012851118,challenge-64,hugofreitas1,18,15
2026-08-10,modern-challenge-64-2026-08-1012851118,challenge-64,SuperCow12653,19,15
2026-08-10,modern-challenge-64-2026-08-1012851118,challenge-64,vinnyrussian123,20,12
2026-08-10,modern-challenge-64-2026-08-1012851118,challenge-64,ejk,21,12
2026-08-10,modern-challenge-64-2026-08-1012851118,challenge-64,Keggers,22,12
2026-08-10,modern-challenge-64-2026-08-1012851118,challenge-64,Kollslaw,23,12
2026-08-10,modern-challenge-64-2026-08-1012851118,challenge-64,_Babbuja_,24,12
2026-08-10,modern-challenge-64-2026-08-1012851118,challenge-64,Cachorrowo,25,12
2026-08-10,modern-challenge-64-2026-08-1012851118,challenge-64,Chichichi,26,12
2026-08-10,modern-challenge-64-2026-08-1012851118,challenge-64,Vonducky,27,12
2026-08-10,modern-challenge-64-2026-08-1012851118,challenge-64,Tinker_deck,28,12
2026-08-10,modern-challenge-64-2026-08-1012851118,challenge-64,eclipse4343,29,12
2026-08-10,modern-challenge-64-2026-08-1012851118,challenge-64,niuwaid001,30,12
2026-08-10,modern-challenge-64-2026-08-1012851118,challenge-64,Scorpion100,31,12
2026-08-10,modern-challenge-64-2026-08-1012851118,challenge-64,E_Kaminuma,32,12
2026-08-10,modern-challenge-96-2026-08-1012851122,challenge-96,Sven745,1,21
2026-08-10,modern-challenge-96-2026-08-1012851122,challenge-96,ziofrancone,2,18
2026-08-10,modern-challenge-96-2026-08-1012851122,challenge-96,RespectTheCat,3,21
2026-08-10,modern-challenge-96-2026-08-1012851122,challenge-96,solaec0501,4,18
2026-08-10,modern-challenge-96-2026-08-1012851122,challenge-96,_bwonsamdi_,5,21
2026-08-10,modern-challenge-96-2026-08-1012851122,challenge-96,RCMerriam,6,21
2026-08-10,modern-challenge-96-2026-08-1012851122,challenge-96,JustAnotherGuy83,7,21
2026-08-10,modern-challenge-96-2026-08-1012851122,challenge-96,nightwitch,8,18
2026-08-10,modern-challenge-96-2026-08-1012851122,challenge-96,Martin_Dominguez,9,18
2026-08-10,modern-challenge-96-2026-08-1012851122,challenge-96,Willthepill,10,18
2026-08-10,modern-challenge-96-2026-08-1012851122,challenge-96,Watchwolf92,11,18
2026-08-10,modern-challenge-96-2026-08-1012851122,challenge-96,fazparte,12,18
2026-08-10,modern-challenge-96-2026-08-1012851122,challenge-96,Thunus,13,18
2026-08-10,modern-challenge-96-2026-08-1012851122,challenge-96,_theMoonSage_,14,18
2026-08-10,modern-challenge-96-2026-08-1012851122,challenge-96,Ivan_Draw_Go,15,18
2026-08-10,modern-challenge-96-2026-08-1012851122,challenge-96,AlexWizz,16,18
2026-08-10,modern-challenge-96-2026-08-1012851122,challenge-96,oskiyaa,17,18
2026-08-10,modern-challenge-96-2026-08-1012851122,challenge-96,justFeather,18,18
2026-08-10,modern-challenge-96-2026-08-1012851122,challenge-96,MeninoNey,19,15
2026-08-10,modern-challenge-96-2026-08-1012851122,challenge-96,albertosd87,20,15
2026-08-10,modern-challenge-96-2026-08-1012851122,challenge-96,MarimoTaketori,21,15
2026-08-10,modern-challenge-96-2026-08-1012851122,challenge-96,Salty_Orange,22,15
2026-08-10,modern-challenge-96-2026-08-1012851122,challenge-96,sokos13,23,15
2026-08-10,modern-challenge-96-2026-08-1012851122,challenge-96,TrueHero,24,15
2026-08-10,modern-challenge-96-2026-08-1012851122,challenge-96,fireflymylove,25,15
2026-08-10,modern-challenge-96-2026-08-1012851122,challenge-96,Alakai,26,15
2026-08-10,modern-challenge-96-2026-08-1012851122,challenge-96,morris,27,15
2026-08-10,modern-challenge-96-2026-08-1012851122,challenge-96,DelverOfBolts,28,15
2026-08-10,modern-challenge-96-2026-08-1012851122,challenge-96,HeyyQT,29,15
2026-08-10,modern-challenge-96-2026-08-1012851122,challenge-96,kasiso,30,15
2026-08-10,modern-challenge-96-2026-08-1012851122,challenge-96,ipadkid,31,15
2026-08-10,modern-challenge-96-2026-08-1012851122,challenge-96,Damgar,32,15
2026-08-10,modern-league-2026-08-1010847,league,Andeloth,,
2026-08-10,modern-league-2026-08-1010847,league,Anonieme_Max,,
2026-08-10,modern-league-2026-08-1010847,league,Ashbrown,,
2026-08-10,modern-league-2026-08-1010847,league,AzureMoon,,
2026-08-10,modern-league-2026-08-1010847,league,Barto,,
2026-08-10,modern-league-2026-08-1010847,league,Beadsley,,
2026-08-10,modern-league-2026-08-1010847,league,BigTuna27,,
2026-08-10,modern-league-2026-08-1010847,league,Ceddy,,
2026-08-10,modern-league-2026-08-1010847,league,Charming5635,,
2026-08-10,modern-league-2026-08-1010847,league,Cpl0116,,
2026-08-10,modern-league-2026-08-1010847,league,CrisMTG77,,
2026-08-10,modern-league-2026-08-1010847,league,DaisukeHG,,
2026-08-10,modern-league-2026-08-1010847,league,DoubleHH,,
2026-08-10,modern-league-2026-08-1010847,league,EthanBird,,
2026-08-10,modern-league-2026-08-1010847,league,FlyingPenguinJ,,
2026-08-10,modern-league-2026-08-1010847,league,Gero-muy-piols,,
2026-08-10,modern-league-2026-08-1010847,league,GingerHitman,,
2026-08-10,modern-league-2026-08-1010847,league,GoncalvesF,,
2026-08-10,modern-league-2026-08-1010847,league,JonDaBill,,
2026-08-10,modern-league-2026-08-1010847,league,Jumba,,
2026-08-10,modern-league-2026-08-1010847,league,Kidnet,,
2026-08-10,modern-league-2026-08-1010847,league,Laplasjan,,
2026-08-10,modern-league-2026-08-1010847,league,Linden_43,,
2026-08-10,modern-league-2026-08-1010847,league,Lirek154,,
2026-08-10,modern-league-2026-08-1010847,league,Marxelo,,
2026-08-10,modern-league-2026-08-1010847,league,Mattorenticopedro1,,
2026-08-10,modern-league-2026-08-1010847,league,NicolasP,,
2026-08-10,modern-league-2026-08-1010847,league,PeasOfCrab,,
2026-08-10,modern-league-2026-08-1010847,league,Pheipon,,
2026-08-10,modern-league-2026-08-1010847,league,Pizzapiebob,,
2026-08-10,modern-league-2026-08-1010847,league,Prim3Time,,
2026-08-10,modern-league-2026-08-1010847,league,Proxymoron,,
2026-08-10,modern-league-2026-08-1010847,league,RagingCormorant,,
2026-08-10,modern-league-2026-08-1010847,league,Rvng,,
2026-08-10,modern-league-2026-08-1010847,league,SchwiftySchleeps,,
2026-08-10,modern-league-2026-08-1010847,league,Seefel,,
2026-08-10,modern-league-2026-08-1010847,league,Th3L3gend27,,
2026-08-10,modern-league-2026-08-1010847,league,TokaraStrait,,
2026-08-10,modern-league-2026-08-1010847,league,TomCairns,,
2026-08-10,modern-league-2026-08-1010847,league,VenoW_art,,
2026-08-10,modern-league-2026-08-1010847,league,VentoAureo,,
2026-08-10,modern-league-2026-08-1010847,league,VizosMTG,,
2026-08-10,modern-league-2026-08-1010847,league,beitianjay,,
2026-08-10,modern-league-2026-08-1010847,league,bibs,,
2026-08-10,modern-league-2026-08-1010847,league,brockoo7,,
2026-08-10,modern-league-2026-08-1010847,league,gardyourself,,
2026-08-10,modern-league-2026-08-1010847,league,goron27,,
2026-08-10,modern-league-2026-08-1010847,league,hateatos,,
2026-08-10,modern-league-2026-08-1010847,league,hateatos,,
2026-08-10,modern-league-2026-08-1010847,league,ho-oh,,
2026-08-10,modern-league-2026-08-1010847,league,kimkimmer,,
2026-08-10,modern-league-2026-08-1010847,league,lethargicarcher,,
2026-08-10,modern-league-2026-08-1010847,league,littlebinboy,,
2026-08-10,modern-league-2026-08-1010847,league,loko_7,,
2026-08-10,modern-league-2026-08-1010847,league,martyr1207,,
2026-08-10,modern-league-2026-08-1010847,league,sGiuG,,
2026-08-10,modern-league-2026-08-1010847,league,sfitz,,
2026-08-10,modern-league-2026-08-1010847,league,thodoris17,,
2026-08-10,modern-league-2026-08-1010847,league,volpert,,
2026-08-11,modern-challenge-64-2026-08-1112851612,challenge-64,reidq7,1,15
2026-08-11,modern-challenge-64-2026-08-1112851612,challenge-64,Rvng,2,21
2026-08-11,modern-challenge-64-2026-08-1112851612,challenge-64,MeninoNey,3,18
2026-08-11,modern-challenge-64-2026-08-1112851612,challenge-64,toothymtg,4,18
2026-08-11,modern-challenge-64-2026-08-1112851612,challenge-64,HoldTheElle,5,18
2026-08-11,modern-challenge-64-2026-08-1112851612,challenge-64,SuperCow12653,6,15
2026-08-11,modern-challenge-64-2026-08-1112851612,challenge-64,HouseOfManaMTG,7,15
2026-08-11,modern-challenge-64-2026-08-1112851612,challenge-64,Craig_Long123,8,15
2026-08-11,modern-challenge-64-2026-08-1112851612,challenge-64,selesneal,9,15
2026-08-11,modern-challenge-64-2026-08-1112851612,challenge-64,Porks,10,15
2026-08-11,modern-challenge-64-2026-08-1112851612,challenge-64,TrueHero,11,15
2026-08-11,modern-challenge-64-2026-08-1112851612,challenge-64,ShadowTitan1,12,15
2026-08-11,modern-challenge-64-2026-08-1112851612,challenge-64,Selfeisek,13,15
2026-08-11,modern-challenge-64-2026-08-1112851612,challenge-64,Lightspirit,14,15
2026-08-11,modern-challenge-64-2026-08-1112851612,challenge-64,hugofreitas1,15,15
2026-08-11,modern-challenge-64-2026-08-1112851612,challenge-64,ipadkid,16,15
2026-08-11,modern-challenge-64-2026-08-1112851612,challenge-64,Chichichi,17,15
2026-08-11,modern-challenge-64-2026-08-1112851612,challenge-64,Kyndrax,18,15
2026-08-11,modern-challenge-64-2026-08-1112851612,challenge-64,jvidarte,19,12
2026-08-11,modern-challenge-64-2026-08-1112851612,challenge-64,Nowayh,20,12
2026-08-11,modern-challenge-64-2026-08-1112851612,challenge-64,ShikiXYZ,21,12
2026-08-11,modern-challenge-64-2026-08-1112851612,challenge-64,Martin_Dominguez,22,12
2026-08-11,modern-challenge-64-2026-08-1112851612,challenge-64,Mclopi,23,12
2026-08-11,modern-challenge-64-2026-08-1112851612,challenge-64,e0068,24,12
2026-08-11,modern-challenge-64-2026-08-1112851612,challenge-64,Marxelo,25,12
2026-08-11,modern-challenge-64-2026-08-1112851612,challenge-64,Sarlanga,26,12
2026-08-11,modern-challenge-64-2026-08-1112851612,challenge-64,Rashek,27,12
2026-08-11,modern-challenge-64-2026-08-1112851612,challenge-64,ejk,28,12
2026-08-11,modern-challenge-64-2026-08-1112851612,challenge-64,MarimoTaketori,29,12
2026-08-11,modern-challenge-64-2026-08-1112851612,challenge-64,GLSwadow,30,12
2026-08-11,modern-challenge-64-2026-08-1112851612,challenge-64,sgcyrus,31,12
2026-08-11,modern-challenge-64-2026-08-1112851612,challenge-64,Watchwolf92,32,12
2026-08-11,modern-league-2026-08-1110847,league,AeonLock,,
2026-08-11,modern-league-2026-08-1110847,league,ArZeuS24,,
2026-08-11,modern-league-2026-08-1110847,league,Barro,,
2026-08-11,modern-league-2026-08-1110847,league,CarlosZ,,
2026-08-11,modern-league-2026-08-1110847,league,Cereza,,
2026-08-11,modern-league-2026-08-1110847,league,DB_Mengu,,
2026-08-11,modern-league-2026-08-1110847,league,Darkwonyx,,
2026-08-11,modern-league-2026-08-1110847,league,DelverOfBolts,,
2026-08-11,modern-league-2026-08-1110847,league,Do0mSwitch,,
2026-08-11,modern-league-2026-08-1110847,league,Dooter611,,
2026-08-11,modern-league-2026-08-1110847,league,EL_Zanetti,,
2026-08-11,modern-league-2026-08-1110847,league,ETBJezus,,
2026-08-11,modern-league-2026-08-1110847,league,FraKoE,,
2026-08-11,modern-league-2026-08-1110847,league,FrankHolmquist,,
2026-08-11,modern-league-2026-08-1110847,league,FreezingTempest,,
2026-08-11,modern-league-2026-08-1110847,league,FreyGF,,
2026-08-11,modern-league-2026-08-1110847,league,Ghost11157,,
2026-08-11,modern-league-2026-08-1110847,league,Ivan_Draw_Go,,
2026-08-11,modern-league-2026-08-1110847,league,Jayjay44,,
2026-08-11,modern-league-2026-08-1110847,league,Kaiser_ITA,,
2026-08-11,modern-league-2026-08-1110847,league,KajuRoers,,
2026-08-11,modern-league-2026-08-1110847,league,LeandroKopke,,
2026-08-11,modern-league-2026-08-1110847,league,Lurch7034,,
2026-08-11,modern-league-2026-08-1110847,league,MercurialChemister,,
2026-08-11,modern-league-2026-08-1110847,league,Miqa,,
2026-08-11,modern-league-2026-08-1110847,league,NamelessDream3r,,
2026-08-11,modern-league-2026-08-1110847,league,OafMcNamara,,
2026-08-11,modern-league-2026-08-1110847,league,OafMcNamara,,
2026-08-11,modern-league-2026-08-1110847,league,OastyToasty,,
2026-08-11,modern-league-2026-08-1110847,league,PinkFloyd99,,
2026-08-11,modern-league-2026-08-1110847,league,Pleyboy,,
2026-08-11,modern-league-2026-08-1110847,league,SGMY95,,
2026-08-11,modern-league-2026-08-1110847,league,Sinoxqt,,
2026-08-11,modern-league-2026-08-1110847,league,Sorathrix,,
2026-08-11,modern-league-2026-08-1110847,league,Suczi,,
2026-08-11,modern-league-2026-08-1110847,league,Sunbird17,,
2026-08-11,modern-league-2026-08-1110847,league,TheDarkSkittle,,
2026-08-11,modern-league-2026-08-1110847,league,TinTin-1989,,
2026-08-11,modern-league-2026-08-1110847,league,VentoAureo,,
2026-08-11,modern-league-2026-08-1110847,league,adamherby,,
2026-08-11,modern-league-2026-08-1110847,league,chase00111,,
2026-08-11,modern-league-2026-08-1110847,league,dack_fayden07,,
2026-08-11,modern-league-2026-08-1110847,league,e0068,,
2026-08-11,modern-league-2026-08-1110847,league,edm3d,,
2026-08-11,modern-league-2026-08-1110847,league,howa,,
2026-08-11,modern-league-2026-08-1110847,league,ipadkid,,
2026-08-11,modern-league-2026-08-1110847,league,ipakers,,
2026-08-11,modern-league-2026-08-1110847,league,jhovall_,,
2026-08-11,modern-league-2026-08-1110847,league,kanister,,
2026-08-11,modern-league-2026-08-1110847,league,kePs,,
2026-08-11,modern-league-2026-08-1110847,league,kurikka,,
2026-08-11,modern-league-2026-08-1110847,league,littlebinboy,,
2026-08-11,modern-league-2026-08-1110847,league,medical,,
2026-08-11,modern-league-2026-08-1110847,league,mtwhet,,
2026-08-11,modern-league-2026-08-1110847,league,niblok,,
2026-08-11,modern-league-2026-08-1110847,league,pencil_1234,,
2026-08-11,modern-league-2026-08-1110847,league,ptn,,
2026-08-11,modern-league-2026-08-1110847,league,ryo_S-Trad_1983,,
2026-08-11,modern-league-2026-08-1110847,league,tA326_,,
2026-08-11,modern-league-2026-08-1110847,league,thomper90,,
2026-08-11,modern-league-2026-08-1110847,league,toutoune10,,
2026-08-11,modern-league-2026-08-1110847,league,tyreel04,,
2026-08-11,modern-league-2026-08-1110847,league,updog1,,
2026-08-11,modern-league-2026-08-1110847,league,walshi4life,,
2026-08-11,modern-league-2026-08-1110983,league,DB_InspiringTimmy,,
2026-08-11,modern-league-2026-08-1110983,league,DskBayWolf,,
2026-08-11,modern-league-2026-08-1110983,league,HelpfulHobo,,
2026-08-11,modern-league-2026-08-1110983,league,Raptor_Nachos,,
2026-08-11,modern-league-2026-08-1110983,league,_pmo_,,
2026-08-11,modern-league-2026-08-1110983,league,azax,,
2026-08-11,modern-league-2026-08-1110983,league,starfall,,
2026-08-11,modern-league-2026-08-1110983,league,thedoc96,,
2026-08-12,modern-challenge-32-2026-08-1212851614,challenge-32,Kritik,1,15
2026-08-12,modern-challenge-32-2026-08-1212851614,challenge-32,frekinsmart,2,12
2026-08-12,modern-challenge-32-2026-08-1212851614,challenge-32,Kollslaw,3,15
2026-08-12,modern-challenge-32-2026-08-1212851614,challenge-32,HuUeBR,4,15
2026-08-12,modern-challenge-32-2026-08-1212851614,challenge-32,LucasG1ggs,5,18
2026-08-12,modern-challenge-32-2026-08-1212851614,challenge-32,Stealthmagician,6,15
2026-08-12,modern-challenge-32-2026-08-1212851614,challenge-32,mommydom_manifesto,7,15
2026-08-12,modern-challenge-32-2026-08-1212851614,challenge-32,Watchwolf92,8,15
2026-08-12,modern-challenge-32-2026-08-1212851614,challenge-32,derlumberzack,9,12
2026-08-12,modern-challenge-32-2026-08-1212851614,challenge-32,yriel,10,12
2026-08-12,modern-challenge-32-2026-08-1212851614,challenge-32,Nate21,11,12
2026-08-12,modern-challenge-32-2026-08-1212851614,challenge-32,GigaChadSigmaMale,12,12
2026-08-12,modern-challenge-32-2026-08-1212851614,challenge-32,JulianJohn,13,12
2026-08-12,modern-challenge-32-2026-08-1212851614,challenge-32,renatoaraujo,14,12
2026-08-12,modern-challenge-32-2026-08-1212851614,challenge-32,eclipse4343,15,12
2026-08-12,modern-challenge-32-2026-08-1212851614,challenge-32,JV_7777,16,12
2026-08-12,modern-challenge-32-2026-08-1212851614,challenge-32,Ashigaruu,17,12
2026-08-12,modern-challenge-32-2026-08-1212851614,challenge-32,nahuel10,18,12
2026-08-12,modern-challenge-32-2026-08-1212851614,challenge-32,ashame,19,12
2026-08-12,modern-challenge-32-2026-08-1212851614,challenge-32,SimonAntillon,20,9
2026-08-12,modern-challenge-32-2026-08-1212851614,challenge-32,MeninoNey,21,9
2026-08-12,modern-challenge-32-2026-08-1212851614,challenge-32,soggymeatball,22,9
2026-08-12,modern-challenge-32-2026-08-1212851614,challenge-32,Acecalna,23,9
2026-08-12,modern-challenge-32-2026-08-1212851614,challenge-32,Venom01,24,9
2026-08-12,modern-challenge-32-2026-08-1212851614,challenge-32,Vaine,25,9
2026-08-12,modern-challenge-32-2026-08-1212851614,challenge-32,littesir095,26,9
2026-08-12,modern-challenge-32-2026-08-1212851614,challenge-32,LaceiSuaEsposa,27,9
2026-08-12,modern-challenge-32-2026-08-1212851614,challenge-32,kattsu,28,9
2026-08-12,modern-challenge-32-2026-08-1212851614,challenge-32,Melaleuca,29,9
2026-08-12,modern-challenge-32-2026-08-1212851614,challenge-32,hugofreitas1,30,9
2026-08-12,modern-challenge-32-2026-08-1212851614,challenge-32,billskillz,31,9
2026-08-12,modern-challenge-32-2026-08-1212851614,challenge-32,Tinker_deck,32,6
2026-08-12,modern-challenge-96-2026-08-1212851623,challenge-96,_theMoonSage_,1,18
2026-08-12,modern-challenge-96-2026-08-1212851623,challenge-96,MeninoNey,2,15
2026-08-12,modern-challenge-96-2026-08-1212851623,challenge-96,ipadkid,3,18
2026-08-12,modern-challenge-96-2026-08-1212851623,challenge-96,Alico,4,18
2026-08-12,modern-challenge-96-2026-08-1212851623,challenge-96,kthanakit26,5,18
2026-08-12,modern-challenge-96-2026-08-1212851623,challenge-96,ShikiXYZ,6,18
2026-08-12,modern-challenge-96-2026-08-1212851623,challenge-96,Aced5,7,18
2026-08-12,modern-challenge-96-2026-08-1212851623,challenge-96,Rashek,8,18
2026-08-12,modern-challenge-96-2026-08-1212851623,challenge-96,NathanOfTheGiltLeaf,9,15
2026-08-12,modern-challenge-96-2026-08-1212851623,challenge-96,mikeleee,10,15
2026-08-12,modern-challenge-96-2026-08-1212851623,challenge-96,unworldlyorigin,11,15
2026-08-12,modern-challenge-96-2026-08-1212851623,challenge-96,ShadowTitan1,12,15
2026-08-12,modern-challenge-96-2026-08-1212851623,challenge-96,acelerado440,13,15
2026-08-12,modern-challenge-96-2026-08-1212851623,challenge-96,manohito,14,15
2026-08-12,modern-challenge-96-2026-08-1212851623,challenge-96,xl_snapcaster,15,15
2026-08-12,modern-challenge-96-2026-08-1212851623,challenge-96,Xenowan,16,15
2026-08-12,modern-challenge-96-2026-08-1212851623,challenge-96,Capriccioso,17,15
2026-08-12,modern-challenge-96-2026-08-1212851623,challenge-96,TotheparkTeam,18,15
2026-08-12,modern-challenge-96-2026-08-1212851623,challenge-96,Chocolate_Branco,19,15
2026-08-12,modern-challenge-96-2026-08-1212851623,challenge-96,Sebek,20,15
2026-08-12,modern-challenge-96-2026-08-1212851623,challenge-96,NoneOfYourBusiness,21,12
2026-08-12,modern-challenge-96-2026-08-1212851623,challenge-96,UltraEgo_,22,12
2026-08-12,modern-challenge-96-2026-08-1212851623,challenge-96,Jungski,23,12
2026-08-12,modern-challenge-96-2026-08-1212851623,challenge-96,ratabruta,24,12
2026-08-12,modern-challenge-96-2026-08-1212851623,challenge-96,Cedicent,25,12
2026-08-12,modern-challenge-96-2026-08-1212851623,challenge-96,Capitano_CL,26,12
2026-08-12,modern-challenge-96-2026-08-1212851623,challenge-96,hugofreitas1,27,12
2026-08-12,modern-challenge-96-2026-08-1212851623,challenge-96,starfall,28,12
2026-08-12,modern-challenge-96-2026-08-1212851623,challenge-96,SoulStrong,29,12
2026-08-12,modern-challenge-96-2026-08-1212851623,challenge-96,SanPop,30,12
2026-08-12,modern-challenge-96-2026-08-1212851623,challenge-96,levunga21,31,12
2026-08-12,modern-challenge-96-2026-08-1212851623,challenge-96,Serosocram,32,12
2026-08-12,modern-league-2026-08-1210983,league,Bl4ckdragon,,
2026-08-12,modern-league-2026-08-1210983,league,Conway,,
2026-08-12,modern-league-2026-08-1210983,league,CrisMTG77,,
2026-08-12,modern-league-2026-08-1210983,league,Crovax90,,
2026-08-12,modern-league-2026-08-1210983,league,Cyncopath,,
2026-08-12,modern-league-2026-08-1210983,league,DB_Disgruntled_Elk,,
2026-08-12,modern-league-2026-08-1210983,league,DidSomeoneJustSayBod,,
2026-08-12,modern-league-2026-08-1210983,league,Do0mSwitch,,
2026-08-12,modern-league-2026-08-1210983,league,EthanBird,,
2026-08-12,modern-league-2026-08-1210983,league,Galactus_Pirate,,
2026-08-12,modern-league-2026-08-1210983,league,GrowingPaynes,,
2026-08-12,modern-league-2026-08-1210983,league,Gxs3v3n,,
2026-08-12,modern-league-2026-08-1210983,league,HA0N,,
2026-08-12,modern-league-2026-08-1210983,league,HDG_BorisE,,
2026-08-12,modern-league-2026-08-1210983,league,Hovsgaard,,
2026-08-12,modern-league-2026-08-1210983,league,Jrcitizen,,
2026-08-12,modern-league-2026-08-1210983,league,Jumba,,
2026-08-12,modern-league-2026-08-1210983,league,KajuRoers,,
2026-08-12,modern-league-2026-08-1210983,league,KillerN,,
2026-08-12,modern-league-2026-08-1210983,league,Kollslaw,,
2026-08-12,modern-league-2026-08-1210983,league,Lapsy,,
2026-08-12,modern-league-2026-08-1210983,league,Lumek,,
2026-08-12,modern-league-2026-08-1210983,league,Lumek,,
2026-08-12,modern-league-2026-08-1210983,league,NitramFlight,,
2026-08-12,modern-league-2026-08-1210983,league,OafMcNamara,,
2026-08-12,modern-league-2026-08-1210983,league,Prim3Time,,
2026-08-12,modern-league-2026-08-1210983,league,ROUTER_SMITER,,
2026-08-12,modern-league-2026-08-1210983,league,RandomGameActions,,
2026-08-12,modern-league-2026-08-1210983,league,Sorathrix,,
2026-08-12,modern-league-2026-08-1210983,league,UltraEgo_,,
2026-08-12,modern-league-2026-08-1210983,league,VizosMTG,,
2026-08-12,modern-league-2026-08-1210983,league,YorionLover,,
2026-08-12,modern-league-2026-08-1210983,league,alexeezayyy,,
2026-08-12,modern-league-2026-08-1210983,league,azax,,
2026-08-12,modern-league-2026-08-1210983,league,bibs,,
2026-08-12,modern-league-2026-08-1210983,league,bozo2112,,
2026-08-12,modern-league-2026-08-1210983,league,chachibuoh,,
2026-08-12,modern-league-2026-08-1210983,league,estefaninonino,,
2026-08-12,modern-league-2026-08-1210983,league,hertz_1,,
2026-08-12,modern-league-2026-08-1210983,league,johnmtg,,
2026-08-12,modern-league-2026-08-1210983,league,liuyuchen,,
2026-08-12,modern-league-2026-08-1210983,league,nadcar,,
2026-08-12,modern-league-2026-08-1210983,league,th3_r3dman,,
2026-08-12,modern-league-2026-08-1210983,league,thodoris17,,
2026-08-12,modern-league-2026-08-1210983,league,twangygnome,,
2026-08-12,modern-league-2026-08-1210983,league,uburdub,,
2026-08-12,modern-league-2026-08-1210983,league,virp13,,
2026-08-13,modern-challenge-64-2026-08-1312851632,challenge-64,eswaff,1,18
2026-08-13,modern-challenge-64-2026-08-1312851632,challenge-64,fazparte,2,18
2026-08-13,modern-challenge-64-2026-08-1312851632,challenge-64,Scappie,3,18
2026-08-13,modern-challenge-64-2026-08-1312851632,challenge-64,MercurialChemister,4,15
2026-08-13,modern-challenge-64-2026-08-1312851632,challenge-64,TSPJendrek,5,18
2026-08-13,modern-challenge-64-2026-08-1312851632,challenge-64,manohito,6,18
2026-08-13,modern-challenge-64-2026-08-1312851632,challenge-64,DskBayWolf,7,18
2026-08-13,modern-challenge-64-2026-08-1312851632,challenge-64,The_Yoda,8,15
2026-08-13,modern-challenge-64-2026-08-1312851632,challenge-64,Will_Split,9,15
2026-08-13,modern-challenge-64-2026-08-1312851632,challenge-64,wutey,10,15
2026-08-13,modern-challenge-64-2026-08-1312851632,challenge-64,Martin_Dominguez,11,15
2026-08-13,modern-challenge-64-2026-08-1312851632,challenge-64,IronBeagle,12,15
2026-08-13,modern-challenge-64-2026-08-1312851632,challenge-64,MahfuzVanGogh,13,15
2026-08-13,modern-challenge-64-2026-08-1312851632,challenge-64,Off1ine__,14,15
2026-08-13,modern-challenge-64-2026-08-1312851632,challenge-64,badgods,15,15
2026-08-13,modern-challenge-64-2026-08-1312851632,challenge-64,Zeect,16,15
2026-08-13,modern-challenge-64-2026-08-1312851632,challenge-64,Xwhale,17,15
2026-08-13,modern-challenge-64-2026-08-1312851632,challenge-64,JPA93,18,15
2026-08-13,modern-challenge-64-2026-08-1312851632,challenge-64,hugofreitas1,19,15
2026-08-13,modern-challenge-64-2026-08-1312851632,challenge-64,Porks,20,12
2026-08-13,modern-challenge-64-2026-08-1312851632,challenge-64,Selfeisek,21,12
2026-08-13,modern-challenge-64-2026-08-1312851632,challenge-64,SuperCow12653,22,12
2026-08-13,modern-challenge-64-2026-08-1312851632,challenge-64,haoqinglangou,23,12
2026-08-13,modern-challenge-64-2026-08-1312851632,challenge-64,Capitano_CL,24,12
2026-08-13,modern-challenge-64-2026-08-1312851632,challenge-64,kasiso,25,12
2026-08-13,modern-challenge-64-2026-08-1312851632,challenge-64,soggymeatball,26,12
2026-08-13,modern-challenge-64-2026-08-1312851632,challenge-64,Sven745,27,12
2026-08-13,modern-challenge-64-2026-08-1312851632,challenge-64,Odin2015,28,12
2026-08-13,modern-challenge-64-2026-08-1312851632,challenge-64,Xenowan,29,12
2026-08-13,modern-challenge-64-2026-08-1312851632,challenge-64,Doomenstein,30,12
2026-08-13,modern-challenge-64-2026-08-1312851632,challenge-64,Crovax90,31,12
2026-08-13,modern-challenge-64-2026-08-1312851632,challenge-64,frenzyofexultations,32,12
2026-08-13,modern-league-2026-08-1310983,league,13uck,,
2026-08-13,modern-league-2026-08-1310983,league,1onehuman,,
2026-08-13,modern-league-2026-08-1310983,league,416FrowningTable,,
2026-08-13,modern-league-2026-08-1310983,league,Aced5,,
2026-08-13,modern-league-2026-08-1310983,league,AquileX7,,
2026-08-13,modern-league-2026-08-1310983,league,Blinkmoth-Nexus,,
2026-08-13,modern-league-2026-08-1310983,league,Braden_Yates,,
2026-08-13,modern-league-2026-08-1310983,league,CNewman,,
2026-08-13,modern-league-2026-08-1310983,league,Cliph,,
2026-08-13,modern-league-2026-08-1310983,league,Crovax90,,
2026-08-13,modern-league-2026-08-1310983,league,Cyncopath,,
2026-08-13,modern-league-2026-08-1310983,league,Foocal,,
2026-08-13,modern-league-2026-08-1310983,league,FreshKale,,
2026-08-13,modern-league-2026-08-1310983,league,Gerschi,,
2026-08-13,modern-league-2026-08-1310983,league,Haunter56,,
2026-08-13,modern-league-2026-08-1310983,league,Ianmccririck,,
2026-08-13,modern-league-2026-08-1310983,league,IlProfessore,,
2026-08-13,modern-league-2026-08-1310983,league,Jacksonian26,,
2026-08-13,modern-league-2026-08-1310983,league,JahBoodle,,
2026-08-13,modern-league-2026-08-1310983,league,KangXiaotian,,
2026-08-13,modern-league-2026-08-1310983,league,Kuhmero,,
2026-08-13,modern-league-2026-08-1310983,league,MaeMtg,,
2026-08-13,modern-league-2026-08-1310983,league,MaeMtg,,
2026-08-13,modern-league-2026-08-1310983,league,Mapletreefrog,,
2026-08-13,modern-league-2026-08-1310983,league,Mormegil_,,
2026-08-13,modern-league-2026-08-1310983,league,Otifex,,
2026-08-13,modern-league-2026-08-1310983,league,PharmD_MTG,,
2026-08-13,modern-league-2026-08-1310983,league,Prisak,,
2026-08-13,modern-league-2026-08-1310983,league,Proxymoron,,
2026-08-13,modern-league-2026-08-1310983,league,PtolemaicTheory,,
2026-08-13,modern-league-2026-08-1310983,league,RenrohMTGO,,
2026-08-13,modern-league-2026-08-1310983,league,RiceTackler,,
2026-08-13,modern-league-2026-08-1310983,league,Scappie,,
2026-08-13,modern-league-2026-08-1310983,league,TheDukeofOne,,
2026-08-13,modern-league-2026-08-1310983,league,TheLengend90,,
2026-08-13,modern-league-2026-08-1310983,league,Thronhart,,
2026-08-13,modern-league-2026-08-1310983,league,Witehawk,,
2026-08-13,modern-league-2026-08-1310983,league,_DG_,,
2026-08-13,modern-league-2026-08-1310983,league,beitianjay,,
2026-08-13,modern-league-2026-08-1310983,league,brog,,
2026-08-13,modern-league-2026-08-1310983,league,chusta,,
2026-08-13,modern-league-2026-08-1310983,league,coastae7,,
2026-08-13,modern-league-2026-08-1310983,league,goron27,,
2026-08-13,modern-league-2026-08-1310983,league,grenzos,,
2026-08-13,modern-league-2026-08-1310983,league,kasiso,,
2026-08-13,modern-league-2026-08-1310983,league,pan0ptic,,
2026-08-13,modern-league-2026-08-1310983,league,peterhmasters,,
2026-08-13,modern-league-2026-08-1310983,league,ryanok96,,
2026-08-13,modern-league-2026-08-1310983,league,slowbro1,,
2026-08-13,modern-league-2026-08-1310983,league,toondoslav,,
2026-08-13,modern-league-2026-08-1310983,league,uburdub,,
2026-08-13,modern-league-2026-08-1310983,league,undique,,
2026-08-13,modern-league-2026-08-1310983,league,wast_astroma,,
2026-08-14,modern-challenge-64-2026-08-1412851649,challenge-64,RandomGameActions,1,18
2026-08-14,modern-challenge-64-2026-08-1412851649,challenge-64,bestdraveneu,2,21
2026-08-14,modern-challenge-64-2026-08-1412851649,challenge-64,Azja,3,18
2026-08-14,modern-challenge-64-2026-08-1412851649,challenge-64,Retrisma,4,18
2026-08-14,modern-challenge-64-2026-08-1412851649,challenge-64,Laplasjan,5,18
2026-08-14,modern-challenge-64-2026-08-1412851649,challenge-64,BLJ,6,18
2026-08-14,modern-challenge-64-2026-08-1412851649,challenge-64,DeepDisherino,7,18
2026-08-14,modern-challenge-64-2026-08-1412851649,challenge-64,fazparte,8,15
2026-08-14,modern-challenge-64-2026-08-1412851649,challenge-64,kaiszern,9,15
2026-08-14,modern-challenge-64-2026-08-1412851649,challenge-64,pedronavaja,10,15
2026-08-14,modern-challenge-64-2026-08-1412851649,challenge-64,frenzyofexultations,11,15
2026-08-14,modern-challenge-64-2026-08-1412851649,challenge-64,Odin2015,12,15
2026-08-14,modern-challenge-64-2026-08-1412851649,challenge-64,Uagli1,13,15
2026-08-14,modern-challenge-64-2026-08-1412851649,challenge-64,ElbowSoap,14,15
2026-08-14,modern-challenge-64-2026-08-1412851649,challenge-64,Bugsy69,15,15
2026-08-14,modern-challenge-64-2026-08-1412851649,challenge-64,GuildMasterboros7,16,15
2026-08-14,modern-challenge-64-2026-08-1412851649,challenge-64,Boin,17,15
2026-08-14,modern-challenge-64-2026-08-1412851649,challenge-64,pepeteam,18,15
2026-08-14,modern-challenge-64-2026-08-1412851649,challenge-64,Xsper,19,15
2026-08-14,modern-challenge-64-2026-08-1412851649,challenge-64,Mogged,20,15
2026-08-14,modern-challenge-64-2026-08-1412851649,challenge-64,Capitano_CL,21,15
2026-08-14,modern-challenge-64-2026-08-1412851649,challenge-64,The_Yoda,22,12
2026-08-14,modern-challenge-64-2026-08-1412851649,challenge-64,Deathmaxx,23,12
2026-08-14,modern-challenge-64-2026-08-1412851649,challenge-64,erbander01,24,12
2026-08-14,modern-challenge-64-2026-08-1412851649,challenge-64,klien7,25,12
2026-08-14,modern-challenge-64-2026-08-1412851649,challenge-64,JPA93,26,12
2026-08-14,modern-challenge-64-2026-08-1412851649,challenge-64,eclipse4343,27,12
2026-08-14,modern-challenge-64-2026-08-1412851649,challenge-64,leandru,28,12
2026-08-14,modern-challenge-64-2026-08-1412851649,challenge-64,kattsu,29,12
2026-08-14,modern-challenge-64-2026-08-1412851649,challenge-64,nahuel10,30,12
2026-08-14,modern-challenge-64-2026-08-1412851649,challenge-64,Jumba,31,12
2026-08-14,modern-challenge-64-2026-08-1412851649,challenge-64,Scappie,32,12
2026-08-14,modern-league-2026-08-1410983,league,6argamel,,
2026-08-14,modern-league-2026-08-1410983,league,AgentP,,
2026-08-14,modern-league-2026-08-1410983,league,Ambulance,,
2026-08-14,modern-league-2026-08-1410983,league,Anaxkoraz,,
2026-08-14,modern-league-2026-08-1410983,league,Aschop,,
2026-08-14,modern-league-2026-08-1410983,league,Blindside09,,
2026-08-14,modern-league-2026-08-1410983,league,Crimsons,,
2026-08-14,modern-league-2026-08-1410983,league,CrisMTG77,,
2026-08-14,modern-league-2026-08-1410983,league,Cyncopath,,
2026-08-14,modern-league-2026-08-1410983,league,DB_DackFayden7,,
2026-08-14,modern-league-2026-08-1410983,league,Datkros,,
2026-08-14,modern-league-2026-08-1410983,league,Dragonfly99,,
2026-08-14,modern-league-2026-08-1410983,league,DskBayWolf,,
2026-08-14,modern-league-2026-08-1410983,league,Duddz_z,,
2026-08-14,modern-league-2026-08-1410983,league,Fra91,,
2026-08-14,modern-league-2026-08-1410983,league,HDG_BorisE,,
2026-08-14,modern-league-2026-08-1410983,league,HomelessWizard,,
2026-08-14,modern-league-2026-08-1410983,league,JulianJohn,,
2026-08-14,modern-league-2026-08-1410983,league,KajuRoers,,
2026-08-14,modern-league-2026-08-1410983,league,LFC,,
2026-08-14,modern-league-2026-08-1410983,league,LFC,,
2026-08-14,modern-league-2026-08-1410983,league,Lightspirit,,
2026-08-14,modern-league-2026-08-1410983,league,Magicverse,,
2026-08-14,modern-league-2026-08-1410983,league,NotJim,,
2026-08-14,modern-league-2026-08-1410983,league,OafMcNamara,,
2026-08-14,modern-league-2026-08-1410983,league,OafMcNamara,,
2026-08-14,modern-league-2026-08-1410983,league,Odin2015,,
2026-08-14,modern-league-2026-08-1410983,league,PharmD_MTG,,
2026-08-14,modern-league-2026-08-1410983,league,Porks,,
2026-08-14,modern-league-2026-08-1410983,league,Prim3Time,,
2026-08-14,modern-league-2026-08-1410983,league,Skeptic2304,,
2026-08-14,modern-league-2026-08-1410983,league,SlavSlays,,
2026-08-14,modern-league-2026-08-1410983,league,Surg3i,,
2026-08-14,modern-league-2026-08-1410983,league,Surg3i,,
2026-08-14,modern-league-2026-08-1410983,league,Tentative_Panda,,
2026-08-14,modern-league-2026-08-1410983,league,Thunus,,
2026-08-14,modern-league-2026-08-1410983,league,Wappa,,
2026-08-14,modern-league-2026-08-1410983,league,X_Why_Z,,
2026-08-14,modern-league-2026-08-1410983,league,YAK9k,,
2026-08-14,modern-league-2026-08-1410983,league,_Kovu_,,
2026-08-14,modern-league-2026-08-1410983,league,bakkenal,,
2026-08-14,modern-league-2026-08-1410983,league,billskillz,,
2026-08-14,modern-league-2026-08-1410983,league,breedn,,
2026-08-14,modern-league-2026-08-1410983,league,don_mars,,
2026-08-14,modern-league-2026-08-1410983,league,goingftl,,
2026-08-14,modern-league-2026-08-1410983,league,haoqinglangou,,
2026-08-14,modern-league-2026-08-1410983,league,m-boy,,
2026-08-14,modern-league-2026-08-1410983,league,mechrataal,,
2026-08-14,modern-league-2026-08-1410983,league,nahuel10,,
2026-08-14,modern-league-2026-08-1410983,league,nick4567,,
2026-08-14,modern-league-2026-08-1410983,league,niuwaid001,,
2026-08-14,modern-league-2026-08-1410983,league,oinkmage22,,
2026-08-14,modern-league-2026-08-1410983,league,shigure1020,,
2026-08-14,modern-league-2026-08-1410983,league,theasiankid,,
2026-08-14,modern-league-2026-08-1410983,league,tyreel04,,
2026-08-14,modern-league-2026-08-1410983,league,uburdub,,
2026-08-14,modern-league-2026-08-1410983,league,uburdub,,
2026-08-14,modern-league-2026-08-1410983,league,wutey,,
2026-08-15,modern-challenge-32-2026-08-1512851660,challenge-32,Taddy_99,1,15
2026-08-15,modern-challenge-32-2026-08-1512851660,challenge-32,Venom01,2,15
2026-08-15,modern-challenge-32-2026-08-1512851660,challenge-32,SanPop,3,15
2026-08-15,modern-challenge-32-2026-08-1512851660,challenge-32,xl_snapcaster,4,12
2026-08-15,modern-challenge-32-2026-08-1512851660,challenge-32,Napoleon_I,5,15
2026-08-15,modern-challenge-32-2026-08-1512851660,challenge-32,GigaChadSigmaMale,6,15
2026-08-15,modern-challenge-32-2026-08-1512851660,challenge-32,albertosd87,7,12
2026-08-15,modern-challenge-32-2026-08-1512851660,challenge-32,benbot9003,8,12
2026-08-15,modern-challenge-32-2026-08-1512851660,challenge-32,alessandro81,9,12
2026-08-15,modern-challenge-32-2026-08-1512851660,challenge-32,MyPotatoes,10,12
2026-08-15,modern-challenge-32-2026-08-1512851660,challenge-32,boytriton,11,12
2026-08-15,modern-challenge-32-2026-08-1512851660,challenge-32,Eaglelicious,12,9
2026-08-15,modern-challenge-32-2026-08-1512851660,challenge-32,jvidarte,13,9
2026-08-15,modern-challenge-32-2026-08-1512851660,challenge-32,Snoobie,14,9
2026-08-15,modern-challenge-32-2026-08-1512851660,challenge-32,nahuel10,15,9
2026-08-15,modern-challenge-32-2026-08-1512851660,challenge-32,musasabi,16,9
2026-08-15,modern-challenge-32-2026-08-1512851660,challenge-32,kattsu,17,9
2026-08-15,modern-challenge-32-2026-08-1512851660,challenge-32,Selfeisek,18,9
2026-08-15,modern-challenge-32-2026-08-1512851660,challenge-32,Kritik,19,9
2026-08-15,modern-challenge-32-2026-08-1512851660,challenge-32,albert62,20,6
2026-08-15,modern-challenge-32-2026-08-1512851660,challenge-32,E_Kaminuma,21,6
2026-08-15,modern-challenge-32-2026-08-1512851660,challenge-32,e0068,22,6
2026-08-15,modern-challenge-32-2026-08-1512851660,challenge-32,Grischdl,23,6
2026-08-15,modern-challenge-32-2026-08-1512851660,challenge-32,Dreddybajs,24,6
2026-08-15,modern-challenge-32-2026-08-1512851660,challenge-32,W_DN,25,6
2026-08-15,modern-challenge-32-2026-08-1512851660,challenge-32,JulianJohn,26,3
2026-08-15,modern-challenge-32-2026-08-1512851660,challenge-32,Lightspirit,27,3
2026-08-15,modern-challenge-32-2026-08-1512851660,challenge-32,Allos,28,3
2026-08-15,modern-challenge-32-2026-08-1512851660,challenge-32,NotJim,29,3
2026-08-15,modern-challenge-32-2026-08-1512851660,challenge-32,b-mac,30,3
2026-08-15,modern-challenge-32-2026-08-1512851660,challenge-32,SimoCr,31,0
2026-08-15,modern-challenge-32-2026-08-1512851660,challenge-32,NicolasP,32,0
2026-08-15,modern-challenge-64-2026-08-1512851658,challenge-64,Ashigaruu,1,18
2026-08-15,modern-challenge-64-2026-08-1512851658,challenge-64,Xsper,2,15
2026-08-15,modern-challenge-64-2026-08-1512851658,challenge-64,nahuel10,3,18
2026-08-15,modern-challenge-64-2026-08-1512851658,challenge-64,i_b_TRUE,4,15
2026-08-15,modern-challenge-64-2026-08-1512851658,challenge-64,selesneal,5,18
2026-08-15,modern-challenge-64-2026-08-1512851658,challenge-64,gazmon48,6,18
2026-08-15,modern-challenge-64-2026-08-1512851658,challenge-64,HelpfulHobo,7,18
2026-08-15,modern-challenge-64-2026-08-1512851658,challenge-64,_Batutinha_,8,15
2026-08-15,modern-challenge-64-2026-08-1512851658,challenge-64,eclipse4343,9,15
2026-08-15,modern-challenge-64-2026-08-1512851658,challenge-64,TingInTheRice,10,15
2026-08-15,modern-challenge-64-2026-08-1512851658,challenge-64,Sarlanga,11,15
2026-08-15,modern-challenge-64-2026-08-1512851658,challenge-64,Arcbound_Papi,12,15
2026-08-15,modern-challenge-64-2026-08-1512851658,challenge-64,renatoaraujo,13,15
2026-08-15,modern-challenge-64-2026-08-1512851658,challenge-64,Capitano_CL,14,15
2026-08-15,modern-challenge-64-2026-08-1512851658,challenge-64,Mortaa,15,12
2026-08-15,modern-challenge-64-2026-08-1512851658,challenge-64,LukeBrandes,16,12
2026-08-15,modern-challenge-64-2026-08-1512851658,challenge-64,arturcosta,17,12
2026-08-15,modern-challenge-64-2026-08-1512851658,challenge-64,Rexplosion,18,12
2026-08-15,modern-challenge-64-2026-08-1512851658,challenge-64,VampireDiaries,19,12
2026-08-15,modern-challenge-64-2026-08-1512851658,challenge-64,Tinker_deck,20,12
2026-08-15,modern-challenge-64-2026-08-1512851658,challenge-64,YungDingo,21,12
2026-08-15,modern-challenge-64-2026-08-1512851658,challenge-64,Tree42o,22,12
2026-08-15,modern-challenge-64-2026-08-1512851658,challenge-64,Jetpool,23,12
2026-08-15,modern-challenge-64-2026-08-1512851658,challenge-64,Raptor_Nachos,24,12
2026-08-15,modern-challenge-64-2026-08-1512851658,challenge-64,ZKG,25,12
2026-08-15,modern-challenge-64-2026-08-1512851658,challenge-64,Ch4ppy,26,12
2026-08-15,modern-challenge-64-2026-08-1512851658,challenge-64,ChinaNO2,27,12
2026-08-15,modern-challenge-64-2026-08-1512851658,challenge-64,-Fish,28,12
2026-08-15,modern-challenge-64-2026-08-1512851658,challenge-64,E_Kaminuma,29,12
2026-08-15,modern-challenge-64-2026-08-1512851658,challenge-64,claudio0907,30,9
2026-08-15,modern-challenge-64-2026-08-1512851658,challenge-64,Silk_lobelia,31,9
2026-08-15,modern-challenge-64-2026-08-1512851658,challenge-64,DrewEldon,32,9
2026-08-15,modern-challenge-64-2026-08-1512851665,challenge-64,DskBayWolf,1,12
2026-08-15,modern-challenge-64-2026-08-1512851665,challenge-64,MeninoNey,2,15
2026-08-15,modern-challenge-64-2026-08-1512851665,challenge-64,EnderW,3,15
2026-08-15,modern-challenge-64-2026-08-1512851665,challenge-64,Lightspirit,4,15
2026-08-15,modern-challenge-64-2026-08-1512851665,challenge-64,gazmon48,5,18
2026-08-15,modern-challenge-64-2026-08-1512851665,challenge-64,JustAnotherGuy83,6,15
2026-08-15,modern-challenge-64-2026-08-1512851665,challenge-64,CNewman,7,15
2026-08-15,modern-challenge-64-2026-08-1512851665,challenge-64,acelerado440,8,15
2026-08-15,modern-challenge-64-2026-08-1512851665,challenge-64,NicolasP,9,12
2026-08-15,modern-challenge-64-2026-08-1512851665,challenge-64,kentaro_hokori,10,12
2026-08-15,modern-challenge-64-2026-08-1512851665,challenge-64,PhyrexianSwarm,11,12
2026-08-15,modern-challenge-64-2026-08-1512851665,challenge-64,Arcbound_Papi,12,12
2026-08-15,modern-challenge-64-2026-08-1512851665,challenge-64,The_Phenom,13,12
2026-08-15,modern-challenge-64-2026-08-1512851665,challenge-64,yriel,14,12
2026-08-15,modern-challenge-64-2026-08-1512851665,challenge-64,SanPop,15,12
2026-08-15,modern-challenge-64-2026-08-1512851665,challenge-64,thodoris17,16,12
2026-08-15,modern-challenge-64-2026-08-1512851665,challenge-64,Disgruntled_Elk,17,12
2026-08-15,modern-challenge-64-2026-08-1512851665,challenge-64,Urthstrype,18,12
2026-08-15,modern-challenge-64-2026-08-1512851665,challenge-64,MasterNeo7,19,12
2026-08-15,modern-challenge-64-2026-08-1512851665,challenge-64,mechrataal,20,12
2026-08-15,modern-challenge-64-2026-08-1512851665,challenge-64,leandru,21,12
2026-08-15,modern-challenge-64-2026-08-1512851665,challenge-64,jvidarte,22,9
2026-08-15,modern-challenge-64-2026-08-1512851665,challenge-64,Shoa1,23,9
2026-08-15,modern-challenge-64-2026-08-1512851665,challenge-64,EsperD,24,9
2026-08-15,modern-challenge-64-2026-08-1512851665,challenge-64,fazparte,25,9
2026-08-15,modern-challenge-64-2026-08-1512851665,challenge-64,Dioferreira,26,9
2026-08-15,modern-challenge-64-2026-08-1512851665,challenge-64,nahuel10,27,9
2026-08-15,modern-challenge-64-2026-08-1512851665,challenge-64,Stealthmagician,28,9
2026-08-15,modern-challenge-64-2026-08-1512851665,challenge-64,_must_be_nice,29,9
2026-08-15,modern-challenge-64-2026-08-1512851665,challenge-64,wallofspikes,30,9
2026-08-15,modern-challenge-64-2026-08-1512851665,challenge-64,MonstrousRage,31,9
2026-08-15,modern-challenge-64-2026-08-1512851665,challenge-64,TheRightStuff,32,9
2026-08-15,modern-league-2026-08-1510983,league,Arcbound_Papi,,
2026-08-15,modern-league-2026-08-1510983,league,Aschop,,
2026-08-15,modern-league-2026-08-1510983,league,Asmut16,,
2026-08-15,modern-league-2026-08-1510983,league,BLJ,,
2026-08-15,modern-league-2026-08-1510983,league,BLJ,,
2026-08-15,modern-league-2026-08-1510983,league,Bagoot,,
2026-08-15,modern-league-2026-08-1510983,league,BigB3N,,
2026-08-15,modern-league-2026-08-1510983,league,Blinkmoth-Nexus,,
2026-08-15,modern-league-2026-08-1510983,league,Blinkmoth-Nexus,,
2026-08-15,modern-league-2026-08-1510983,league,BrokenVerse,,
2026-08-15,modern-league-2026-08-1510983,league,CHAR_AZNABLE,,
2026-08-15,modern-league-2026-08-1510983,league,Ch4ppy,,
2026-08-15,modern-league-2026-08-1510983,league,Cyncopath,,
2026-08-15,modern-league-2026-08-1510983,league,DerVuk,,
2026-08-15,modern-league-2026-08-1510983,league,Deulotar,,
2026-08-15,modern-league-2026-08-1510983,league,DodSeth99,,
2026-08-15,modern-league-2026-08-1510983,league,EBlaster,,
2026-08-15,modern-league-2026-08-1510983,league,Enter,,
2026-08-15,modern-league-2026-08-1510983,league,Harlesbarkly,,
2026-08-15,modern-league-2026-08-1510983,league,ItsSwiftyTime,,
2026-08-15,modern-league-2026-08-1510983,league,JulianJohn,,
2026-08-15,modern-league-2026-08-1510983,league,JustHS,,
2026-08-15,modern-league-2026-08-1510983,league,Karazu,,
2026-08-15,modern-league-2026-08-1510983,league,Kzrds,,
2026-08-15,modern-league-2026-08-1510983,league,MagicDevil666,,
2026-08-15,modern-league-2026-08-1510983,league,Magric,,
2026-08-15,modern-league-2026-08-1510983,league,Mattatoio,,
2026-08-15,modern-league-2026-08-1510983,league,Mattatoio,,
2026-08-15,modern-league-2026-08-1510983,league,Paranzio2104,,
2026-08-15,modern-league-2026-08-1510983,league,Qua4tre,,
2026-08-15,modern-league-2026-08-1510983,league,ReservoirMog,,
2026-08-15,modern-league-2026-08-1510983,league,Silence9428,,
2026-08-15,modern-league-2026-08-1510983,league,Skeptic2304,,
2026-08-15,modern-league-2026-08-1510983,league,TuckerMTG,,
2026-08-15,modern-league-2026-08-1510983,league,TuckerMTG,,
2026-08-15,modern-league-2026-08-1510983,league,Vins19,,
2026-08-15,modern-league-2026-08-1510983,league,azax,,
2026-08-15,modern-league-2026-08-1510983,league,azax,,
2026-08-15,modern-league-2026-08-1510983,league,azax,,
2026-08-15,modern-league-2026-08-1510983,league,connormc02,,
2026-08-15,modern-league-2026-08-1510983,league,darikun,,
2026-08-15,modern-league-2026-08-1510983,league,darikun,,
2026-08-15,modern-league-2026-08-1510983,league,exsuit,,
2026-08-15,modern-league-2026-08-1510983,league,flintypriest,,
2026-08-15,modern-league-2026-08-1510983,league,ivan229,,
2026-08-15,modern-league-2026-08-1510983,league,kiwi09,,
2026-08-15,modern-league-2026-08-1510983,league,kyrre2013,,
2026-08-15,modern-league-2026-08-1510983,league,mechrataal,,
2026-08-15,modern-league-2026-08-1510983,league,moosedroppings,,
2026-08-15,modern-league-2026-08-1510983,league,optivial,,
2026-08-15,modern-league-2026-08-1510983,league,runbad,,
2026-08-15,modern-league-2026-08-1510983,league,sGiuG,,
2026-08-15,modern-league-2026-08-1510983,league,tapjoshfor2,,
2026-08-15,modern-league-2026-08-1510983,league,thodoris17,,
2026-08-15,modern-league-2026-08-1510983,league,troopy95,,
2026-08-15,modern-league-2026-08-1510983,league,updog1,,
2026-08-15,modern-rc-super-qualifier-2026-08-1512851608,rc-super-qualifier,TrueHero,1,24
2026-08-15,modern-rc-super-qualifier-2026-08-1512851608,rc-super-qualifier,_Chamytinho_,2,24
2026-08-15,modern-rc-super-qualifier-2026-08-1512851608,rc-super-qualifier,Prim3Time,3,24
2026-08-15,modern-rc-super-qualifier-2026-08-1512851608,rc-super-qualifier,Vrym,4,24
2026-08-15,modern-rc-super-qualifier-2026-08-1512851608,rc-super-qualifier,bestdraveneu,5,24
2026-08-15,modern-rc-super-qualifier-2026-08-1512851608,rc-super-qualifier,Rvng,6,24
2026-08-15,modern-rc-super-qualifier-2026-08-1512851608,rc-super-qualifier,Gerschi,7,21
2026-08-15,modern-rc-super-qualifier-2026-08-1512851608,rc-super-qualifier,Iaashadow,8,21
2026-08-15,modern-rc-super-qualifier-2026-08-1512851608,rc-super-qualifier,Ghost11157,9,21
2026-08-15,modern-rc-super-qualifier-2026-08-1512851608,rc-super-qualifier,JPA93,10,21
2026-08-15,modern-rc-super-qualifier-2026-08-1512851608,rc-super-qualifier,Venom01,11,21
2026-08-15,modern-rc-super-qualifier-2026-08-1512851608,rc-super-qualifier,Croco-polarbear,12,21
2026-08-15,modern-rc-super-qualifier-2026-08-1512851608,rc-super-qualifier,Watchwolf92,13,21
2026-08-15,modern-rc-super-qualifier-2026-08-1512851608,rc-super-qualifier,DawsonCreep,14,21
2026-08-15,modern-rc-super-qualifier-2026-08-1512851608,rc-super-qualifier,surgetemelo,15,21
2026-08-15,modern-rc-super-qualifier-2026-08-1512851608,rc-super-qualifier,FranBenitez91,16,21
2026-08-15,modern-rc-super-qualifier-2026-08-1512851608,rc-super-qualifier,McWinSauce,17,21
2026-08-15,modern-rc-super-qualifier-2026-08-1512851608,rc-super-qualifier,GWT,18,21
2026-08-15,modern-rc-super-qualifier-2026-08-1512851608,rc-super-qualifier,Ryan_39,19,21
2026-08-15,modern-rc-super-qualifier-2026-08-1512851608,rc-super-qualifier,roter_Erzengel,20,21
2026-08-15,modern-rc-super-qualifier-2026-08-1512851608,rc-super-qualifier,Kollslaw,21,21
2026-08-15,modern-rc-super-qualifier-2026-08-1512851608,rc-super-qualifier,RGNKPheonix20,22,21
2026-08-15,modern-rc-super-qualifier-2026-08-1512851608,rc-super-qualifier,Durrrr89,23,21
2026-08-15,modern-rc-super-qualifier-2026-08-1512851608,rc-super-qualifier,Tranzmaster,24,21
2026-08-15,modern-rc-super-qualifier-2026-08-1512851608,rc-super-qualifier,morris,25,18
2026-08-15,modern-rc-super-qualifier-2026-08-1512851608,rc-super-qualifier,Diomed_Tidid,26,18
2026-08-15,modern-rc-super-qualifier-2026-08-1512851608,rc-super-qualifier,LordEgg,27,18
2026-08-15,modern-rc-super-qualifier-2026-08-1512851608,rc-super-qualifier,PerkyT,28,18
2026-08-15,modern-rc-super-qualifier-2026-08-1512851608,rc-super-qualifier,toondoslav,29,18
2026-08-15,modern-rc-super-qualifier-2026-08-1512851608,rc-super-qualifier,yriel,30,18
2026-08-15,modern-rc-super-qualifier-2026-08-1512851608,rc-super-qualifier,slade8283,31,18
2026-08-15,modern-rc-super-qualifier-2026-08-1512851608,rc-super-qualifier,Aced5,32,18
2026-08-16,modern-challenge-64-2026-08-1612851672,challenge-64,E90_DeliveryBoy,1,15
2026-08-16,modern-challenge-64-2026-08-1612851672,challenge-64,niuwaid001,2,18
2026-08-16,modern-challenge-64-2026-08-1612851672,challenge-64,benbot9003,3,18
2026-08-16,modern-challenge-64-2026-08-1612851672,challenge-64,eclipse4343,4,18
2026-08-16,modern-challenge-64-2026-08-1612851672,challenge-64,jussupinator,5,21
2026-08-16,modern-challenge-64-2026-08-1612851672,challenge-64,manohito,6,18
2026-08-16,modern-challenge-64-2026-08-1612851672,challenge-64,emairi,7,15
2026-08-16,modern-challenge-64-2026-08-1612851672,challenge-64,DrewEldon,8,15
2026-08-16,modern-challenge-64-2026-08-1612851672,challenge-64,Grogore,9,15
2026-08-16,modern-challenge-64-2026-08-1612851672,challenge-64,oinkmage22,10,15
2026-08-16,modern-challenge-64-2026-08-1612851672,challenge-64,UninspiredMehjagic,11,15
2026-08-16,modern-challenge-64-2026-08-1612851672,challenge-64,Marvin_Dalkiri,12,15
2026-08-16,modern-challenge-64-2026-08-1612851672,challenge-64,mechrataal,13,15
2026-08-16,modern-challenge-64-2026-08-1612851672,challenge-64,NerdDadChad,14,15
2026-08-16,modern-challenge-64-2026-08-1612851672,challenge-64,MyrRetriever,15,15
2026-08-16,modern-challenge-64-2026-08-1612851672,challenge-64,WanderingOnes,16,15
2026-08-16,modern-challenge-64-2026-08-1612851672,challenge-64,416FrowningTable,17,12
2026-08-16,modern-challenge-64-2026-08-1612851672,challenge-64,KingOfGames1522,18,12
2026-08-16,modern-challenge-64-2026-08-1612851672,challenge-64,Rapgod,19,12
2026-08-16,modern-challenge-64-2026-08-1612851672,challenge-64,ipadkid,20,12
2026-08-16,modern-challenge-64-2026-08-1612851672,challenge-64,BENTO_,21,12
2026-08-16,modern-challenge-64-2026-08-1612851672,challenge-64,SteveKnack,22,12
2026-08-16,modern-challenge-64-2026-08-1612851672,challenge-64,Selfeisek,23,12
2026-08-16,modern-challenge-64-2026-08-1612851672,challenge-64,amin0e,24,12
2026-08-16,modern-challenge-64-2026-08-1612851672,challenge-64,praiseseigerhino,25,12
2026-08-16,modern-challenge-64-2026-08-1612851672,challenge-64,Marlin583,26,12
2026-08-16,modern-challenge-64-2026-08-1612851672,challenge-64,DLCabelo,27,12
2026-08-16,modern-challenge-64-2026-08-1612851672,challenge-64,_Stream,28,12
2026-08-16,modern-challenge-64-2026-08-1612851672,challenge-64,RED-King,29,12
2026-08-16,modern-challenge-64-2026-08-1612851672,challenge-64,KnightOfSuri,30,12
2026-08-16,modern-challenge-64-2026-08-1612851672,challenge-64,frekinsmart,31,9
2026-08-16,modern-challenge-64-2026-08-1612851672,challenge-64,MacIsaac,32,9
2026-08-16,modern-challenge-64-2026-08-1612851676,challenge-64,Xenowan,1,18
2026-08-16,modern-challenge-64-2026-08-1612851676,challenge-64,thodoris17,2,15
2026-08-16,modern-challenge-64-2026-08-1612851676,challenge-64,ryuumei,3,18
2026-08-16,modern-challenge-64-2026-08-1612851676,challenge-64,JahBoodle,4,18
2026-08-16,modern-challenge-64-2026-08-1612851676,challenge-64,SanPop,5,21
2026-08-16,modern-challenge-64-2026-08-1612851676,challenge-64,acelerado440,6,15
2026-08-16,modern-challenge-64-2026-08-1612851676,challenge-64,STURSY,7,15
2026-08-16,modern-challenge-64-2026-08-1612851676,challenge-64,yolad,8,15
2026-08-16,modern-challenge-64-2026-08-1612851676,challenge-64,UltraEgo_,9,15
2026-08-16,modern-challenge-64-2026-08-1612851676,challenge-64,Cheeesy,10,15
2026-08-16,modern-challenge-64-2026-08-1612851676,challenge-64,bobthedog,11,15
2026-08-16,modern-challenge-64-2026-08-1612851676,challenge-64,JuanmaAT,12,15
2026-08-16,modern-challenge-64-2026-08-1612851676,challenge-64,bestdraveneu,13,15
2026-08-16,modern-challenge-64-2026-08-1612851676,challenge-64,VampireDiaries,14,15
2026-08-16,modern-challenge-64-2026-08-1612851676,challenge-64,ipadkid,15,15
2026-08-16,modern-challenge-64-2026-08-1612851676,challenge-64,CNewman,16,15
2026-08-16,modern-challenge-64-2026-08-1612851676,challenge-64,ManuMasters,17,12
2026-08-16,modern-challenge-64-2026-08-1612851676,challenge-64,Radziolot,18,12
2026-08-16,modern-challenge-64-2026-08-1612851676,challenge-64,Mazun0,19,12
2026-08-16,modern-challenge-64-2026-08-1612851676,challenge-64,optivial,20,12
2026-08-16,modern-challenge-64-2026-08-1612851676,challenge-64,Erik157751,21,12
2026-08-16,modern-challenge-64-2026-08-1612851676,challenge-64,Habitante_do_Escuro,22,12
2026-08-16,modern-challenge-64-2026-08-1612851676,challenge-64,Scappie,23,12
2026-08-16,modern-challenge-64-2026-08-1612851676,challenge-64,etazazer,24,12
2026-08-16,modern-challenge-64-2026-08-1612851676,challenge-64,_Falcon_,25,12
2026-08-16,modern-challenge-64-2026-08-1612851676,challenge-64,Sorathrix,26,12
2026-08-16,modern-challenge-64-2026-08-1612851676,challenge-64,Deathmaxx,27,12
2026-08-16,modern-challenge-64-2026-08-1612851676,challenge-64,WanderingOnes,28,12
2026-08-16,modern-challenge-64-2026-08-1612851676,challenge-64,Sifui,29,12
2026-08-16,modern-challenge-64-2026-08-1612851676,challenge-64,_Batutinha_,30,12
2026-08-16,modern-challenge-64-2026-08-1612851676,challenge-64,Ardonas,31,9
2026-08-16,modern-challenge-64-2026-08-1612851676,challenge-64,MayoDominaria,32,9
2026-08-16,modern-league-2026-08-1610983,league,4colorlover,,
2026-08-16,modern-league-2026-08-1610983,league,Adriantxin,,
2026-08-16,modern-league-2026-08-1610983,league,AlpInco,,
2026-08-16,modern-league-2026-08-1610983,league,BLJ,,
2026-08-16,modern-league-2026-08-1610983,league,Bagoot,,
2026-08-16,modern-league-2026-08-1610983,league,Bubblepopper,,
2026-08-16,modern-league-2026-08-1610983,league,DeepDisherino,,
2026-08-16,modern-league-2026-08-1610983,league,ElDogo,,
2026-08-16,modern-league-2026-08-1610983,league,Erikinetic,,
2026-08-16,modern-league-2026-08-1610983,league,Finnabunk,,
2026-08-16,modern-league-2026-08-1610983,league,Ghift,,
2026-08-16,modern-league-2026-08-1610983,league,GoodGuySh0es,,
2026-08-16,modern-league-2026-08-1610983,league,HoneycombH,,
2026-08-16,modern-league-2026-08-1610983,league,IslandGoSAMe,,
2026-08-16,modern-league-2026-08-1610983,league,Kai_Worldz,,
2026-08-16,modern-league-2026-08-1610983,league,Kakoijelev,,
2026-08-16,modern-league-2026-08-1610983,league,Kefwyn,,
2026-08-16,modern-league-2026-08-1610983,league,LeandroKopke,,
2026-08-16,modern-league-2026-08-1610983,league,LeandroKopke,,
2026-08-16,modern-league-2026-08-1610983,league,Leovoldo,,
2026-08-16,modern-league-2026-08-1610983,league,LukeTurner88,,
2026-08-16,modern-league-2026-08-1610983,league,MChoq,,
2026-08-16,modern-league-2026-08-1610983,league,MTG_MODERN_BREWS,,
2026-08-16,modern-league-2026-08-1610983,league,MaxMedeiros,,
2026-08-16,modern-league-2026-08-1610983,league,Minuet,,
2026-08-16,modern-league-2026-08-1610983,league,Moorehardcore,,
2026-08-16,modern-league-2026-08-1610983,league,Nowayh,,
2026-08-16,modern-league-2026-08-1610983,league,Olars18,,
2026-08-16,modern-league-2026-08-1610983,league,OldSpicey,,
2026-08-16,modern-league-2026-08-1610983,league,Potechi0316,,
2026-08-16,modern-league-2026-08-1610983,league,RRozanski,,
2026-08-16,modern-league-2026-08-1610983,league,RenrohMTGO,,
2026-08-16,modern-league-2026-08-1610983,league,RogueKobold679,,
2026-08-16,modern-league-2026-08-1610983,league,SayCheese_336,,
2026-08-16,modern-league-2026-08-1610983,league,SightWinner,,
2026-08-16,modern-league-2026-08-1610983,league,TYPEWOG,,
2026-08-16,modern-league-2026-08-1610983,league,Tentative_Panda,,
2026-08-16,modern-league-2026-08-1610983,league,TomCairns,,
2026-08-16,modern-league-2026-08-1610983,league,Traumatismes,,
2026-08-16,modern-league-2026-08-1610983,league,Zalky,,
2026-08-16,modern-league-2026-08-1610983,league,almostomniscient,,
2026-08-16,modern-league-2026-08-1610983,league,azax,,
2026-08-16,modern-league-2026-08-1610983,league,coolguy143,,
2026-08-16,modern-league-2026-08-1610983,league,cs2376jr,,
2026-08-16,modern-league-2026-08-1610983,league,d_peliser,,
2026-08-16,modern-league-2026-08-1610983,league,delverihardlyknowher,,
2026-08-16,modern-league-2026-08-1610983,league,don_mars,,
2026-08-16,modern-league-2026-08-1610983,league,emcl,,
2026-08-16,modern-league-2026-08-1610983,league,entflammen,,
2026-08-16,modern-league-2026-08-1610983,league,filthyrat99,,
2026-08-16,modern-league-2026-08-1610983,league,goldsboro3,,
2026-08-16,modern-league-2026-08-1610983,league,lichwheremymoney,,
2026-08-16,modern-league-2026-08-1610983,league,niuwaid001,,
2026-08-16,modern-league-2026-08-1610983,league,potter24,,
2026-08-16,modern-league-2026-08-1610983,league,schadenfreude,,
2026-08-16,modern-league-2026-08-1610983,league,sendoh007,,
2026-08-16,modern-league-2026-08-1610983,league,sergi3108,,
2026-08-16,modern-league-2026-08-1610983,league,valentinaaaa,,
2026-08-16,modern-league-2026-08-1610983,league,wraaith,,
2026-08-17,modern-challenge-64-2026-08-1712851686,challenge-64,Dioferreira,1,15
2026-08-17,modern-challenge-64-2026-08-1712851686,challenge-64,ScreenwriterNY,2,18
2026-08-17,modern-challenge-64-2026-08-1712851686,challenge-64,Selfeisek,3,18
2026-08-17,modern-challenge-64-2026-08-1712851686,challenge-64,Ivan_Draw_Go,4,15
2026-08-17,modern-challenge-64-2026-08-1712851686,challenge-64,YungDingo,5,21
2026-08-17,modern-challenge-64-2026-08-1712851686,challenge-64,LucasG1ggs,6,18
2026-08-17,modern-challenge-64-2026-08-1712851686,challenge-64,ShadowTitan1,7,15
2026-08-17,modern-challenge-64-2026-08-1712851686,challenge-64,littesir095,8,15
2026-08-17,modern-challenge-64-2026-08-1712851686,challenge-64,musasabi,9,15
2026-08-17,modern-challenge-64-2026-08-1712851686,challenge-64,bless_von,10,15
2026-08-17,modern-challenge-64-2026-08-1712851686,challenge-64,Bugsy69,11,15
2026-08-17,modern-challenge-64-2026-08-1712851686,challenge-64,Sorathrix,12,15
2026-08-17,modern-challenge-64-2026-08-1712851686,challenge-64,DaybreakFinks,13,15
2026-08-17,modern-challenge-64-2026-08-1712851686,challenge-64,ChinaNO2,14,15
2026-08-17,modern-challenge-64-2026-08-1712851686,challenge-64,Csypher,15,15
2026-08-17,modern-challenge-64-2026-08-1712851686,challenge-64,derlumberzack,16,15
2026-08-17,modern-challenge-64-2026-08-1712851686,challenge-64,Darkchrome6538,17,12
2026-08-17,modern-challenge-64-2026-08-1712851686,challenge-64,manohito,18,12
2026-08-17,modern-challenge-64-2026-08-1712851686,challenge-64,SimonAntillon,19,12
2026-08-17,modern-challenge-64-2026-08-1712851686,challenge-64,TuckerMTG,20,12
2026-08-17,modern-challenge-64-2026-08-1712851686,challenge-64,Filho_do_MOL,21,12
2026-08-17,modern-challenge-64-2026-08-1712851686,challenge-64,Tree42o,22,12
2026-08-17,modern-challenge-64-2026-08-1712851686,challenge-64,eclipse4343,23,12
2026-08-17,modern-challenge-64-2026-08-1712851686,challenge-64,justFeather,24,12
2026-08-17,modern-challenge-64-2026-08-1712851686,challenge-64,Cachorrowo,25,12
2026-08-17,modern-challenge-64-2026-08-1712851686,challenge-64,DragonFodder,26,12
2026-08-17,modern-challenge-64-2026-08-1712851686,challenge-64,crazythursday,27,12
2026-08-17,modern-challenge-64-2026-08-1712851686,challenge-64,Sarlanga,28,12
2026-08-17,modern-challenge-64-2026-08-1712851686,challenge-64,KeasbyKnight,29,12
2026-08-17,modern-challenge-64-2026-08-1712851686,challenge-64,medvedev,30,9
2026-08-17,modern-challenge-64-2026-08-1712851686,challenge-64,DskBayWolf,31,9
2026-08-17,modern-challenge-64-2026-08-1712851686,challenge-64,ipadkid,32,9
2026-08-17,modern-challenge-96-2026-08-1712851690,challenge-96,Rvng,1,18
2026-08-17,modern-challenge-96-2026-08-1712851690,challenge-96,Nowayh,2,18
2026-08-17,modern-challenge-96-2026-08-1712851690,challenge-96,ShadowTitan1,3,15
2026-08-17,modern-challenge-96-2026-08-1712851690,challenge-96,bcs8995,4,15
2026-08-17,modern-challenge-96-2026-08-1712851690,challenge-96,kthanakit26,5,21
2026-08-17,modern-challenge-96-2026-08-1712851690,challenge-96,arturcosta,6,18
2026-08-17,modern-challenge-96-2026-08-1712851690,challenge-96,Thunus,7,18
2026-08-17,modern-challenge-96-2026-08-1712851690,challenge-96,EpicWalrus,8,18
2026-08-17,modern-challenge-96-2026-08-1712851690,challenge-96,Poderosisimo,9,15
2026-08-17,modern-challenge-96-2026-08-1712851690,challenge-96,Salty_Orange,10,15
2026-08-17,modern-challenge-96-2026-08-1712851690,challenge-96,Tamarindo,11,15
2026-08-17,modern-challenge-96-2026-08-1712851690,challenge-96,Bugsy69,12,15
2026-08-17,modern-challenge-96-2026-08-1712851690,challenge-96,eclipse4343,13,15
2026-08-17,modern-challenge-96-2026-08-1712851690,challenge-96,mechrataal,14,15
2026-08-17,modern-challenge-96-2026-08-1712851690,challenge-96,Pallocchia314,15,15
2026-08-17,modern-challenge-96-2026-08-1712851690,challenge-96,Haunter56,16,15
2026-08-17,modern-challenge-96-2026-08-1712851690,challenge-96,Fra91,17,15
2026-08-17,modern-challenge-96-2026-08-1712851690,challenge-96,manohito,18,15
2026-08-17,modern-challenge-96-2026-08-1712851690,challenge-96,Uagli1,19,15
2026-08-17,modern-challenge-96-2026-08-1712851690,challenge-96,TSPJendrek,20,15
2026-08-17,modern-challenge-96-2026-08-1712851690,challenge-96,CavalloGoloso,21,15
2026-08-17,modern-challenge-96-2026-08-1712851690,challenge-96,pedronavaja,22,15
2026-08-17,modern-challenge-96-2026-08-1712851690,challenge-96,RTR_,23,12
2026-08-17,modern-challenge-96-2026-08-1712851690,challenge-96,Jungski,24,12
2026-08-17,modern-challenge-96-2026-08-1712851690,challenge-96,badgods,25,12
2026-08-17,modern-challenge-96-2026-08-1712851690,challenge-96,chuyingfei,26,12
2026-08-17,modern-challenge-96-2026-08-1712851690,challenge-96,planetbrainwash,27,12
2026-08-17,modern-challenge-96-2026-08-1712851690,challenge-96,Spellyp,28,12
2026-08-17,modern-challenge-96-2026-08-1712851690,challenge-96,Mansa_Musa,29,12
2026-08-17,modern-challenge-96-2026-08-1712851690,challenge-96,oskiyaa,30,12
2026-08-17,modern-challenge-96-2026-08-1712851690,challenge-96,pokerswizard,31,12
2026-08-17,modern-challenge-96-2026-08-1712851690,challenge-96,RCMerriam,32,12
2026-08-17,modern-league-2026-08-1710983,league,-Grissom-,,
2026-08-17,modern-league-2026-08-1710983,league,Amendoim,,
2026-08-17,modern-league-2026-08-1710983,league,Aschop,,
2026-08-17,modern-league-2026-08-1710983,league,Attomium,,
2026-08-17,modern-league-2026-08-1710983,league,BLJ,,
2026-08-17,modern-league-2026-08-1710983,league,Blinkmoth-Nexus,,
2026-08-17,modern-league-2026-08-1710983,league,Bubblepopper,,
2026-08-17,modern-league-2026-08-1710983,league,Cereza,,
2026-08-17,modern-league-2026-08-1710983,league,Certified_Noob,,
2026-08-17,modern-league-2026-08-1710983,league,Cheeesy,,
2026-08-17,modern-league-2026-08-1710983,league,DeepDisherino,,
2026-08-17,modern-league-2026-08-1710983,league,Edoz13,,
2026-08-17,modern-league-2026-08-1710983,league,EthanBird,,
2026-08-17,modern-league-2026-08-1710983,league,Falco_Lombardi,,
2026-08-17,modern-league-2026-08-1710983,league,Frejat,,
2026-08-17,modern-league-2026-08-1710983,league,Galanator,,
2026-08-17,modern-league-2026-08-1710983,league,GingerGuy83,,
2026-08-17,modern-league-2026-08-1710983,league,GreyChroma,,
2026-08-17,modern-league-2026-08-1710983,league,Hypsh,,
2026-08-17,modern-league-2026-08-1710983,league,Im_Yer_Huckleberry,,
2026-08-17,modern-league-2026-08-1710983,league,JuanmaAT,,
2026-08-17,modern-league-2026-08-1710983,league,Kalipapas,,
2026-08-17,modern-league-2026-08-1710983,league,Kaylshh,,
2026-08-17,modern-league-2026-08-1710983,league,Kurusu,,
2026-08-17,modern-league-2026-08-1710983,league,Loreington,,
2026-08-17,modern-league-2026-08-1710983,league,Lux_Solis,,
2026-08-17,modern-league-2026-08-1710983,league,McFishy,,
2026-08-17,modern-league-2026-08-1710983,league,MeninoNey,,
2026-08-17,modern-league-2026-08-1710983,league,Moaddin1186,,
2026-08-17,modern-league-2026-08-1710983,league,MrCafouillette,,
2026-08-17,modern-league-2026-08-1710983,league,PremiumShine,,
2026-08-17,modern-league-2026-08-1710983,league,R3tr0sp3ct,,
2026-08-17,modern-league-2026-08-1710983,league,RCMerriam,,
2026-08-17,modern-league-2026-08-1710983,league,RDBS,,
2026-08-17,modern-league-2026-08-1710983,league,RenrohMTGO,,
2026-08-17,modern-league-2026-08-1710983,league,Rudokant,,
2026-08-17,modern-league-2026-08-1710983,league,SightWinner,,
2026-08-17,modern-league-2026-08-1710983,league,SkyllaMTG,,
2026-08-17,modern-league-2026-08-1710983,league,Sorathrix,,
2026-08-17,modern-league-2026-08-1710983,league,Suczi,,
2026-08-17,modern-league-2026-08-1710983,league,Tesnal,,
2026-08-17,modern-league-2026-08-1710983,league,TheDarkSkittle,,
2026-08-17,modern-league-2026-08-1710983,league,The_Cloudpost,,
2026-08-17,modern-league-2026-08-1710983,league,Trakeoto,,
2026-08-17,modern-league-2026-08-1710983,league,Triflic,,
2026-08-17,modern-league-2026-08-1710983,league,UnusualAnt,,
2026-08-17,modern-league-2026-08-1710983,league,VentoAureo,,
2026-08-17,modern-league-2026-08-1710983,league,VizosMTG,,
2026-08-17,modern-league-2026-08-1710983,league,adam_t,,
2026-08-17,modern-league-2026-08-1710983,league,anttoms21,,
2026-08-17,modern-league-2026-08-1710983,league,bakkenal,,
2026-08-17,modern-league-2026-08-1710983,league,beetea,,
2026-08-17,modern-league-2026-08-1710983,league,bokk,,
2026-08-17,modern-league-2026-08-1710983,league,chemimea,,
2026-08-17,modern-league-2026-08-1710983,league,dejzen,,
2026-08-17,modern-league-2026-08-1710983,league,eresopacaso,,
2026-08-17,modern-league-2026-08-1710983,league,ganache1127,,
2026-08-17,modern-league-2026-08-1710983,league,gohawks,,
2026-08-17,modern-league-2026-08-1710983,league,kimkimmer,,
2026-08-17,modern-league-2026-08-1710983,league,komeorz123,,
2026-08-17,modern-league-2026-08-1710983,league,mechrataal,,
2026-08-17,modern-league-2026-08-1710983,league,mh7lucky,,
2026-08-17,modern-league-2026-08-1710983,league,niuwaid001,,
2026-08-17,modern-league-2026-08-1710983,league,oinkmage22,,
2026-08-17,modern-league-2026-08-1710983,league,virp13,,
2026-08-17,modern-league-2026-08-1710983,league,yang2399,,
2026-08-18,modern-challenge-64-2026-08-1812851705,challenge-64,HouseOfManaMTG,1,21
2026-08-18,modern-challenge-64-2026-08-1812851705,challenge-64,ipadkid,2,18
2026-08-18,modern-challenge-64-2026-08-1812851705,challenge-64,NathanOfTheGiltLeaf,3,18
2026-08-18,modern-challenge-64-2026-08-1812851705,challenge-64,Marxelo,4,18
2026-08-18,modern-challenge-64-2026-08-1812851705,challenge-64,KajuRoers,5,15
2026-08-18,modern-challenge-64-2026-08-1812851705,challenge-64,Martin_Dominguez,6,15
2026-08-18,modern-challenge-64-2026-08-1812851705,challenge-64,Nowayh,7,15
2026-08-18,modern-challenge-64-2026-08-1812851705,challenge-64,nahuel10,8,15
2026-08-18,modern-challenge-64-2026-08-1812851705,challenge-64,Linden_43,9,15
2026-08-18,modern-challenge-64-2026-08-1812851705,challenge-64,Aced5,10,15
2026-08-18,modern-challenge-64-2026-08-1812851705,challenge-64,ShadowTitan1,11,15
2026-08-18,modern-challenge-64-2026-08-1812851705,challenge-64,Devoured,12,15
2026-08-18,modern-challenge-64-2026-08-1812851705,challenge-64,Kollslaw,13,15
2026-08-18,modern-challenge-64-2026-08-1812851705,challenge-64,ratabruta,14,15
2026-08-18,modern-challenge-64-2026-08-1812851705,challenge-64,MaxMedeiros,15,15
2026-08-18,modern-challenge-64-2026-08-1812851705,challenge-64,_Batutinha_,16,15
2026-08-18,modern-challenge-64-2026-08-1812851705,challenge-64,Rexplosion,17,12
2026-08-18,modern-challenge-64-2026-08-1812851705,challenge-64,CesarMerjan,18,12
2026-08-18,modern-challenge-64-2026-08-1812851705,challenge-64,bunnyfat,19,12
2026-08-18,modern-challenge-64-2026-08-1812851705,challenge-64,Selfeisek,20,12
2026-08-18,modern-challenge-64-2026-08-1812851705,challenge-64,MeninoNey,21,12
2026-08-18,modern-challenge-64-2026-08-1812851705,challenge-64,LucasG1ggs,22,12
2026-08-18,modern-challenge-64-2026-08-1812851705,challenge-64,-Grissom-,23,12
2026-08-18,modern-challenge-64-2026-08-1812851705,challenge-64,Salty_Orange,24,12
2026-08-18,modern-challenge-64-2026-08-1812851705,challenge-64,Rashek,25,12
2026-08-18,modern-challenge-64-2026-08-1812851705,challenge-64,Boin,26,12
2026-08-18,modern-challenge-64-2026-08-1812851705,challenge-64,Mortaa,27,12
2026-08-18,modern-challenge-64-2026-08-1812851705,challenge-64,Dustin_Comite,28,12
2026-08-18,modern-challenge-64-2026-08-1812851705,challenge-64,pedronavaja,29,12
2026-08-18,modern-challenge-64-2026-08-1812851705,challenge-64,HolaChico,30,12
2026-08-18,modern-challenge-64-2026-08-1812851705,challenge-64,hugofreitas1,31,12
2026-08-18,modern-challenge-64-2026-08-1812851705,challenge-64,your_fave_maeve,32,9
2026-08-18,modern-league-2026-08-1810983,league,AllanonCEW,,
2026-08-18,modern-league-2026-08-1810983,league,Alozzk,,
2026-08-18,modern-league-2026-08-1810983,league,Alozzk,,
2026-08-18,modern-league-2026-08-1810983,league,Alvas,,
2026-08-18,modern-league-2026-08-1810983,league,BaronOfBacon,,
2026-08-18,modern-league-2026-08-1810983,league,Beadsley,,
2026-08-18,modern-league-2026-08-1810983,league,Blindside09,,
2026-08-18,modern-league-2026-08-1810983,league,Boudsey,,
2026-08-18,modern-league-2026-08-1810983,league,CrisMTG77,,
2026-08-18,modern-league-2026-08-1810983,league,Crovax90,,
2026-08-18,modern-league-2026-08-1810983,league,DB_DackFayden7,,
2026-08-18,modern-league-2026-08-1810983,league,DavidDaBridges,,
2026-08-18,modern-league-2026-08-1810983,league,Delap91,,
2026-08-18,modern-league-2026-08-1810983,league,Eddard99,,
2026-08-18,modern-league-2026-08-1810983,league,Erikinetic,,
2026-08-18,modern-league-2026-08-1810983,league,Evariel,,
2026-08-18,modern-league-2026-08-1810983,league,Frejat,,
2026-08-18,modern-league-2026-08-1810983,league,Galashev29,,
2026-08-18,modern-league-2026-08-1810983,league,GanYanCHN,,
2026-08-18,modern-league-2026-08-1810983,league,Gods_Shadow,,
2026-08-18,modern-league-2026-08-1810983,league,HDG_BorisE,,
2026-08-18,modern-league-2026-08-1810983,league,Hndrxx520,,
2026-08-18,modern-league-2026-08-1810983,league,Hot_Muffin,,
2026-08-18,modern-league-2026-08-1810983,league,JuJuTM,,
2026-08-18,modern-league-2026-08-1810983,league,KajuRoers,,
2026-08-18,modern-league-2026-08-1810983,league,KangXiaotian,,
2026-08-18,modern-league-2026-08-1810983,league,LFC,,
2026-08-18,modern-league-2026-08-1810983,league,MTGPacks,,
2026-08-18,modern-league-2026-08-1810983,league,MaeMtg,,
2026-08-18,modern-league-2026-08-1810983,league,MagicDevil666,,
2026-08-18,modern-league-2026-08-1810983,league,Marxelo,,
2026-08-18,modern-league-2026-08-1810983,league,MaxMedeiros,,
2026-08-18,modern-league-2026-08-1810983,league,MegaSwampert,,
2026-08-18,modern-league-2026-08-1810983,league,Mitchard,,
2026-08-18,modern-league-2026-08-1810983,league,MonoTyler2,,
2026-08-18,modern-league-2026-08-1810983,league,Nicopanico,,
2026-08-18,modern-league-2026-08-1810983,league,Nowayh,,
2026-08-18,modern-league-2026-08-1810983,league,Rock889,,
2026-08-18,modern-league-2026-08-1810983,league,Sam_Lewin,,
2026-08-18,modern-league-2026-08-1810983,league,SightWinner,,
2026-08-18,modern-league-2026-08-1810983,league,SizzleSkeleton,,
2026-08-18,modern-league-2026-08-1810983,league,TYPEWOG,,
2026-08-18,modern-league-2026-08-1810983,league,TomCairns,,
2026-08-18,modern-league-2026-08-1810983,league,VizosMTG,,
2026-08-18,modern-league-2026-08-1810983,league,Walri,,
2026-08-18,modern-league-2026-08-1810983,league,YorionLover,,
2026-08-18,modern-league-2026-08-1810983,league,anttoms21,,
2026-08-18,modern-league-2026-08-1810983,league,azax,,
2026-08-18,modern-league-2026-08-1810983,league,bcs8995,,
2026-08-18,modern-league-2026-08-1810983,league,cg240,,
2026-08-18,modern-league-2026-08-1810983,league,krazag,,
2026-08-18,modern-league-2026-08-1810983,league,lyz050915,,
2026-08-18,modern-league-2026-08-1810983,league,mERAZED,,
2026-08-18,modern-league-2026-08-1810983,league,mtbWolf,,
2026-08-18,modern-league-2026-08-1810983,league,oinkmage22,,
2026-08-18,modern-league-2026-08-1810983,league,sadlyfrown,,
2026-08-18,modern-league-2026-08-1810983,league,sarcoma,,
2026-08-18,modern-league-2026-08-1810983,league,sarcoma,,
2026-08-18,modern-league-2026-08-1810983,league,ssbmARMY,,
2026-08-18,modern-league-2026-08-1810983,league,theasiankid,,
2026-08-18,modern-league-2026-08-1810983,league,thomper90,,
2026-08-18,modern-league-2026-08-1810983,league,valentinaaaa,,
2026-08-18,modern-league-2026-08-1810983,league,willtheelf1,,
2026-08-19,modern-challenge-32-2026-08-1912851707,challenge-32,mechrataal,1,15
2026-08-19,modern-challenge-32-2026-08-1912851707,challenge-32,musasabi,2,18
2026-08-19,modern-challenge-32-2026-08-1912851707,challenge-32,xl_snapcaster,3,21
2026-08-19,modern-challenge-32-2026-08-1912851707,challenge-32,nedyahiske,4,15
2026-08-19,modern-challenge-32-2026-08-1912851707,challenge-32,Sorathrix,5,18
2026-08-19,modern-challenge-32-2026-08-1912851707,challenge-32,TuckerMTG,6,18
2026-08-19,modern-challenge-32-2026-08-1912851707,challenge-32,bless_von,7,15
2026-08-19,modern-challenge-32-2026-08-1912851707,challenge-32,_Grogu_,8,15
2026-08-19,modern-challenge-32-2026-08-1912851707,challenge-32,eclipse4343,9,15
2026-08-19,modern-challenge-32-2026-08-1912851707,challenge-32,_Batutinha_,10,15
2026-08-19,modern-challenge-32-2026-08-1912851707,challenge-32,MeninoNey,11,15
2026-08-19,modern-challenge-32-2026-08-1912851707,challenge-32,BowBloBiw,12,15
2026-08-19,modern-challenge-32-2026-08-1912851707,challenge-32,bugzbugs,13,15
2026-08-19,modern-challenge-32-2026-08-1912851707,challenge-32,Tinker_deck,14,15
2026-08-19,modern-challenge-32-2026-08-1912851707,challenge-32,magikal_juggalo,15,15
2026-08-19,modern-challenge-32-2026-08-1912851707,challenge-32,stefansson30952,16,12
2026-08-19,modern-challenge-32-2026-08-1912851707,challenge-32,YungDingo,17,12
2026-08-19,modern-challenge-32-2026-08-1912851707,challenge-32,thatguy_champ,18,12
2026-08-19,modern-challenge-32-2026-08-1912851707,challenge-32,btail08,19,12
2026-08-19,modern-challenge-32-2026-08-1912851707,challenge-32,DragonFodder,20,12
2026-08-19,modern-challenge-32-2026-08-1912851707,challenge-32,ejk,21,12
2026-08-19,modern-challenge-32-2026-08-1912851707,challenge-32,nahuel10,22,12
2026-08-19,modern-challenge-32-2026-08-1912851707,challenge-32,manohito,23,12
2026-08-19,modern-challenge-32-2026-08-1912851707,challenge-32,LucasG1ggs,24,12
2026-08-19,modern-challenge-32-2026-08-1912851707,challenge-32,Sam_Lewin,25,12
2026-08-19,modern-challenge-32-2026-08-1912851707,challenge-32,derlumberzack,26,12
2026-08-19,modern-challenge-32-2026-08-1912851707,challenge-32,ipadkid,27,9
2026-08-19,modern-challenge-32-2026-08-1912851707,challenge-32,jvidarte,28,9
2026-08-19,modern-challenge-32-2026-08-1912851707,challenge-32,MystikHawk,29,9
2026-08-19,modern-challenge-32-2026-08-1912851707,challenge-32,frekinsmart,30,9
2026-08-19,modern-challenge-32-2026-08-1912851707,challenge-32,hugofreitas1,31,9
2026-08-19,modern-challenge-32-2026-08-1912851707,challenge-32,Arcbound_Papi,32,9
2026-08-19,modern-challenge-96-2026-08-1912851716,challenge-96,MeninoNey,1,21
2026-08-19,modern-challenge-96-2026-08-1912851716,challenge-96,HouseOfManaMTG,2,18
2026-08-19,modern-challenge-96-2026-08-1912851716,challenge-96,stefansson30952,3,18
2026-08-19,modern-challenge-96-2026-08-1912851716,challenge-96,_Abijhavs_,4,18
2026-08-19,modern-challenge-96-2026-08-1912851716,challenge-96,Rvng,5,18
2026-08-19,modern-challenge-96-2026-08-1912851716,challenge-96,CMack_,6,18
2026-08-19,modern-challenge-96-2026-08-1912851716,challenge-96,frenzyofexultations,7,18
2026-08-19,modern-challenge-96-2026-08-1912851716,challenge-96,nahuel10,8,15
2026-08-19,modern-challenge-96-2026-08-1912851716,challenge-96,starfall,9,15
2026-08-19,modern-challenge-96-2026-08-1912851716,challenge-96,TomBombadi1,10,15
2026-08-19,modern-challenge-96-2026-08-1912851716,challenge-96,mh7lucky,11,15
2026-08-19,modern-challenge-96-2026-08-1912851716,challenge-96,4FunNoWin,12,15
2026-08-19,modern-challenge-96-2026-08-1912851716,challenge-96,JPA93,13,15
2026-08-19,modern-challenge-96-2026-08-1912851716,challenge-96,Antarctica,14,15
2026-08-19,modern-challenge-96-2026-08-1912851716,challenge-96,Sarlanga,15,15
2026-08-19,modern-challenge-96-2026-08-1912851716,challenge-96,NJ5030,16,15
2026-08-19,modern-challenge-96-2026-08-1912851716,challenge-96,Bugsy69,17,15
2026-08-19,modern-challenge-96-2026-08-1912851716,challenge-96,pedronavaja,18,15
2026-08-19,modern-challenge-96-2026-08-1912851716,challenge-96,Tetsubou,19,15
2026-08-19,modern-challenge-96-2026-08-1912851716,challenge-96,Martin_Dominguez,20,15
2026-08-19,modern-challenge-96-2026-08-1912851716,challenge-96,Cachorrowo,21,15
2026-08-19,modern-challenge-96-2026-08-1912851716,challenge-96,Selfeisek,22,15
2026-08-19,modern-challenge-96-2026-08-1912851716,challenge-96,peter780108,23,15
2026-08-19,modern-challenge-96-2026-08-1912851716,challenge-96,Xsper,24,15
2026-08-19,modern-challenge-96-2026-08-1912851716,challenge-96,acelerado440,25,12
2026-08-19,modern-challenge-96-2026-08-1912851716,challenge-96,MasterGarrix,26,12
2026-08-19,modern-challenge-96-2026-08-1912851716,challenge-96,Based,27,12
2026-08-19,modern-challenge-96-2026-08-1912851716,challenge-96,PhyrexianSwarm,28,12
2026-08-19,modern-challenge-96-2026-08-1912851716,challenge-96,oeni,29,12
2026-08-19,modern-challenge-96-2026-08-1912851716,challenge-96,Jumba,30,12
2026-08-19,modern-challenge-96-2026-08-1912851716,challenge-96,JonDaBill,31,12
2026-08-19,modern-challenge-96-2026-08-1912851716,challenge-96,chuyingfei,32,12
2026-08-19,modern-league-2026-08-1910983,league,ABongOuttaWater,,
2026-08-19,modern-league-2026-08-1910983,league,AgentLion09,,
2026-08-19,modern-league-2026-08-1910983,league,Auron12,,
2026-08-19,modern-league-2026-08-1910983,league,BuelowKarl,,
2026-08-19,modern-league-2026-08-1910983,league,Chaticus,,
2026-08-19,modern-league-2026-08-1910983,league,Ferio0192,,
2026-08-19,modern-league-2026-08-1910983,league,Ghost11157,,
2026-08-19,modern-league-2026-08-1910983,league,GoncalvesF,,
2026-08-19,modern-league-2026-08-1910983,league,HDG_BorisE,,
2026-08-19,modern-league-2026-08-1910983,league,Hazarsta,,
2026-08-19,modern-league-2026-08-1910983,league,InterludeShadow,,
2026-08-19,modern-league-2026-08-1910983,league,Jonii,,
2026-08-19,modern-league-2026-08-1910983,league,Kaiser_ITA,,
2026-08-19,modern-league-2026-08-1910983,league,LordEgg,,
2026-08-19,modern-league-2026-08-1910983,league,Mahieu,,
2026-08-19,modern-league-2026-08-1910983,league,MattTumavitch13,,
2026-08-19,modern-league-2026-08-1910983,league,OafMcNamara,,
2026-08-19,modern-league-2026-08-1910983,league,Omegauo,,
2026-08-19,modern-league-2026-08-1910983,league,Poderosisimo,,
2026-08-19,modern-league-2026-08-1910983,league,RDBS,,
2026-08-19,modern-league-2026-08-1910983,league,Rudokant,,
2026-08-19,modern-league-2026-08-1910983,league,ServantArcher,,
2026-08-19,modern-league-2026-08-1910983,league,TYPEWOG,,
2026-08-19,modern-league-2026-08-1910983,league,TheGrandPoisson,,
2026-08-19,modern-league-2026-08-1910983,league,TreebornFrog,,
2026-08-19,modern-league-2026-08-1910983,league,TreebornFrog,,
2026-08-19,modern-league-2026-08-1910983,league,WhensMarvel,,
2026-08-19,modern-league-2026-08-1910983,league,anttoms21,,
2026-08-19,modern-league-2026-08-1910983,league,badthemost,,
2026-08-19,modern-league-2026-08-1910983,league,bcs8995,,
2026-08-19,modern-league-2026-08-1910983,league,brunoprince,,
2026-08-19,modern-league-2026-08-1910983,league,dphking,,
2026-08-19,modern-league-2026-08-1910983,league,drhovenstein,,
2026-08-19,modern-league-2026-08-1910983,league,floptic,,
2026-08-19,modern-league-2026-08-1910983,league,gohawks,,
2026-08-19,modern-league-2026-08-1910983,league,goron27,,
2026-08-19,modern-league-2026-08-1910983,league,icy195,,
2026-08-19,modern-league-2026-08-1910983,league,m-boy,,
2026-08-19,modern-league-2026-08-1910983,league,mERAZED,,
2026-08-19,modern-league-2026-08-1910983,league,mechrataal,,
2026-08-19,modern-league-2026-08-1910983,league,micrograms,,
2026-08-19,modern-league-2026-08-1910983,league,nahuel10,,
2026-08-19,modern-league-2026-08-1910983,league,niuwaid001,,
2026-08-19,modern-league-2026-08-1910983,league,peterhmasters,,
2026-08-19,modern-league-2026-08-1910983,league,sioutis_kk,,
2026-08-19,modern-league-2026-08-1910983,league,thebeansknees,,
2026-08-19,modern-league-2026-08-1910983,league,toondoslav,,
2026-08-19,modern-league-2026-08-1910983,league,virp13,,
2026-08-20,modern-challenge-64-2026-08-2012852721,challenge-64,bananadisaster,1,18
2026-08-20,modern-challenge-64-2026-08-2012852721,challenge-64,Rashek,2,18
2026-08-20,modern-challenge-64-2026-08-2012852721,challenge-64,thodoris17,3,18
2026-08-20,modern-challenge-64-2026-08-2012852721,challenge-64,Lightspirit,4,18
2026-08-20,modern-challenge-64-2026-08-2012852721,challenge-64,lunaloveee,5,18
2026-08-20,modern-challenge-64-2026-08-2012852721,challenge-64,selesneal,6,18
2026-08-20,modern-challenge-64-2026-08-2012852721,challenge-64,ShowTime_,7,18
2026-08-20,modern-challenge-64-2026-08-2012852721,challenge-64,X_Why_Z,8,15
2026-08-20,modern-challenge-64-2026-08-2012852721,challenge-64,Slatorade,9,15
2026-08-20,modern-challenge-64-2026-08-2012852721,challenge-64,MKC,10,15
2026-08-20,modern-challenge-64-2026-08-2012852721,challenge-64,manohito,11,15
2026-08-20,modern-challenge-64-2026-08-2012852721,challenge-64,TSPJendrek,12,15
2026-08-20,modern-challenge-64-2026-08-2012852721,challenge-64,ratabruta,13,15
2026-08-20,modern-challenge-64-2026-08-2012852721,challenge-64,ipadkid,14,15
2026-08-20,modern-challenge-64-2026-08-2012852721,challenge-64,jade-venus,15,15
2026-08-20,modern-challenge-64-2026-08-2012852721,challenge-64,Mikebrav,16,15
2026-08-20,modern-challenge-64-2026-08-2012852721,challenge-64,yriel,17,15
2026-08-20,modern-challenge-64-2026-08-2012852721,challenge-64,haoqinglangou,18,15
2026-08-20,modern-challenge-64-2026-08-2012852721,challenge-64,_Shikamaru_,19,15
2026-08-20,modern-challenge-64-2026-08-2012852721,challenge-64,xl_snapcaster,20,15
2026-08-20,modern-challenge-64-2026-08-2012852721,challenge-64,CavalloGoloso,21,12
2026-08-20,modern-challenge-64-2026-08-2012852721,challenge-64,Jumba,22,12
2026-08-20,modern-challenge-64-2026-08-2012852721,challenge-64,JJ,23,12
2026-08-20,modern-challenge-64-2026-08-2012852721,challenge-64,Tetsubou,24,12
2026-08-20,modern-challenge-64-2026-08-2012852721,challenge-64,Capitano_CL,25,12
2026-08-20,modern-challenge-64-2026-08-2012852721,challenge-64,Cyncopath,26,12
2026-08-20,modern-challenge-64-2026-08-2012852721,challenge-64,MeninoNey,27,12
2026-08-20,modern-challenge-64-2026-08-2012852721,challenge-64,Marxelo,28,12
2026-08-20,modern-challenge-64-2026-08-2012852721,challenge-64,Kritik,29,12
2026-08-20,modern-challenge-64-2026-08-2012852721,challenge-64,levunga21,30,12
2026-08-20,modern-challenge-64-2026-08-2012852721,challenge-64,Traumatismes,31,12
2026-08-20,modern-challenge-64-2026-08-2012852721,challenge-64,SanPop,32,12
2026-08-20,modern-league-2026-08-2010983,league,ATXroy,,
2026-08-20,modern-league-2026-08-2010983,league,AzNsOuL,,
2026-08-20,modern-league-2026-08-2010983,league,BENTO_,,
2026-08-20,modern-league-2026-08-2010983,league,BrainsickHater,,
2026-08-20,modern-league-2026-08-2010983,league,CDris22,,
2026-08-20,modern-league-2026-08-2010983,league,Ch4ppy,,
2026-08-20,modern-league-2026-08-2010983,league,CptNixon,,
2026-08-20,modern-league-2026-08-2010983,league,CursedOcean,,
2026-08-20,modern-league-2026-08-2010983,league,Damgar,,
2026-08-20,modern-league-2026-08-2010983,league,Duddz_z,,
2026-08-20,modern-league-2026-08-2010983,league,GMFischer,,
2026-08-20,modern-league-2026-08-2010983,league,HDG_BorisE,,
2026-08-20,modern-league-2026-08-2010983,league,Hravv,,
2026-08-20,modern-league-2026-08-2010983,league,IZPhoenix,,
2026-08-20,modern-league-2026-08-2010983,league,IlProfessore,,
2026-08-20,modern-league-2026-08-2010983,league,Junebugg,,
2026-08-20,modern-league-2026-08-2010983,league,MaeMtg,,
2026-08-20,modern-league-2026-08-2010983,league,Marcalzer,,
2026-08-20,modern-league-2026-08-2010983,league,Mitchard,,
2026-08-20,modern-league-2026-08-2010983,league,NickBolas90,,
2026-08-20,modern-league-2026-08-2010983,league,Paranzio2104,,
2026-08-20,modern-league-2026-08-2010983,league,Paranzio2104,,
2026-08-20,modern-league-2026-08-2010983,league,Pheipon,,
2026-08-20,modern-league-2026-08-2010983,league,PtyLtd,,
2026-08-20,modern-league-2026-08-2010983,league,Redman1034,,
2026-08-20,modern-league-2026-08-2010983,league,RoccoCocco,,
2026-08-20,modern-league-2026-08-2010983,league,TheRealestDeal,,
2026-08-20,modern-league-2026-08-2010983,league,Thomas_Serra,,
2026-08-20,modern-league-2026-08-2010983,league,Traumatismes,,
2026-08-20,modern-league-2026-08-2010983,league,UrbanPope,,
2026-08-20,modern-league-2026-08-2010983,league,Zoru,,
2026-08-20,modern-league-2026-08-2010983,league,_Abijhavs_,,
2026-08-20,modern-league-2026-08-2010983,league,acelerado440,,
2026-08-20,modern-league-2026-08-2010983,league,acelerado440,,
2026-08-20,modern-league-2026-08-2010983,league,albert62,,
2026-08-20,modern-league-2026-08-2010983,league,azax,,
2026-08-20,modern-league-2026-08-2010983,league,azax,,
2026-08-20,modern-league-2026-08-2010983,league,bakkenal,,
2026-08-20,modern-league-2026-08-2010983,league,cgouldner,,
2026-08-20,modern-league-2026-08-2010983,league,chase00111,,
2026-08-20,modern-league-2026-08-2010983,league,connormc02,,
2026-08-20,modern-league-2026-08-2010983,league,gabbii_,,
2026-08-20,modern-league-2026-08-2010983,league,gm_95,,
2026-08-20,modern-league-2026-08-2010983,league,goodluckfriend,,
2026-08-20,modern-league-2026-08-2010983,league,groot02,,
2026-08-20,modern-league-2026-08-2010983,league,kevin21,,
2026-08-20,modern-league-2026-08-2010983,league,kite_,,
2026-08-20,modern-league-2026-08-2010983,league,krixtijan,,
2026-08-20,modern-league-2026-08-2010983,league,lilcreacher,,
2026-08-20,modern-league-2026-08-2010983,league,liuyuchen,,
2026-08-20,modern-league-2026-08-2010983,league,ljex,,
2026-08-20,modern-league-2026-08-2010983,league,nahuel10,,
2026-08-20,modern-league-2026-08-2010983,league,rksgsn,,
2026-08-20,modern-league-2026-08-2010983,league,scullcrusher123,,
2026-08-20,modern-league-2026-08-2010983,league,shinokuma,,
2026-08-20,modern-league-2026-08-2010983,league,sidisi,,
2026-08-20,modern-league-2026-08-2010983,league,vdboule,,
2026-08-20,modern-league-2026-08-2010983,league,viritoPP,,
2026-08-21,modern-challenge-64-2026-08-2112852731,challenge-64,Haunter56,1,18
2026-08-21,modern-challenge-64-2026-08-2112852731,challenge-64,Lightspirit,2,21
2026-08-21,modern-challenge-64-2026-08-2112852731,challenge-64,haveaboavida,3,18
2026-08-21,modern-challenge-64-2026-08-2112852731,challenge-64,ArthurMorgan,4,15
2026-08-21,modern-challenge-64-2026-08-2112852731,challenge-64,DskBayWolf,5,18
2026-08-21,modern-challenge-64-2026-08-2112852731,challenge-64,TrueHero,6,18
2026-08-21,modern-challenge-64-2026-08-2112852731,challenge-64,ziofrancone,7,18
2026-08-21,modern-challenge-64-2026-08-2112852731,challenge-64,McWinSauce,8,15
2026-08-21,modern-challenge-64-2026-08-2112852731,challenge-64,The_Yoda,9,15
2026-08-21,modern-challenge-64-2026-08-2112852731,challenge-64,ShowTime_,10,15
2026-08-21,modern-challenge-64-2026-08-2112852731,challenge-64,DelverOfBolts,11,15
2026-08-21,modern-challenge-64-2026-08-2112852731,challenge-64,pedronavaja,12,15
2026-08-21,modern-challenge-64-2026-08-2112852731,challenge-64,Habitante_do_Escuro,13,15
2026-08-21,modern-challenge-64-2026-08-2112852731,challenge-64,dzk,14,15
2026-08-21,modern-challenge-64-2026-08-2112852731,challenge-64,kasiso,15,15
2026-08-21,modern-challenge-64-2026-08-2112852731,challenge-64,shindy,16,15
2026-08-21,modern-challenge-64-2026-08-2112852731,challenge-64,aspiringspike,17,15
2026-08-21,modern-challenge-64-2026-08-2112852731,challenge-64,dmorito,18,15
2026-08-21,modern-challenge-64-2026-08-2112852731,challenge-64,bobthedog,19,15
2026-08-21,modern-challenge-64-2026-08-2112852731,challenge-64,hugofreitas1,20,15
2026-08-21,modern-challenge-64-2026-08-2112852731,challenge-64,ipadkid,21,12
2026-08-21,modern-challenge-64-2026-08-2112852731,challenge-64,O_danielakos,22,12
2026-08-21,modern-challenge-64-2026-08-2112852731,challenge-64,SuperCow12653,23,12
2026-08-21,modern-challenge-64-2026-08-2112852731,challenge-64,iomatic,24,12
2026-08-21,modern-challenge-64-2026-08-2112852731,challenge-64,Rvng,25,12
2026-08-21,modern-challenge-64-2026-08-2112852731,challenge-64,narca,26,12
2026-08-21,modern-challenge-64-2026-08-2112852731,challenge-64,Xwhale,27,12
2026-08-21,modern-challenge-64-2026-08-2112852731,challenge-64,Moaddin1186,28,12
2026-08-21,modern-challenge-64-2026-08-2112852731,challenge-64,big6ybois,29,12
2026-08-21,modern-challenge-64-2026-08-2112852731,challenge-64,-=Alfa=-,30,12
2026-08-21,modern-challenge-64-2026-08-2112852731,challenge-64,Otifex,31,12
2026-08-21,modern-challenge-64-2026-08-2112852731,challenge-64,JhonnySeJugar,32,12
2026-08-21,modern-league-2026-08-2110983,league,Alvas,,
2026-08-21,modern-league-2026-08-2110983,league,AugustRush,,
2026-08-21,modern-league-2026-08-2110983,league,Bingjiao,,
2026-08-21,modern-league-2026-08-2110983,league,Blade400,,
2026-08-21,modern-league-2026-08-2110983,league,Brunes,,
2026-08-21,modern-league-2026-08-2110983,league,Crovax90,,
2026-08-21,modern-league-2026-08-2110983,league,Emiljho,,
2026-08-21,modern-league-2026-08-2110983,league,EpicWalrus,,
2026-08-21,modern-league-2026-08-2110983,league,Falkoneye,,
2026-08-21,modern-league-2026-08-2110983,league,GABGUIMOND,,
2026-08-21,modern-league-2026-08-2110983,league,JLBall,,
2026-08-21,modern-league-2026-08-2110983,league,Jack-Z,,
2026-08-21,modern-league-2026-08-2110983,league,JuanmaAT,,
2026-08-21,modern-league-2026-08-2110983,league,Kaiser_ITA,,
2026-08-21,modern-league-2026-08-2110983,league,MagicDevil666,,
2026-08-21,modern-league-2026-08-2110983,league,Magric,,
2026-08-21,modern-league-2026-08-2110983,league,Marxelo,,
2026-08-21,modern-league-2026-08-2110983,league,MisterTwin,,
2026-08-21,modern-league-2026-08-2110983,league,NJGB1,,
2026-08-21,modern-league-2026-08-2110983,league,PhoeniXVille_0315,,
2026-08-21,modern-league-2026-08-2110983,league,Prim3Time,,
2026-08-21,modern-league-2026-08-2110983,league,RNicoF,,
2026-08-21,modern-league-2026-08-2110983,league,ROUTER_SMITER,,
2026-08-21,modern-league-2026-08-2110983,league,RandomGameActions,,
2026-08-21,modern-league-2026-08-2110983,league,Rvng,,
2026-08-21,modern-league-2026-08-2110983,league,Separatist,,
2026-08-21,modern-league-2026-08-2110983,league,Swagtusks,,
2026-08-21,modern-league-2026-08-2110983,league,Swarm_OF_Mats,,
2026-08-21,modern-league-2026-08-2110983,league,TOP_AI,,
2026-08-21,modern-league-2026-08-2110983,league,Tarot_Clone,,
2026-08-21,modern-league-2026-08-2110983,league,Tyler_The_Gatherer,,
2026-08-21,modern-league-2026-08-2110983,league,andersoneclair,,
2026-08-21,modern-league-2026-08-2110983,league,azax,,
2026-08-21,modern-league-2026-08-2110983,league,brunoprince,,
2026-08-21,modern-league-2026-08-2110983,league,celobee,,
2026-08-21,modern-league-2026-08-2110983,league,don_mars,,
2026-08-21,modern-league-2026-08-2110983,league,drklutch,,
2026-08-21,modern-league-2026-08-2110983,league,flintypriest,,
2026-08-21,modern-league-2026-08-2110983,league,gazmon48,,
2026-08-21,modern-league-2026-08-2110983,league,ivan229,,
2026-08-21,modern-league-2026-08-2110983,league,jundilion,,
2026-08-21,modern-league-2026-08-2110983,league,lilcreacher,,
2026-08-21,modern-league-2026-08-2110983,league,lourice,,
2026-08-21,modern-league-2026-08-2110983,league,mtgobazaar8,,
2026-08-21,modern-league-2026-08-2110983,league,sakatter,,
2026-08-21,modern-league-2026-08-2110983,league,smnowako,,
2026-08-21,modern-league-2026-08-2110983,league,thekidmandude,,
2026-08-21,modern-league-2026-08-2110983,league,xl_snapcaster,,
2026-08-21,modern-league-2026-08-2110983,league,zolacarciofi,,
2026-08-22,modern-challenge-16-2026-08-2212852737,challenge-16,yriel,1,12
2026-08-22,modern-challenge-16-2026-08-2212852737,challenge-16,NotJim,2,12
2026-08-22,modern-challenge-16-2026-08-2212852737,challenge-16,soggymeatball,3,15
2026-08-22,modern-challenge-16-2026-08-2212852737,challenge-16,meanfannypack,4,12
2026-08-22,modern-challenge-16-2026-08-2212852737,challenge-16,Junkmener,5,18
2026-08-22,modern-challenge-16-2026-08-2212852737,challenge-16,ejk,6,15
2026-08-22,modern-challenge-16-2026-08-2212852737,challenge-16,musasabi,7,12
2026-08-22,modern-challenge-16-2026-08-2212852737,challenge-16,PesE,8,12
2026-08-22,modern-challenge-16-2026-08-2212852737,challenge-16,kyporioth,9,12
2026-08-22,modern-challenge-16-2026-08-2212852737,challenge-16,_Falcon_,10,12
2026-08-22,modern-challenge-16-2026-08-2212852737,challenge-16,E_Kaminuma,11,12
2026-08-22,modern-challenge-16-2026-08-2212852737,challenge-16,TheRightStuff,12,9
2026-08-22,modern-challenge-16-2026-08-2212852737,challenge-16,GiestOfIWin,13,9
2026-08-22,modern-challenge-16-2026-08-2212852737,challenge-16,selesneal,14,9
2026-08-22,modern-challenge-16-2026-08-2212852737,challenge-16,SanPop,15,9
2026-08-22,modern-challenge-16-2026-08-2212852737,challenge-16,medvedev,16,9
2026-08-22,modern-challenge-16-2026-08-2212852737,challenge-16,EthanBird,17,9
2026-08-22,modern-challenge-16-2026-08-2212852737,challenge-16,iReedMinds,18,9
2026-08-22,modern-challenge-16-2026-08-2212852737,challenge-16,reidq7,19,9
2026-08-22,modern-challenge-16-2026-08-2212852737,challenge-16,liuyuchen,20,6
2026-08-22,modern-challenge-16-2026-08-2212852737,challenge-16,-Nausea-,21,6
2026-08-22,modern-challenge-16-2026-08-2212852737,challenge-16,maear,22,6
2026-08-22,modern-challenge-16-2026-08-2212852737,challenge-16,Kollslaw,23,6
2026-08-22,modern-challenge-16-2026-08-2212852737,challenge-16,DemianDesposito10,24,6
2026-08-22,modern-challenge-16-2026-08-2212852737,challenge-16,kasiso,25,3
2026-08-22,modern-challenge-16-2026-08-2212852737,challenge-16,Kyndrax,26,3
2026-08-22,modern-challenge-16-2026-08-2212852737,challenge-16,nahuel10,27,3
2026-08-22,modern-challenge-16-2026-08-2212852737,challenge-16,sidisi,28,3
2026-08-22,modern-challenge-16-2026-08-2212852737,challenge-16,LordEgg,29,0
2026-08-22,modern-challenge-16-2026-08-2212852737,challenge-16,planetbrainwash,30,0
2026-08-22,modern-challenge-16-2026-08-2212852737,challenge-16,Freeky_16,31,0
2026-08-22,modern-challenge-16-2026-08-2212852737,challenge-16,JPA93,32,0
2026-08-22,modern-challenge-64-2026-08-2212852736,challenge-64,Willthepill,1,18
2026-08-22,modern-challenge-64-2026-08-2212852736,challenge-64,Kalipapas,2,18
2026-08-22,modern-challenge-64-2026-08-2212852736,challenge-64,ipadkid,3,18
2026-08-22,modern-challenge-64-2026-08-2212852736,challenge-64,MercurialChemister,4,15
2026-08-22,modern-challenge-64-2026-08-2212852736,challenge-64,LucasG1ggs,5,21
2026-08-22,modern-challenge-64-2026-08-2212852736,challenge-64,KingHairy,6,18
2026-08-22,modern-challenge-64-2026-08-2212852736,challenge-64,Tinker_deck,7,18
2026-08-22,modern-challenge-64-2026-08-2212852736,challenge-64,DrewEldon,8,15
2026-08-22,modern-challenge-64-2026-08-2212852736,challenge-64,stefansson30952,9,15
2026-08-22,modern-challenge-64-2026-08-2212852736,challenge-64,gazmon48,10,15
2026-08-22,modern-challenge-64-2026-08-2212852736,challenge-64,eclipse4343,11,15
2026-08-22,modern-challenge-64-2026-08-2212852736,challenge-64,connormc02,12,15
2026-08-22,modern-challenge-64-2026-08-2212852736,challenge-64,MC_amp2267,13,15
2026-08-22,modern-challenge-64-2026-08-2212852736,challenge-64,azureu09,14,15
2026-08-22,modern-challenge-64-2026-08-2212852736,challenge-64,jvidarte,15,15
2026-08-22,modern-challenge-64-2026-08-2212852736,challenge-64,NerdDadChad,16,15
2026-08-22,modern-challenge-64-2026-08-2212852736,challenge-64,Manny-,17,15
2026-08-22,modern-challenge-64-2026-08-2212852736,challenge-64,NJ5030,18,15
2026-08-22,modern-challenge-64-2026-08-2212852736,challenge-64,kattsu,19,15
2026-08-22,modern-challenge-64-2026-08-2212852736,challenge-64,YungDingo,20,15
2026-08-22,modern-challenge-64-2026-08-2212852736,challenge-64,Tongmuzi,21,12
2026-08-22,modern-challenge-64-2026-08-2212852736,challenge-64,RandomOctopus,22,12
2026-08-22,modern-challenge-64-2026-08-2212852736,challenge-64,Sarlanga,23,12
2026-08-22,modern-challenge-64-2026-08-2212852736,challenge-64,AgentP,24,12
2026-08-22,modern-challenge-64-2026-08-2212852736,challenge-64,ShadowTitan1,25,12
2026-08-22,modern-challenge-64-2026-08-2212852736,challenge-64,Sam_Lewin,26,12
2026-08-22,modern-challenge-64-2026-08-2212852736,challenge-64,Arcbound_Papi,27,12
2026-08-22,modern-challenge-64-2026-08-2212852736,challenge-64,kasiso,28,12
2026-08-22,modern-challenge-64-2026-08-2212852736,challenge-64,Richie727,29,12
2026-08-22,modern-challenge-64-2026-08-2212852736,challenge-64,YAK9k,30,12
2026-08-22,modern-challenge-64-2026-08-2212852736,challenge-64,TooManySnacks,31,12
2026-08-22,modern-challenge-64-2026-08-2212852736,challenge-64,_demian,32,12
2026-08-22,modern-challenge-64-2026-08-2212852742,challenge-64,Phryziel,1,18
2026-08-22,modern-challenge-64-2026-08-2212852742,challenge-64,Nuserdog,2,18
2026-08-22,modern-challenge-64-2026-08-2212852742,challenge-64,MikeEgan,3,18
2026-08-22,modern-challenge-64-2026-08-2212852742,challenge-64,pokerswizard,4,18
2026-08-22,modern-challenge-64-2026-08-2212852742,challenge-64,toto_2295,5,21
2026-08-22,modern-challenge-64-2026-08-2212852742,challenge-64,Bugsy69,6,18
2026-08-22,modern-challenge-64-2026-08-2212852742,challenge-64,Takayama,7,18
2026-08-22,modern-challenge-64-2026-08-2212852742,challenge-64,MeninooNey,8,18
2026-08-22,modern-challenge-64-2026-08-2212852742,challenge-64,Dhedjeshdi,9,15
2026-08-22,modern-challenge-64-2026-08-2212852742,challenge-64,CNewman,10,15
2026-08-22,modern-challenge-64-2026-08-2212852742,challenge-64,JustAnotherGuy83,11,15
2026-08-22,modern-challenge-64-2026-08-2212852742,challenge-64,ziofrancone,12,15
2026-08-22,modern-challenge-64-2026-08-2212852742,challenge-64,Prim3Time,13,15
2026-08-22,modern-challenge-64-2026-08-2212852742,challenge-64,VenoW_art,14,15
2026-08-22,modern-challenge-64-2026-08-2212852742,challenge-64,bobthedog,15,15
2026-08-22,modern-challenge-64-2026-08-2212852742,challenge-64,RedArmada,16,15
2026-08-22,modern-challenge-64-2026-08-2212852742,challenge-64,JakeTMS,17,15
2026-08-22,modern-challenge-64-2026-08-2212852742,challenge-64,Walrusguy32,18,15
2026-08-22,modern-challenge-64-2026-08-2212852742,challenge-64,GodOfSlaughter,19,15
2026-08-22,modern-challenge-64-2026-08-2212852742,challenge-64,richcs1,20,15
2026-08-22,modern-challenge-64-2026-08-2212852742,challenge-64,starfall,21,15
2026-08-22,modern-challenge-64-2026-08-2212852742,challenge-64,Urthstrype,22,15
2026-08-22,modern-challenge-64-2026-08-2212852742,challenge-64,Watchwolf92,23,15
2026-08-22,modern-challenge-64-2026-08-2212852742,challenge-64,Dydyk95,24,15
2026-08-22,modern-challenge-64-2026-08-2212852742,challenge-64,Jaksiel,25,15
2026-08-22,modern-challenge-64-2026-08-2212852742,challenge-64,Traumatismes,26,15
2026-08-22,modern-challenge-64-2026-08-2212852742,challenge-64,JPA93,27,12
2026-08-22,modern-challenge-64-2026-08-2212852742,challenge-64,BigErnMcKraken,28,12
2026-08-22,modern-challenge-64-2026-08-2212852742,challenge-64,St1ffler,29,12
2026-08-22,modern-challenge-64-2026-08-2212852742,challenge-64,henry_morehouse,30,12
2026-08-22,modern-challenge-64-2026-08-2212852742,challenge-64,magiclibrary,31,12
2026-08-22,modern-challenge-64-2026-08-2212852742,challenge-64,Sifui,32,12
2026-08-22,modern-league-2026-08-2210983,league,AbelMolto,,
2026-08-22,modern-league-2026-08-2210983,league,ArclightMik,,
2026-08-22,modern-league-2026-08-2210983,league,Asmut16,,
2026-08-22,modern-league-2026-08-2210983,league,Awed_One,,
2026-08-22,modern-league-2026-08-2210983,league,Bisbocci,,
2026-08-22,modern-league-2026-08-2210983,league,Blinkmoth-Nexus,,
2026-08-22,modern-league-2026-08-2210983,league,Bowman2,,
2026-08-22,modern-league-2026-08-2210983,league,DB_DackFayden7,,
2026-08-22,modern-league-2026-08-2210983,league,DeepDisherino,,
2026-08-22,modern-league-2026-08-2210983,league,DineofDoom,,
2026-08-22,modern-league-2026-08-2210983,league,Erikinetic,,
2026-08-22,modern-league-2026-08-2210983,league,GABGUIMOND,,
2026-08-22,modern-league-2026-08-2210983,league,Ghianda,,
2026-08-22,modern-league-2026-08-2210983,league,Golden91,,
2026-08-22,modern-league-2026-08-2210983,league,HA0N,,
2026-08-22,modern-league-2026-08-2210983,league,InhaleSpliff,,
2026-08-22,modern-league-2026-08-2210983,league,John_Marek,,
2026-08-22,modern-league-2026-08-2210983,league,KangXiaotian,,
2026-08-22,modern-league-2026-08-2210983,league,Kzrds,,
2026-08-22,modern-league-2026-08-2210983,league,LFC,,
2026-08-22,modern-league-2026-08-2210983,league,LFC,,
2026-08-22,modern-league-2026-08-2210983,league,LaturatheLucis,,
2026-08-22,modern-league-2026-08-2210983,league,Leohard,,
2026-08-22,modern-league-2026-08-2210983,league,MeninooNey,,
2026-08-22,modern-league-2026-08-2210983,league,MisterTwin,,
2026-08-22,modern-league-2026-08-2210983,league,Mortaa,,
2026-08-22,modern-league-2026-08-2210983,league,Quinaroon,,
2026-08-22,modern-league-2026-08-2210983,league,RALC,,
2026-08-22,modern-league-2026-08-2210983,league,RunningPineapple,,
2026-08-22,modern-league-2026-08-2210983,league,Silveryyy,,
2026-08-22,modern-league-2026-08-2210983,league,VentoAureo,,
2026-08-22,modern-league-2026-08-2210983,league,Vonducky,,
2026-08-22,modern-league-2026-08-2210983,league,__Magic__Dan__,,
2026-08-22,modern-league-2026-08-2210983,league,bellfy,,
2026-08-22,modern-league-2026-08-2210983,league,fengchangle0625,,
2026-08-22,modern-league-2026-08-2210983,league,ftavares29,,
2026-08-22,modern-league-2026-08-2210983,league,gabbii_,,
2026-08-22,modern-league-2026-08-2210983,league,grenzos,,
2026-08-22,modern-league-2026-08-2210983,league,ho-oh,,
2026-08-22,modern-league-2026-08-2210983,league,inspiringspoke,,
2026-08-22,modern-league-2026-08-2210983,league,kennydarko,,
2026-08-22,modern-league-2026-08-2210983,league,koskadelli,,
2026-08-22,modern-league-2026-08-2210983,league,ljex,,
2026-08-22,modern-league-2026-08-2210983,league,mechrataal,,
2026-08-22,modern-league-2026-08-2210983,league,ratabruta,,
2026-08-22,modern-league-2026-08-2210983,league,sydneydude,,
2026-08-22,modern-league-2026-08-2210983,league,tibalt_of_red_sub,,
2026-08-22,modern-league-2026-08-2210983,league,updog1,,
2026-08-22,modern-league-2026-08-2210983,league,yang2399,,
2026-08-23,modern-challenge-64-2026-08-2312852747,challenge-64,ETBJezus,1,18
2026-08-23,modern-challenge-64-2026-08-2312852747,challenge-64,MeninooNey,2,18
2026-08-23,modern-challenge-64-2026-08-2312852747,challenge-64,Junkmener,3,18
2026-08-23,modern-challenge-64-2026-08-2312852747,challenge-64,Skeptic2304,4,15
2026-08-23,modern-challenge-64-2026-08-2312852747,challenge-64,sidisi,5,18
2026-08-23,modern-challenge-64-2026-08-2312852747,challenge-64,gazmon48,6,18
2026-08-23,modern-challenge-64-2026-08-2312852747,challenge-64,Fransadness,7,18
2026-08-23,modern-challenge-64-2026-08-2312852747,challenge-64,WaffleWiz,8,15
2026-08-23,modern-challenge-64-2026-08-2312852747,challenge-64,DeepDisherino,9,15
2026-08-23,modern-challenge-64-2026-08-2312852747,challenge-64,connormc02,10,15
2026-08-23,modern-challenge-64-2026-08-2312852747,challenge-64,Selfeisek,11,15
2026-08-23,modern-challenge-64-2026-08-2312852747,challenge-64,pwqz,12,15
2026-08-23,modern-challenge-64-2026-08-2312852747,challenge-64,YungDingo,13,15
2026-08-23,modern-challenge-64-2026-08-2312852747,challenge-64,Arkmaru,14,15
2026-08-23,modern-challenge-64-2026-08-2312852747,challenge-64,renatoaraujo,15,15
2026-08-23,modern-challenge-64-2026-08-2312852747,challenge-64,GigaChadSigmaMale,16,15
2026-08-23,modern-challenge-64-2026-08-2312852747,challenge-64,Venom01,17,15
2026-08-23,modern-challenge-64-2026-08-2312852747,challenge-64,DannyStarchild,18,15
2026-08-23,modern-challenge-64-2026-08-2312852747,challenge-64,duke12,19,12
2026-08-23,modern-challenge-64-2026-08-2312852747,challenge-64,selesneal,20,12
2026-08-23,modern-challenge-64-2026-08-2312852747,challenge-64,MercurialChemister,21,12
2026-08-23,modern-challenge-64-2026-08-2312852747,challenge-64,YAK9k,22,12
2026-08-23,modern-challenge-64-2026-08-2312852747,challenge-64,Rivrat2007,23,12
2026-08-23,modern-challenge-64-2026-08-2312852747,challenge-64,Kollslaw,24,12
2026-08-23,modern-challenge-64-2026-08-2312852747,challenge-64,E90_DeliveryBoy,25,12
2026-08-23,modern-challenge-64-2026-08-2312852747,challenge-64,kattsu,26,12
2026-08-23,modern-challenge-64-2026-08-2312852747,challenge-64,SuperCow12653,27,12
2026-08-23,modern-challenge-64-2026-08-2312852747,challenge-64,kokoko098,28,12
2026-08-23,modern-challenge-64-2026-08-2312852747,challenge-64,EthanBird,29,12
2026-08-23,modern-challenge-64-2026-08-2312852747,challenge-64,mav807,30,12
2026-08-23,modern-challenge-64-2026-08-2312852747,challenge-64,chase00111,31,12
2026-08-23,modern-challenge-64-2026-08-2312852747,challenge-64,RandomOctopus,32,12
2026-08-23,modern-challenge-64-2026-08-2312852752,challenge-64,thodoris17,1,18
2026-08-23,modern-challenge-64-2026-08-2312852752,challenge-64,wallofspikes,2,18
2026-08-23,modern-challenge-64-2026-08-2312852752,challenge-64,hugofreitas1,3,15
2026-08-23,modern-challenge-64-2026-08-2312852752,challenge-64,jev_,4,15
2026-08-23,modern-challenge-64-2026-08-2312852752,challenge-64,DskBayWolf,5,21
2026-08-23,modern-challenge-64-2026-08-2312852752,challenge-64,Omegauo,6,18
2026-08-23,modern-challenge-64-2026-08-2312852752,challenge-64,JRomero,7,18
2026-08-23,modern-challenge-64-2026-08-2312852752,challenge-64,The_Lion91,8,18
2026-08-23,modern-challenge-64-2026-08-2312852752,challenge-64,John1111,9,15
2026-08-23,modern-challenge-64-2026-08-2312852752,challenge-64,musasabi,10,15
2026-08-23,modern-challenge-64-2026-08-2312852752,challenge-64,Suechtler,11,15
2026-08-23,modern-challenge-64-2026-08-2312852752,challenge-64,Nuserdog,12,15
2026-08-23,modern-challenge-64-2026-08-2312852752,challenge-64,MayoDominaria,13,15
2026-08-23,modern-challenge-64-2026-08-2312852752,challenge-64,niuwaid001,14,15
2026-08-23,modern-challenge-64-2026-08-2312852752,challenge-64,Clesss,15,15
2026-08-23,modern-challenge-64-2026-08-2312852752,challenge-64,manoah,16,15
2026-08-23,modern-challenge-64-2026-08-2312852752,challenge-64,Jaksiel,17,15
2026-08-23,modern-challenge-64-2026-08-2312852752,challenge-64,_Batutinha_,18,12
2026-08-23,modern-challenge-64-2026-08-2312852752,challenge-64,Enter,19,12
2026-08-23,modern-challenge-64-2026-08-2312852752,challenge-64,VampireDiaries,20,12
2026-08-23,modern-challenge-64-2026-08-2312852752,challenge-64,Ardonas,21,12
2026-08-23,modern-challenge-64-2026-08-2312852752,challenge-64,scalo94,22,12
2026-08-23,modern-challenge-64-2026-08-2312852752,challenge-64,CNewman,23,12
2026-08-23,modern-challenge-64-2026-08-2312852752,challenge-64,Toscanini,24,12
2026-08-23,modern-challenge-64-2026-08-2312852752,challenge-64,Craig_Long123,25,12
2026-08-23,modern-challenge-64-2026-08-2312852752,challenge-64,crazythursday,26,12
2026-08-23,modern-challenge-64-2026-08-2312852752,challenge-64,bobthedog,27,12
2026-08-23,modern-challenge-64-2026-08-2312852752,challenge-64,ipadkid,28,12
2026-08-23,modern-challenge-64-2026-08-2312852752,challenge-64,Gobeli,29,12
2026-08-23,modern-challenge-64-2026-08-2312852752,challenge-64,almostomniscient,30,12
2026-08-23,modern-challenge-64-2026-08-2312852752,challenge-64,jps_17,31,12
2026-08-23,modern-challenge-64-2026-08-2312852752,challenge-64,STURSY,32,12
2026-08-23,modern-league-2026-08-2310983,league,Damien_Philip,,
2026-08-23,modern-league-2026-08-2310983,league,Pierpaolomtg,,
2026-08-23,modern-league-2026-08-2310983,league,Shr1ke,,
2026-08-23,modern-league-2026-08-2310983,league,Squiggy686,,
2026-08-23,modern-league-2026-08-2310983,league,WUMBOCHARM,,
2026-08-23,modern-league-2026-08-2310983,league,albertosd87,,
2026-08-23,modern-league-2026-08-2310983,league,theasiankid,,
2026-08-24,modern-challenge-64-2026-08-2412852760,challenge-64,skullcrobatjoker,1,21
2026-08-24,modern-challenge-64-2026-08-2412852760,challenge-64,Savior0117,2,18
2026-08-24,modern-challenge-64-2026-08-2412852760,challenge-64,gazmon48,3,18
2026-08-24,modern-challenge-64-2026-08-2412852760,challenge-64,MyrRetriever,4,18
2026-08-24,modern-challenge-64-2026-08-2412852760,challenge-64,Hazzrd,5,18
2026-08-24,modern-challenge-64-2026-08-2412852760,challenge-64,ETBJezus,6,18
2026-08-24,modern-challenge-64-2026-08-2412852760,challenge-64,C_S_W____,7,15
2026-08-24,modern-challenge-64-2026-08-2412852760,challenge-64,Dioferreira,8,15
2026-08-24,modern-challenge-64-2026-08-2412852760,challenge-64,Lightspirit,9,15
2026-08-24,modern-challenge-64-2026-08-2412852760,challenge-64,selesneal,10,15
2026-08-24,modern-challenge-64-2026-08-2412852760,challenge-64,jayrod115,11,15
2026-08-24,modern-challenge-64-2026-08-2412852760,challenge-64,bless_von,12,15
2026-08-24,modern-challenge-64-2026-08-2412852760,challenge-64,eclipse4343,13,15
2026-08-24,modern-challenge-64-2026-08-2412852760,challenge-64,nedyahiske,14,15
2026-08-24,modern-challenge-64-2026-08-2412852760,challenge-64,Chaticus,15,15
2026-08-24,modern-challenge-64-2026-08-2412852760,challenge-64,rastaf,16,15
2026-08-24,modern-challenge-64-2026-08-2412852760,challenge-64,EthanBird,17,15
2026-08-24,modern-challenge-64-2026-08-2412852760,challenge-64,ipadkid,18,12
2026-08-24,modern-challenge-64-2026-08-2412852760,challenge-64,wft,19,12
2026-08-24,modern-challenge-64-2026-08-2412852760,challenge-64,Capitano_CL,20,12
2026-08-24,modern-challenge-64-2026-08-2412852760,challenge-64,Botboy,21,12
2026-08-24,modern-challenge-64-2026-08-2412852760,challenge-64,KeasbyKnight,22,12
2026-08-24,modern-challenge-64-2026-08-2412852760,challenge-64,oinkmage22,23,12
2026-08-24,modern-challenge-64-2026-08-2412852760,challenge-64,Cachorrowo,24,12
2026-08-24,modern-challenge-64-2026-08-2412852760,challenge-64,Xsper,25,12
2026-08-24,modern-challenge-64-2026-08-2412852760,challenge-64,crazythursday,26,12
2026-08-24,modern-challenge-64-2026-08-2412852760,challenge-64,Venom01,27,12
2026-08-24,modern-challenge-64-2026-08-2412852760,challenge-64,Zonda,28,12
2026-08-24,modern-challenge-64-2026-08-2412852760,challenge-64,shindy,29,12
2026-08-24,modern-challenge-64-2026-08-2412852760,challenge-64,Sam_Lewin,30,12
2026-08-24,modern-challenge-64-2026-08-2412852760,challenge-64,musasabi,31,12
2026-08-24,modern-challenge-64-2026-08-2412852760,challenge-64,bananadisaster,32,9
2026-08-24,modern-challenge-96-2026-08-2412852762,challenge-96,Kritik,1,18
2026-08-24,modern-challenge-96-2026-08-2412852762,challenge-96,elBB,2,18
2026-08-24,modern-challenge-96-2026-08-2412852762,challenge-96,MayoDominaria,3,18
2026-08-24,modern-challenge-96-2026-08-2412852762,challenge-96,Mapletreefrog,4,18
2026-08-24,modern-challenge-96-2026-08-2412852762,challenge-96,Rashek,5,18
2026-08-24,modern-challenge-96-2026-08-2412852762,challenge-96,Davidowiz,6,18
2026-08-24,modern-challenge-96-2026-08-2412852762,challenge-96,lunaloveee,7,18
2026-08-24,modern-challenge-96-2026-08-2412852762,challenge-96,Xsper,8,15
2026-08-24,modern-challenge-96-2026-08-2412852762,challenge-96,liuyuchen,9,15
2026-08-24,modern-challenge-96-2026-08-2412852762,challenge-96,Cheeesy,10,15
2026-08-24,modern-challenge-96-2026-08-2412852762,challenge-96,Jedgi,11,15
2026-08-24,modern-challenge-96-2026-08-2412852762,challenge-96,Alakai,12,15
2026-08-24,modern-challenge-96-2026-08-2412852762,challenge-96,albert62,13,15
2026-08-24,modern-challenge-96-2026-08-2412852762,challenge-96,Dydyk95,14,15
2026-08-24,modern-challenge-96-2026-08-2412852762,challenge-96,Thunus,15,15
2026-08-24,modern-challenge-96-2026-08-2412852762,challenge-96,ShadowTitan1,16,15
2026-08-24,modern-challenge-96-2026-08-2412852762,challenge-96,VizosMTG,17,15
2026-08-24,modern-challenge-96-2026-08-2412852762,challenge-96,PerkyT,18,15
2026-08-24,modern-challenge-96-2026-08-2412852762,challenge-96,DelverOfBolts,19,15
2026-08-24,modern-challenge-96-2026-08-2412852762,challenge-96,Mansa_Musa,20,15
2026-08-24,modern-challenge-96-2026-08-2412852762,challenge-96,ipadkid,21,15
2026-08-24,modern-challenge-96-2026-08-2412852762,challenge-96,Pleyboy,22,15
2026-08-24,modern-challenge-96-2026-08-2412852762,challenge-96,Gerschi,23,12
2026-08-24,modern-challenge-96-2026-08-2412852762,challenge-96,ShikiXYZ,24,12
2026-08-24,modern-challenge-96-2026-08-2412852762,challenge-96,hugofreitas1,25,12
2026-08-24,modern-challenge-96-2026-08-2412852762,challenge-96,DidSomeoneJustSayBod,26,12
2026-08-24,modern-challenge-96-2026-08-2412852762,challenge-96,Tinker_deck,27,12
2026-08-24,modern-challenge-96-2026-08-2412852762,challenge-96,TrueHero,28,12
2026-08-24,modern-challenge-96-2026-08-2412852762,challenge-96,Takayama,29,12
2026-08-24,modern-challenge-96-2026-08-2412852762,challenge-96,Aldreen,30,12
2026-08-24,modern-challenge-96-2026-08-2412852762,challenge-96,DavidDaBridges,31,12
2026-08-24,modern-challenge-96-2026-08-2412852762,challenge-96,fazparte,32,12
2026-08-24,modern-league-2026-08-2410983,league,AHubbard,,
2026-08-24,modern-league-2026-08-2410983,league,AVC_MTG,,
2026-08-24,modern-league-2026-08-2410983,league,Argtigg,,
2026-08-24,modern-league-2026-08-2410983,league,Callenutg1,,
2026-08-24,modern-league-2026-08-2410983,league,Chillbais,,
2026-08-24,modern-league-2026-08-2410983,league,CookieKid00,,
2026-08-24,modern-league-2026-08-2410983,league,Craigthefirst,,
2026-08-24,modern-league-2026-08-2410983,league,DB_Mengu,,
2026-08-24,modern-league-2026-08-2410983,league,Danso,,
2026-08-24,modern-league-2026-08-2410983,league,Draajen,,
2026-08-24,modern-league-2026-08-2410983,league,EnricoSLS91,,
2026-08-24,modern-league-2026-08-2410983,league,ErikDeckmaster,,
2026-08-24,modern-league-2026-08-2410983,league,Falco_Lombardi,,
2026-08-24,modern-league-2026-08-2410983,league,GrowingPaynes,,
2026-08-24,modern-league-2026-08-2410983,league,Haricot-Rouge,,
2026-08-24,modern-league-2026-08-2410983,league,JGtorres,,
2026-08-24,modern-league-2026-08-2410983,league,JestRight,,
2026-08-24,modern-league-2026-08-2410983,league,Jselzo,,
2026-08-24,modern-league-2026-08-2410983,league,KarnaTTN,,
2026-08-24,modern-league-2026-08-2410983,league,KingHairy,,
2026-08-24,modern-league-2026-08-2410983,league,Laplasjan,,
2026-08-24,modern-league-2026-08-2410983,league,Leovoldo,,
2026-08-24,modern-league-2026-08-2410983,league,LotusLore,,
2026-08-24,modern-league-2026-08-2410983,league,MATTOMARINAIO,,
2026-08-24,modern-league-2026-08-2410983,league,Mattatoio,,
2026-08-24,modern-league-2026-08-2410983,league,Mazun0,,
2026-08-24,modern-league-2026-08-2410983,league,Nagato_Boran,,
2026-08-24,modern-league-2026-08-2410983,league,Nangurus,,
2026-08-24,modern-league-2026-08-2410983,league,Paranoid_Android,,
2026-08-24,modern-league-2026-08-2410983,league,Pardub,,
2026-08-24,modern-league-2026-08-2410983,league,Porks,,
2026-08-24,modern-league-2026-08-2410983,league,ReservoirMog,,
2026-08-24,modern-league-2026-08-2410983,league,RitualGlitchZ,,
2026-08-24,modern-league-2026-08-2410983,league,Rockmusiclover45,,
2026-08-24,modern-league-2026-08-2410983,league,SPyromancer,,
2026-08-24,modern-league-2026-08-2410983,league,SantinoMaher,,
2026-08-24,modern-league-2026-08-2410983,league,ServantArcher,,
2026-08-24,modern-league-2026-08-2410983,league,SlighGuy,,
2026-08-24,modern-league-2026-08-2410983,league,SteBena,,
2026-08-24,modern-league-2026-08-2410983,league,TOP_AI,,
2026-08-24,modern-league-2026-08-2410983,league,VentoAureo,,
2026-08-24,modern-league-2026-08-2410983,league,Waghabond,,
2026-08-24,modern-league-2026-08-2410983,league,_Chamytinho_,,
2026-08-24,modern-league-2026-08-2410983,league,anttoms21,,
2026-08-24,modern-league-2026-08-2410983,league,darikun,,
2026-08-24,modern-league-2026-08-2410983,league,iReedMinds,,
2026-08-24,modern-league-2026-08-2410983,league,jacjac132132,,
2026-08-24,modern-league-2026-08-2410983,league,jeffleeph28,,
2026-08-24,modern-league-2026-08-2410983,league,jjcbupt,,
2026-08-24,modern-league-2026-08-2410983,league,kyporioth,,
2026-08-24,modern-league-2026-08-2410983,league,leandru,,
2026-08-24,modern-league-2026-08-2410983,league,lourice,,
2026-08-24,modern-league-2026-08-2410983,league,mtbWolf,,
2026-08-24,modern-league-2026-08-2410983,league,nobrawn,,
2026-08-24,modern-league-2026-08-2410983,league,temur4life,,
2026-08-25,modern-challenge-16-2026-08-2512852770,challenge-16,Lightspirit,1,15
2026-08-25,modern-challenge-16-2026-08-2512852770,challenge-16,toondoslav,2,12
2026-08-25,modern-challenge-16-2026-08-2512852770,challenge-16,TomBombadi1,3,15
2026-08-25,modern-challenge-16-2026-08-2512852770,challenge-16,ejk,4,12
2026-08-25,modern-challenge-16-2026-08-2512852770,challenge-16,ReservoirMog,5,15
2026-08-25,modern-challenge-16-2026-08-2512852770,challenge-16,JPA93,6,15
2026-08-25,modern-challenge-16-2026-08-2512852770,challenge-16,GreyChroma,7,12
2026-08-25,modern-challenge-16-2026-08-2512852770,challenge-16,meanfannypack,8,12
2026-08-25,modern-challenge-16-2026-08-2512852770,challenge-16,crazythursday,9,12
2026-08-25,modern-challenge-16-2026-08-2512852770,challenge-16,Sorathrix,10,12
2026-08-25,modern-challenge-16-2026-08-2512852770,challenge-16,musasabi,11,12
2026-08-25,modern-challenge-16-2026-08-2512852770,challenge-16,Deathmaxx,12,12
2026-08-25,modern-challenge-16-2026-08-2512852770,challenge-16,The_shallow_grave,13,9
2026-08-25,modern-challenge-16-2026-08-2512852770,challenge-16,TrueHero,14,9
2026-08-25,modern-challenge-16-2026-08-2512852770,challenge-16,Laplasjan,15,9
2026-08-25,modern-challenge-16-2026-08-2512852770,challenge-16,klien7,16,9
2026-08-25,modern-challenge-16-2026-08-2512852770,challenge-16,sioutis_kk,17,9
2026-08-25,modern-challenge-16-2026-08-2512852770,challenge-16,FraKoE,18,9
2026-08-25,modern-challenge-16-2026-08-2512852770,challenge-16,Serosocram,19,9
2026-08-25,modern-challenge-16-2026-08-2512852770,challenge-16,Dydyk95,20,9
2026-08-25,modern-challenge-16-2026-08-2512852770,challenge-16,SimoCr,21,6
2026-08-25,modern-challenge-16-2026-08-2512852770,challenge-16,Grogore,22,6
2026-08-25,modern-challenge-16-2026-08-2512852770,challenge-16,Boucha,23,6
2026-08-25,modern-challenge-16-2026-08-2512852770,challenge-16,manoah,24,6
2026-08-25,modern-challenge-16-2026-08-2512852770,challenge-16,bomberboss,25,3
2026-08-25,modern-challenge-16-2026-08-2512852770,challenge-16,vdboule,26,3
2026-08-25,modern-challenge-16-2026-08-2512852770,challenge-16,pius23,27,3
2026-08-25,modern-challenge-16-2026-08-2512852770,challenge-16,Traumatismes,28,3
2026-08-25,modern-challenge-16-2026-08-2512852770,challenge-16,-=Alfa=-,29,3
2026-08-25,modern-challenge-16-2026-08-2512852770,challenge-16,Cptwalnut,30,0
2026-08-25,modern-challenge-16-2026-08-2512852770,challenge-16,NuBlkAu,31,0
2026-08-25,modern-challenge-16-2026-08-2512852770,challenge-16,Eyelash,32,0
2026-08-25,modern-challenge-32-2026-08-2512852769,challenge-32,MeninoNey,1,15
2026-08-25,modern-challenge-32-2026-08-2512852769,challenge-32,AzureMoon,2,18
2026-08-25,modern-challenge-32-2026-08-2512852769,challenge-32,morris,3,18
2026-08-25,modern-challenge-32-2026-08-2512852769,challenge-32,rastaf,4,18
2026-08-25,modern-challenge-32-2026-08-2512852769,challenge-32,EthanBird,5,18
2026-08-25,modern-challenge-32-2026-08-2512852769,challenge-32,connormc02,6,18
2026-08-25,modern-challenge-32-2026-08-2512852769,challenge-32,Bugsy69,7,15
2026-08-25,modern-challenge-32-2026-08-2512852769,challenge-32,Xsper,8,15
2026-08-25,modern-challenge-32-2026-08-2512852769,challenge-32,ScreenwriterNY,9,15
2026-08-25,modern-challenge-32-2026-08-2512852769,challenge-32,Kritik,10,15
2026-08-25,modern-challenge-32-2026-08-2512852769,challenge-32,CursedOcean,11,15
2026-08-25,modern-challenge-32-2026-08-2512852769,challenge-32,Lightspirit,12,15
2026-08-25,modern-challenge-32-2026-08-2512852769,challenge-32,Selfeisek,13,15
2026-08-25,modern-challenge-32-2026-08-2512852769,challenge-32,VampireDiaries,14,15
2026-08-25,modern-challenge-32-2026-08-2512852769,challenge-32,Kuhmero,15,12
2026-08-25,modern-challenge-32-2026-08-2512852769,challenge-32,NJ5030,16,12
2026-08-25,modern-challenge-32-2026-08-2512852769,challenge-32,soggymeatball,17,12
2026-08-25,modern-challenge-32-2026-08-2512852769,challenge-32,HolaChico,18,12
2026-08-25,modern-challenge-32-2026-08-2512852769,challenge-32,amin0e,19,12
2026-08-25,modern-challenge-32-2026-08-2512852769,challenge-32,Chichichi,20,12
2026-08-25,modern-challenge-32-2026-08-2512852769,challenge-32,quinniac,21,12
2026-08-25,modern-challenge-32-2026-08-2512852769,challenge-32,PrismaticPrism,22,12
2026-08-25,modern-challenge-32-2026-08-2512852769,challenge-32,yolad,23,12
2026-08-25,modern-challenge-32-2026-08-2512852769,challenge-32,Venom01,24,12
2026-08-25,modern-challenge-32-2026-08-2512852769,challenge-32,justFeather,25,12
2026-08-25,modern-challenge-32-2026-08-2512852769,challenge-32,Scorpion100,26,12
2026-08-25,modern-challenge-32-2026-08-2512852769,challenge-32,DragonFodder,27,12
2026-08-25,modern-challenge-32-2026-08-2512852769,challenge-32,SteelClad,28,9
2026-08-25,modern-challenge-32-2026-08-2512852769,challenge-32,manohito,29,9
2026-08-25,modern-challenge-32-2026-08-2512852769,challenge-32,musasabi,30,9
2026-08-25,modern-challenge-32-2026-08-2512852769,challenge-32,Traumatismes,31,9
2026-08-25,modern-challenge-32-2026-08-2512852769,challenge-32,duanceyao,32,9
2026-08-25,modern-challenge-64-2026-08-2512852776,challenge-64,Dydyk95,1,18
2026-08-25,modern-challenge-64-2026-08-2512852776,challenge-64,StormQrow,2,15
2026-08-25,modern-challenge-64-2026-08-2512852776,challenge-64,SorryImSoTilted,3,18
2026-08-25,modern-challenge-64-2026-08-2512852776,challenge-64,fazparte,4,15
2026-08-25,modern-challenge-64-2026-08-2512852776,challenge-64,ziofrancone,5,18
2026-08-25,modern-challenge-64-2026-08-2512852776,challenge-64,Anemu,6,18
2026-08-25,modern-challenge-64-2026-08-2512852776,challenge-64,ETBJezus,7,18
2026-08-25,modern-challenge-64-2026-08-2512852776,challenge-64,shindy,8,18
2026-08-25,modern-challenge-64-2026-08-2512852776,challenge-64,Azja,9,15
2026-08-25,modern-challenge-64-2026-08-2512852776,challenge-64,YungDingo,10,15
2026-08-25,modern-challenge-64-2026-08-2512852776,challenge-64,pedronavaja,11,15
2026-08-25,modern-challenge-64-2026-08-2512852776,challenge-64,HuUeBR,12,15
2026-08-25,modern-challenge-64-2026-08-2512852776,challenge-64,bkubit,13,15
2026-08-25,modern-challenge-64-2026-08-2512852776,challenge-64,cntrlfreak_ttv,14,15
2026-08-25,modern-challenge-64-2026-08-2512852776,challenge-64,Craig_Long123,15,15
2026-08-25,modern-challenge-64-2026-08-2512852776,challenge-64,Arianne,16,15
2026-08-25,modern-challenge-64-2026-08-2512852776,challenge-64,Thalai,17,15
2026-08-25,modern-challenge-64-2026-08-2512852776,challenge-64,rastaf,18,15
2026-08-25,modern-challenge-64-2026-08-2512852776,challenge-64,sioutis_kk,19,15
2026-08-25,modern-challenge-64-2026-08-2512852776,challenge-64,Aced5,20,12
2026-08-25,modern-challenge-64-2026-08-2512852776,challenge-64,Anonieme_Max,21,12
2026-08-25,modern-challenge-64-2026-08-2512852776,challenge-64,kentaro_hokori,22,12
2026-08-25,modern-challenge-64-2026-08-2512852776,challenge-64,VizosMTG,23,12
2026-08-25,modern-challenge-64-2026-08-2512852776,challenge-64,yunk3r,24,12
2026-08-25,modern-challenge-64-2026-08-2512852776,challenge-64,Xsper,25,12
2026-08-25,modern-challenge-64-2026-08-2512852776,challenge-64,Marxelo,26,12
2026-08-25,modern-challenge-64-2026-08-2512852776,challenge-64,GLSwadow,27,12
2026-08-25,modern-challenge-64-2026-08-2512852776,challenge-64,Doomenstein,28,12
2026-08-25,modern-challenge-64-2026-08-2512852776,challenge-64,Mclopi,29,12
2026-08-25,modern-challenge-64-2026-08-2512852776,challenge-64,quinniac,30,12
2026-08-25,modern-challenge-64-2026-08-2512852776,challenge-64,claudio0907,31,12
2026-08-25,modern-challenge-64-2026-08-2512852776,challenge-64,nahuel10,32,12
2026-08-25,modern-league-2026-08-2510983,league,Av3dis,,
2026-08-25,modern-league-2026-08-2510983,league,BLJ,,
2026-08-25,modern-league-2026-08-2510983,league,Batominion,,
2026-08-25,modern-league-2026-08-2510983,league,Bicknell9422,,
2026-08-25,modern-league-2026-08-2510983,league,Big_Swiker,,
2026-08-25,modern-league-2026-08-2510983,league,Blindside09,,
2026-08-25,modern-league-2026-08-2510983,league,Bolt_v_Litco,,
2026-08-25,modern-league-2026-08-2510983,league,Braden_Yates,,
2026-08-25,modern-league-2026-08-2510983,league,CrisMTG77,,
2026-08-25,modern-league-2026-08-2510983,league,DB_Tandy,,
2026-08-25,modern-league-2026-08-2510983,league,Diub,,
2026-08-25,modern-league-2026-08-2510983,league,Duddz_z,,
2026-08-25,modern-league-2026-08-2510983,league,E90_DeliveryBoy,,
2026-08-25,modern-league-2026-08-2510983,league,Eliamazzu,,
2026-08-25,modern-league-2026-08-2510983,league,Fencerkid,,
2026-08-25,modern-league-2026-08-2510983,league,Goscar,,
2026-08-25,modern-league-2026-08-2510983,league,GreyMerchant,,
2026-08-25,modern-league-2026-08-2510983,league,HDG_BorisE,,
2026-08-25,modern-league-2026-08-2510983,league,IMonsterAA,,
2026-08-25,modern-league-2026-08-2510983,league,KajuRoers,,
2026-08-25,modern-league-2026-08-2510983,league,KapoUzumaki11,,
2026-08-25,modern-league-2026-08-2510983,league,LordSirWilliam,,
2026-08-25,modern-league-2026-08-2510983,league,LotusLore,,
2026-08-25,modern-league-2026-08-2510983,league,Luo_Mew,,
2026-08-25,modern-league-2026-08-2510983,league,Nangurus,,
2026-08-25,modern-league-2026-08-2510983,league,NicolasP,,
2026-08-25,modern-league-2026-08-2510983,league,Odin2015,,
2026-08-25,modern-league-2026-08-2510983,league,OrnatePuzzles,,
2026-08-25,modern-league-2026-08-2510983,league,Paranzio2104,,
2026-08-25,modern-league-2026-08-2510983,league,RRozanski,,
2026-08-25,modern-league-2026-08-2510983,league,Rashek,,
2026-08-25,modern-league-2026-08-2510983,league,Rvng,,
2026-08-25,modern-league-2026-08-2510983,league,Saporon,,
2026-08-25,modern-league-2026-08-2510983,league,Spezzagatti23,,
2026-08-25,modern-league-2026-08-2510983,league,SpiderSpace,,
2026-08-25,modern-league-2026-08-2510983,league,Surg3i,,
2026-08-25,modern-league-2026-08-2510983,league,Takayama,,
2026-08-25,modern-league-2026-08-2510983,league,TheLengend90,,
2026-08-25,modern-league-2026-08-2510983,league,Vonducky,,
2026-08-25,modern-league-2026-08-2510983,league,XantosCell,,
2026-08-25,modern-league-2026-08-2510983,league,_Falcon_,,
2026-08-25,modern-league-2026-08-2510983,league,acz,,
2026-08-25,modern-league-2026-08-2510983,league,akroma-2525,,
2026-08-25,modern-league-2026-08-2510983,league,bbqhauce,,
2026-08-25,modern-league-2026-08-2510983,league,chase00111,,
2026-08-25,modern-league-2026-08-2510983,league,darikun,,
2026-08-25,modern-league-2026-08-2510983,league,goron27,,
2026-08-25,modern-league-2026-08-2510983,league,ktoftw,,
2026-08-25,modern-league-2026-08-2510983,league,marios3388,,
2026-08-25,modern-league-2026-08-2510983,league,mogis67,,
2026-08-25,modern-league-2026-08-2510983,league,stefansson30952,,
2026-08-26,modern-challenge-32-2026-08-2612853160,challenge-32,jussupinator,1,18
2026-08-26,modern-challenge-32-2026-08-2612853160,challenge-32,cgouldner,2,21
2026-08-26,modern-challenge-32-2026-08-2612853160,challenge-32,RNicoF,3,18
2026-08-26,modern-challenge-32-2026-08-2612853160,challenge-32,VampireDiaries,4,18
2026-08-26,modern-challenge-32-2026-08-2612853160,challenge-32,frekinsmart,5,15
2026-08-26,modern-challenge-32-2026-08-2612853160,challenge-32,GMFischer,6,15
2026-08-26,modern-challenge-32-2026-08-2612853160,challenge-32,manohito,7,15
2026-08-26,modern-challenge-32-2026-08-2612853160,challenge-32,MercurialChemister,8,15
2026-08-26,modern-challenge-32-2026-08-2612853160,challenge-32,rastaf,9,15
2026-08-26,modern-challenge-32-2026-08-2612853160,challenge-32,SuperCow12653,10,15
2026-08-26,modern-challenge-32-2026-08-2612853160,challenge-32,Goscar,11,15
2026-08-26,modern-challenge-32-2026-08-2612853160,challenge-32,tonyjones22,12,15
2026-08-26,modern-challenge-32-2026-08-2612853160,challenge-32,RandomGameActions,13,15
2026-08-26,modern-challenge-32-2026-08-2612853160,challenge-32,selesneal,14,15
2026-08-26,modern-challenge-32-2026-08-2612853160,challenge-32,Kritik,15,15
2026-08-26,modern-challenge-32-2026-08-2612853160,challenge-32,narca,16,15
2026-08-26,modern-challenge-32-2026-08-2612853160,challenge-32,TooManySnacks,17,15
2026-08-26,modern-challenge-32-2026-08-2612853160,challenge-32,TheTaxCollector,18,15
2026-08-26,modern-challenge-32-2026-08-2612853160,challenge-32,Xsper,19,12
2026-08-26,modern-challenge-32-2026-08-2612853160,challenge-32,Hazzrd,20,12
2026-08-26,modern-challenge-32-2026-08-2612853160,challenge-32,TuckerMTG,21,12
2026-08-26,modern-challenge-32-2026-08-2612853160,challenge-32,Scooby_Snacks,22,12
2026-08-26,modern-challenge-32-2026-08-2612853160,challenge-32,ipadkid,23,12
2026-08-26,modern-challenge-32-2026-08-2612853160,challenge-32,NathanOfTheGiltLeaf,24,12
2026-08-26,modern-challenge-32-2026-08-2612853160,challenge-32,Sam_Lewin,25,12
2026-08-26,modern-challenge-32-2026-08-2612853160,challenge-32,MyrRetriever,26,12
2026-08-26,modern-challenge-32-2026-08-2612853160,challenge-32,TheColorOfBoom,27,12
2026-08-26,modern-challenge-32-2026-08-2612853160,challenge-32,DragonFodder,28,12
2026-08-26,modern-challenge-32-2026-08-2612853160,challenge-32,ShinySyduck,29,9
2026-08-26,modern-challenge-32-2026-08-2612853160,challenge-32,nahuel10,30,9
2026-08-26,modern-challenge-32-2026-08-2612853160,challenge-32,-Grissom-,31,9
2026-08-26,modern-challenge-32-2026-08-2612853160,challenge-32,LucasG1ggs,32,9
2026-08-26,modern-challenge-96-2026-08-2612852781,challenge-96,KajuRoers,1,18
2026-08-26,modern-challenge-96-2026-08-2612852781,challenge-96,MayoDominaria,2,18
2026-08-26,modern-challenge-96-2026-08-2612852781,challenge-96,JPA93,3,21
2026-08-26,modern-challenge-96-2026-08-2612852781,challenge-96,Kritik,4,18
2026-08-26,modern-challenge-96-2026-08-2612852781,challenge-96,Walker735,5,18
2026-08-26,modern-challenge-96-2026-08-2612852781,challenge-96,oinkmage22,6,18
2026-08-26,modern-challenge-96-2026-08-2612852781,challenge-96,levunga21,7,18
2026-08-26,modern-challenge-96-2026-08-2612852781,challenge-96,LBBL,8,15
2026-08-26,modern-challenge-96-2026-08-2612852781,challenge-96,Takayama,9,15
2026-08-26,modern-challenge-96-2026-08-2612852781,challenge-96,Lightspirit,10,15
2026-08-26,modern-challenge-96-2026-08-2612852781,challenge-96,Alico,11,15
2026-08-26,modern-challenge-96-2026-08-2612852781,challenge-96,BoreiMTG,12,15
2026-08-26,modern-challenge-96-2026-08-2612852781,challenge-96,starfall,13,15
2026-08-26,modern-challenge-96-2026-08-2612852781,challenge-96,ElbowSoap,14,15
2026-08-26,modern-challenge-96-2026-08-2612852781,challenge-96,rastaf,15,15
2026-08-26,modern-challenge-96-2026-08-2612852781,challenge-96,musasabi,16,15
2026-08-26,modern-challenge-96-2026-08-2612852781,challenge-96,elvish-misclick,17,15
2026-08-26,modern-challenge-96-2026-08-2612852781,challenge-96,slaxx,18,15
2026-08-26,modern-challenge-96-2026-08-2612852781,challenge-96,ejk,19,15
2026-08-26,modern-challenge-96-2026-08-2612852781,challenge-96,nahuel10,20,15
2026-08-26,modern-challenge-96-2026-08-2612852781,challenge-96,_Chamytinho_,21,15
2026-08-26,modern-challenge-96-2026-08-2612852781,challenge-96,SuperCow12653,22,15
2026-08-26,modern-challenge-96-2026-08-2612852781,challenge-96,Anonieme_Max,23,15
2026-08-26,modern-challenge-96-2026-08-2612852781,challenge-96,Alakai,24,12
2026-08-26,modern-challenge-96-2026-08-2612852781,challenge-96,peter780108,25,12
2026-08-26,modern-challenge-96-2026-08-2612852781,challenge-96,Evariel,26,12
2026-08-26,modern-challenge-96-2026-08-2612852781,challenge-96,Mclopi,27,12
2026-08-26,modern-challenge-96-2026-08-2612852781,challenge-96,shindy,28,12
2026-08-26,modern-challenge-96-2026-08-2612852781,challenge-96,Ghost11157,29,12
2026-08-26,modern-challenge-96-2026-08-2612852781,challenge-96,ElPuerco,30,12
2026-08-26,modern-challenge-96-2026-08-2612852781,challenge-96,kthanakit26,31,12
2026-08-26,modern-challenge-96-2026-08-2612852781,challenge-96,bozo2112,32,12
2026-08-26,modern-league-2026-08-2610983,league,-=Alfa=-,,
2026-08-26,modern-league-2026-08-2610983,league,1ride,,
2026-08-26,modern-league-2026-08-2610983,league,2360299909,,
2026-08-26,modern-league-2026-08-2610983,league,AbelMolto,,
2026-08-26,modern-league-2026-08-2610983,league,BLJ,,
2026-08-26,modern-league-2026-08-2610983,league,Bagoot,,
2026-08-26,modern-league-2026-08-2610983,league,Baku_91,,
2026-08-26,modern-league-2026-08-2610983,league,BubyoftheBros,,
2026-08-26,modern-league-2026-08-2610983,league,D333man,,
2026-08-26,modern-league-2026-08-2610983,league,DB_MurkPie,,
2026-08-26,modern-league-2026-08-2610983,league,DB_NathanSteuer,,
2026-08-26,modern-league-2026-08-2610983,league,DavidDaBridges,,
2026-08-26,modern-league-2026-08-2610983,league,ETBJezus,,
2026-08-26,modern-league-2026-08-2610983,league,GieralK,,
2026-08-26,modern-league-2026-08-2610983,league,Haunter56,,
2026-08-26,modern-league-2026-08-2610983,league,Kefwyn,,
2026-08-26,modern-league-2026-08-2610983,league,KevinCon,,
2026-08-26,modern-league-2026-08-2610983,league,Lumek,,
2026-08-26,modern-league-2026-08-2610983,league,MacSchnuddel,,
2026-08-26,modern-league-2026-08-2610983,league,Mazzakre,,
2026-08-26,modern-league-2026-08-2610983,league,MyrRetriever,,
2026-08-26,modern-league-2026-08-2610983,league,NAMELESSYU,,
2026-08-26,modern-league-2026-08-2610983,league,NickBolas90,,
2026-08-26,modern-league-2026-08-2610983,league,NicolasGEM,,
2026-08-26,modern-league-2026-08-2610983,league,NuBlkAu,,
2026-08-26,modern-league-2026-08-2610983,league,Odin2015,,
2026-08-26,modern-league-2026-08-2610983,league,PhoeniXVille_0315,,
2026-08-26,modern-league-2026-08-2610983,league,Pnutz47,,
2026-08-26,modern-league-2026-08-2610983,league,Qua4tre,,
2026-08-26,modern-league-2026-08-2610983,league,SaveTheDrake,,
2026-08-26,modern-league-2026-08-2610983,league,StormQrow,,
2026-08-26,modern-league-2026-08-2610983,league,TheRealTripleB,,
2026-08-26,modern-league-2026-08-2610983,league,TomCairns,,
2026-08-26,modern-league-2026-08-2610983,league,Way2Tilted,,
2026-08-26,modern-league-2026-08-2610983,league,Williambax,,
2026-08-26,modern-league-2026-08-2610983,league,YungDingo,,
2026-08-26,modern-league-2026-08-2610983,league,Zeect,,
2026-08-26,modern-league-2026-08-2610983,league,aarrgh,,
2026-08-26,modern-league-2026-08-2610983,league,azax,,
2026-08-26,modern-league-2026-08-2610983,league,azax,,
2026-08-26,modern-league-2026-08-2610983,league,comicbookday,,
2026-08-26,modern-league-2026-08-2610983,league,comicbookday,,
2026-08-26,modern-league-2026-08-2610983,league,daibloXSC,,
2026-08-26,modern-league-2026-08-2610983,league,dramaticRoyalty,,
2026-08-26,modern-league-2026-08-2610983,league,flamedragons2,,
2026-08-26,modern-league-2026-08-2610983,league,jbspec3,,
2026-08-26,modern-league-2026-08-2610983,league,kaytodaz77,,
2026-08-26,modern-league-2026-08-2610983,league,leandru,,
2026-08-26,modern-league-2026-08-2610983,league,matthewgig,,
2026-08-26,modern-league-2026-08-2610983,league,nj741,,
2026-08-26,modern-league-2026-08-2610983,league,peterhmasters,,
2026-08-26,modern-league-2026-08-2610983,league,shigure1020,,
2026-08-26,modern-league-2026-08-2610983,league,sioutis_kk,,
2026-08-26,modern-league-2026-08-2610983,league,swff,,
2026-08-26,modern-league-2026-08-2610983,league,yulinl,,
2026-08-27,modern-challenge-64-2026-08-2712853171,challenge-64,lunaloveee,1,18
2026-08-27,modern-challenge-64-2026-08-2712853171,challenge-64,ls149950,2,21
2026-08-27,modern-challenge-64-2026-08-2712853171,challenge-64,KingOfGames1522,3,18
2026-08-27,modern-challenge-64-2026-08-2712853171,challenge-64,PrismaticPrism,4,18
2026-08-27,modern-challenge-64-2026-08-2712853171,challenge-64,rastaf,5,18
2026-08-27,modern-challenge-64-2026-08-2712853171,challenge-64,Jumba,6,18
2026-08-27,modern-challenge-64-2026-08-2712853171,challenge-64,_Batutinha_,7,15
2026-08-27,modern-challenge-64-2026-08-2712853171,challenge-64,Watchwolf92,8,15
2026-08-27,modern-challenge-64-2026-08-2712853171,challenge-64,Thunus,9,15
2026-08-27,modern-challenge-64-2026-08-2712853171,challenge-64,TrueHero,10,15
2026-08-27,modern-challenge-64-2026-08-2712853171,challenge-64,Lightspirit,11,15
2026-08-27,modern-challenge-64-2026-08-2712853171,challenge-64,yriel,12,15
2026-08-27,modern-challenge-64-2026-08-2712853171,challenge-64,Sarlanga,13,15
2026-08-27,modern-challenge-64-2026-08-2712853171,challenge-64,Gerschi,14,15
2026-08-27,modern-challenge-64-2026-08-2712853171,challenge-64,ipadkid,15,15
2026-08-27,modern-challenge-64-2026-08-2712853171,challenge-64,SilverSeraph123,16,15
2026-08-27,modern-challenge-64-2026-08-2712853171,challenge-64,Pompuskaya,17,15
2026-08-27,modern-challenge-64-2026-08-2712853171,challenge-64,GMFischer,18,15
2026-08-27,modern-challenge-64-2026-08-2712853171,challenge-64,peter780108,19,15
2026-08-27,modern-challenge-64-2026-08-2712853171,challenge-64,Kael95,20,15
2026-08-27,modern-challenge-64-2026-08-2712853171,challenge-64,Rashek,21,15
2026-08-27,modern-challenge-64-2026-08-2712853171,challenge-64,Pleyboy,22,12
2026-08-27,modern-challenge-64-2026-08-2712853171,challenge-64,PorkMcPie,23,12
2026-08-27,modern-challenge-64-2026-08-2712853171,challenge-64,dawido,24,12
2026-08-27,modern-challenge-64-2026-08-2712853171,challenge-64,Uagli1,25,12
2026-08-27,modern-challenge-64-2026-08-2712853171,challenge-64,Persona_Non_Grata,26,12
2026-08-27,modern-challenge-64-2026-08-2712853171,challenge-64,Dabol-R,27,12
2026-08-27,modern-challenge-64-2026-08-2712853171,challenge-64,xfile,28,12
2026-08-27,modern-challenge-64-2026-08-2712853171,challenge-64,NickBolas90,29,12
2026-08-27,modern-challenge-64-2026-08-2712853171,challenge-64,Brunes,30,12
2026-08-27,modern-challenge-64-2026-08-2712853171,challenge-64,ResponsiblyStupid,31,12
2026-08-27,modern-challenge-64-2026-08-2712853171,challenge-64,Capitano_CL,32,12
2026-08-27,modern-league-2026-08-2710983,league,AgentLion09,,
2026-08-27,modern-league-2026-08-2710983,league,AndySCWilson,,
2026-08-27,modern-league-2026-08-2710983,league,AndySCWilson,,
2026-08-27,modern-league-2026-08-2710983,league,Arcbound_Papi,,
2026-08-27,modern-league-2026-08-2710983,league,Bails76,,
2026-08-27,modern-league-2026-08-2710983,league,Baku_91,,
2026-08-27,modern-league-2026-08-2710983,league,Comrade1312,,
2026-08-27,modern-league-2026-08-2710983,league,Controlagrooo,,
2026-08-27,modern-league-2026-08-2710983,league,DarkOracle,,
2026-08-27,modern-league-2026-08-2710983,league,Datkros,,
2026-08-27,modern-league-2026-08-2710983,league,DigaBoi,,
2026-08-27,modern-league-2026-08-2710983,league,DineofDoom,,
2026-08-27,modern-league-2026-08-2710983,league,GieralK,,
2026-08-27,modern-league-2026-08-2710983,league,Gobern,,
2026-08-27,modern-league-2026-08-2710983,league,GrowingPaynes,,
2026-08-27,modern-league-2026-08-2710983,league,IslandGoSAMe,,
2026-08-27,modern-league-2026-08-2710983,league,JakeShoes,,
2026-08-27,modern-league-2026-08-2710983,league,Jimroy,,
2026-08-27,modern-league-2026-08-2710983,league,Jselzo,,
2026-08-27,modern-league-2026-08-2710983,league,Kaijimmy,,
2026-08-27,modern-league-2026-08-2710983,league,KevinCon,,
2026-08-27,modern-league-2026-08-2710983,league,LukeTurner88,,
2026-08-27,modern-league-2026-08-2710983,league,Mapletreefrog,,
2026-08-27,modern-league-2026-08-2710983,league,MattTumavitch13,,
2026-08-27,modern-league-2026-08-2710983,league,Mistakenn,,
2026-08-27,modern-league-2026-08-2710983,league,Nagato_Boran,,
2026-08-27,modern-league-2026-08-2710983,league,NicolasP,,
2026-08-27,modern-league-2026-08-2710983,league,OafMcNamara,,
2026-08-27,modern-league-2026-08-2710983,league,Odin2015,,
2026-08-27,modern-league-2026-08-2710983,league,Odin2015,,
2026-08-27,modern-league-2026-08-2710983,league,Otifex,,
2026-08-27,modern-league-2026-08-2710983,league,RALC,,
2026-08-27,modern-league-2026-08-2710983,league,ROUTER_SMITER,,
2026-08-27,modern-league-2026-08-2710983,league,Rexplosion,,
2026-08-27,modern-league-2026-08-2710983,league,Sol0monGrundy,,
2026-08-27,modern-league-2026-08-2710983,league,VentoAureo,,
2026-08-27,modern-league-2026-08-2710983,league,Williambax,,
2026-08-27,modern-league-2026-08-2710983,league,Yingg,,
2026-08-27,modern-league-2026-08-2710983,league,Zeect,,
2026-08-27,modern-league-2026-08-2710983,league,alicoco,,
2026-08-27,modern-league-2026-08-2710983,league,arturcosta,,
2026-08-27,modern-league-2026-08-2710983,league,chachibuoh,,
2026-08-27,modern-league-2026-08-2710983,league,chickenwaffles26,,
2026-08-27,modern-league-2026-08-2710983,league,chinotron23,,
2026-08-27,modern-league-2026-08-2710983,league,comicbookday,,
2026-08-27,modern-league-2026-08-2710983,league,connerfish,,
2026-08-27,modern-league-2026-08-2710983,league,gardyourself,,
2026-08-27,modern-league-2026-08-2710983,league,greenboy011,,
2026-08-27,modern-league-2026-08-2710983,league,grenzos,,
2026-08-27,modern-league-2026-08-2710983,league,jakobpablo,,
2026-08-27,modern-league-2026-08-2710983,league,kenjinsakura,,
2026-08-27,modern-league-2026-08-2710983,league,lyz050915,,
2026-08-27,modern-league-2026-08-2710983,league,rastaf,,
2026-08-27,modern-league-2026-08-2710983,league,sgcyrus,,
2026-08-27,modern-league-2026-08-2710983,league,taiyooooooooooo,,
2026-08-27,modern-league-2026-08-2710983,league,temur4life,,
2026-08-27,modern-league-2026-08-2710983,league,yang2399,,
2026-08-27,modern-league-2026-08-2710983,league,yulinl,,
2026-08-27,modern-league-2026-08-2710983,league,yulinl,,
2026-08-28,modern-challenge-64-2026-08-2812853181,challenge-64,MdvWin,1,18
2026-08-28,modern-challenge-64-2026-08-2812853181,challenge-64,BressD1,2,21
2026-08-28,modern-challenge-64-2026-08-2812853181,challenge-64,firstshot,3,18
2026-08-28,modern-challenge-64-2026-08-2812853181,challenge-64,walshi4life,4,18
2026-08-28,modern-challenge-64-2026-08-2812853181,challenge-64,ShadowTitan1,5,18
2026-08-28,modern-challenge-64-2026-08-2812853181,challenge-64,mtwhet,6,18
2026-08-28,modern-challenge-64-2026-08-2812853181,challenge-64,elBB,7,18
2026-08-28,modern-challenge-64-2026-08-2812853181,challenge-64,Slyker,8,15
2026-08-28,modern-challenge-64-2026-08-2812853181,challenge-64,shindy,9,15
2026-08-28,modern-challenge-64-2026-08-2812853181,challenge-64,GMFischer,10,15
2026-08-28,modern-challenge-64-2026-08-2812853181,challenge-64,DemianDesposito10,11,15
2026-08-28,modern-challenge-64-2026-08-2812853181,challenge-64,unagieel,12,15
2026-08-28,modern-challenge-64-2026-08-2812853181,challenge-64,PedraStone,13,15
2026-08-28,modern-challenge-64-2026-08-2812853181,challenge-64,kennydarko,14,15
2026-08-28,modern-challenge-64-2026-08-2812853181,challenge-64,hugofreitas1,15,15
2026-08-28,modern-challenge-64-2026-08-2812853181,challenge-64,Marmotte_Lambda,16,15
2026-08-28,modern-challenge-64-2026-08-2812853181,challenge-64,BoreiMTG,17,15
2026-08-28,modern-challenge-64-2026-08-2812853181,challenge-64,Savior0117,18,15
2026-08-28,modern-challenge-64-2026-08-2812853181,challenge-64,Blitzlion27,19,15
2026-08-28,modern-challenge-64-2026-08-2812853181,challenge-64,Ignotus97,20,15
2026-08-28,modern-challenge-64-2026-08-2812853181,challenge-64,Gobern,21,15
2026-08-28,modern-challenge-64-2026-08-2812853181,challenge-64,narca,22,15
2026-08-28,modern-challenge-64-2026-08-2812853181,challenge-64,Pafru,23,15
2026-08-28,modern-challenge-64-2026-08-2812853181,challenge-64,Watchwolf92,24,12
2026-08-28,modern-challenge-64-2026-08-2812853181,challenge-64,scipios,25,12
2026-08-28,modern-challenge-64-2026-08-2812853181,challenge-64,SuperCow12653,26,12
2026-08-28,modern-challenge-64-2026-08-2812853181,challenge-64,renatoaraujo,27,12
2026-08-28,modern-challenge-64-2026-08-2812853181,challenge-64,Thunus,28,12
2026-08-28,modern-challenge-64-2026-08-2812853181,challenge-64,RCMerriam,29,12
2026-08-28,modern-challenge-64-2026-08-2812853181,challenge-64,patheus_84,30,12
2026-08-28,modern-challenge-64-2026-08-2812853181,challenge-64,unworldlyorigin,31,12
2026-08-28,modern-challenge-64-2026-08-2812853181,challenge-64,DeepDisherino,32,12
2026-08-28,modern-league-2026-08-2810983,league,Cake363,,
2026-08-28,modern-league-2026-08-2810983,league,DB_DackFayden7,,
2026-08-28,modern-league-2026-08-2810983,league,DB_YungDingo,,
2026-08-28,modern-league-2026-08-2810983,league,Danso,,
2026-08-28,modern-league-2026-08-2810983,league,DerpityDerpz,,
2026-08-28,modern-league-2026-08-2810983,league,Hezzu,,
2026-08-28,modern-league-2026-08-2810983,league,HumblestRodent,,
2026-08-28,modern-league-2026-08-2810983,league,IntrepidZero,,
2026-08-28,modern-league-2026-08-2810983,league,Mikebrav,,
2026-08-28,modern-league-2026-08-2810983,league,Nagato_Boran,,
2026-08-28,modern-league-2026-08-2810983,league,R3tr0sp3ct,,
2026-08-28,modern-league-2026-08-2810983,league,Rayyyyyyy,,
2026-08-28,modern-league-2026-08-2810983,league,Silentstorm420,,
2026-08-28,modern-league-2026-08-2810983,league,SlavSlays,,
2026-08-28,modern-league-2026-08-2810983,league,VictorEsquici,,
2026-08-28,modern-league-2026-08-2810983,league,azax,,
2026-08-28,modern-league-2026-08-2810983,league,franrico,,
2026-08-28,modern-league-2026-08-2810983,league,kokubo,,
2026-08-28,modern-league-2026-08-2810983,league,masongrode,,
2026-08-28,modern-league-2026-08-2810983,league,medical,,
2026-08-28,modern-league-2026-08-2810983,league,nick4567,,
2026-08-28,modern-league-2026-08-2810983,league,niuwaid001,,
2026-08-28,modern-league-2026-08-2810983,league,renatoaraujo,,
2026-08-28,modern-league-2026-08-2810983,league,sebmoncle,,
2026-08-28,modern-league-2026-08-2810983,league,unagieel,,
2026-08-29,modern-challenge-16-2026-08-2912853187,challenge-16,Silk_lobelia,1,15
2026-08-29,modern-challenge-16-2026-08-2912853187,challenge-16,AoKashikosa,2,12
2026-08-29,modern-challenge-16-2026-08-2912853187,challenge-16,VizosMTG,3,15
2026-08-29,modern-challenge-16-2026-08-2912853187,challenge-16,Marmotte_Lambda,4,12
2026-08-29,modern-challenge-16-2026-08-2912853187,challenge-16,stefansson30952,5,18
2026-08-29,modern-challenge-16-2026-08-2912853187,challenge-16,oskiyaa,6,15
2026-08-29,modern-challenge-16-2026-08-2912853187,challenge-16,felider,7,12
2026-08-29,modern-challenge-16-2026-08-2912853187,challenge-16,medvedev,8,12
2026-08-29,modern-challenge-16-2026-08-2912853187,challenge-16,_Falcon_,9,12
2026-08-29,modern-challenge-16-2026-08-2912853187,challenge-16,imthekiing,10,12
2026-08-29,modern-challenge-16-2026-08-2912853187,challenge-16,yriel,11,12
2026-08-29,modern-challenge-16-2026-08-2912853187,challenge-16,nahuel10,12,9
2026-08-29,modern-challenge-16-2026-08-2912853187,challenge-16,-Nausea-,13,9
2026-08-29,modern-challenge-16-2026-08-2912853187,challenge-16,Dreddybajs,14,9
2026-08-29,modern-challenge-16-2026-08-2912853187,challenge-16,DYXJ65,15,9
2026-08-29,modern-challenge-16-2026-08-2912853187,challenge-16,Marvelman123,16,9
2026-08-29,modern-challenge-16-2026-08-2912853187,challenge-16,SanPop,17,9
2026-08-29,modern-challenge-16-2026-08-2912853187,challenge-16,narcatrashcan,18,9
2026-08-29,modern-challenge-16-2026-08-2912853187,challenge-16,Bayesta_93,19,9
2026-08-29,modern-challenge-16-2026-08-2912853187,challenge-16,JPA93,20,9
2026-08-29,modern-challenge-16-2026-08-2912853187,challenge-16,Mura505,21,6
2026-08-29,modern-challenge-16-2026-08-2912853187,challenge-16,JV_7777,22,6
2026-08-29,modern-challenge-16-2026-08-2912853187,challenge-16,morris,23,6
2026-08-29,modern-challenge-16-2026-08-2912853187,challenge-16,Napoleon_I,24,6
2026-08-29,modern-challenge-16-2026-08-2912853187,challenge-16,albertosd87,25,3
2026-08-29,modern-challenge-16-2026-08-2912853187,challenge-16,Lostwanderer,26,3
2026-08-29,modern-challenge-16-2026-08-2912853187,challenge-16,narca,27,3
2026-08-29,modern-challenge-16-2026-08-2912853187,challenge-16,416FrowningTable,28,3
2026-08-29,modern-challenge-16-2026-08-2912853187,challenge-16,kasiso,29,3
2026-08-29,modern-challenge-16-2026-08-2912853187,challenge-16,Manascrew161,30,3
2026-08-29,modern-challenge-16-2026-08-2912853187,challenge-16,W_DN,31,3
2026-08-29,modern-challenge-16-2026-08-2912853187,challenge-16,Gxs3v3n,32,0
2026-08-29,modern-challenge-64-2026-08-2912853186,challenge-64,jussupinator,1,18
2026-08-29,modern-challenge-64-2026-08-2912853186,challenge-64,hugofreitas1,2,18
2026-08-29,modern-challenge-64-2026-08-2912853186,challenge-64,HelpfulHobo,3,15
2026-08-29,modern-challenge-64-2026-08-2912853186,challenge-64,Selfeisek,4,15
2026-08-29,modern-challenge-64-2026-08-2912853186,challenge-64,Venom01,5,18
2026-08-29,modern-challenge-64-2026-08-2912853186,challenge-64,JustAnotherGuy83,6,18
2026-08-29,modern-challenge-64-2026-08-2912853186,challenge-64,yriel,7,18
2026-08-29,modern-challenge-64-2026-08-2912853186,challenge-64,MeninoNey,8,15
2026-08-29,modern-challenge-64-2026-08-2912853186,challenge-64,Bagoot,9,15
2026-08-29,modern-challenge-64-2026-08-2912853186,challenge-64,Tetsubou,10,15
2026-08-29,modern-challenge-64-2026-08-2912853186,challenge-64,E_Kaminuma,11,15
2026-08-29,modern-challenge-64-2026-08-2912853186,challenge-64,MyrRetriever,12,15
2026-08-29,modern-challenge-64-2026-08-2912853186,challenge-64,zturchan,13,15
2026-08-29,modern-challenge-64-2026-08-2912853186,challenge-64,nahuel10,14,15
2026-08-29,modern-challenge-64-2026-08-2912853186,challenge-64,kasiso,15,15
2026-08-29,modern-challenge-64-2026-08-2912853186,challenge-64,Arcbound_Papi,16,15
2026-08-29,modern-challenge-64-2026-08-2912853186,challenge-64,Brazeredo,17,12
2026-08-29,modern-challenge-64-2026-08-2912853186,challenge-64,Asa_Akira,18,12
2026-08-29,modern-challenge-64-2026-08-2912853186,challenge-64,JhonnySeJugar,19,12
2026-08-29,modern-challenge-64-2026-08-2912853186,challenge-64,qmcgarry45,20,12
2026-08-29,modern-challenge-64-2026-08-2912853186,challenge-64,DenimHero19,21,12
2026-08-29,modern-challenge-64-2026-08-2912853186,challenge-64,Prim3Time,22,12
2026-08-29,modern-challenge-64-2026-08-2912853186,challenge-64,Sorathrix,23,12
2026-08-29,modern-challenge-64-2026-08-2912853186,challenge-64,Fransadness,24,12
2026-08-29,modern-challenge-64-2026-08-2912853186,challenge-64,Tree42o,25,12
2026-08-29,modern-challenge-64-2026-08-2912853186,challenge-64,GreyChroma,26,12
2026-08-29,modern-challenge-64-2026-08-2912853186,challenge-64,TooManySnacks,27,12
2026-08-29,modern-challenge-64-2026-08-2912853186,challenge-64,LucasG1ggs,28,12
2026-08-29,modern-challenge-64-2026-08-2912853186,challenge-64,PeasOfCrab,29,12
2026-08-29,modern-challenge-64-2026-08-2912853186,challenge-64,Xsper,30,12
2026-08-29,modern-challenge-64-2026-08-2912853186,challenge-64,Capitano_CL,31,12
2026-08-29,modern-challenge-64-2026-08-2912853186,challenge-64,Ztenod,32,9
2026-08-29,modern-challenge-64-2026-08-2912853192,challenge-64,elvin7,1,21
2026-08-29,modern-challenge-64-2026-08-2912853192,challenge-64,oosunq,2,15
2026-08-29,modern-challenge-64-2026-08-2912853192,challenge-64,therock988,3,18
2026-08-29,modern-challenge-64-2026-08-2912853192,challenge-64,AzNsOuL,4,15
2026-08-29,modern-challenge-64-2026-08-2912853192,challenge-64,Pleyboy,5,18
2026-08-29,modern-challenge-64-2026-08-2912853192,challenge-64,IrIWANG,6,18
2026-08-29,modern-challenge-64-2026-08-2912853192,challenge-64,bunnyfat,7,15
2026-08-29,modern-challenge-64-2026-08-2912853192,challenge-64,Darthkid,8,15
2026-08-29,modern-challenge-64-2026-08-2912853192,challenge-64,_Batutinha_,9,15
2026-08-29,modern-challenge-64-2026-08-2912853192,challenge-64,lourice,10,15
2026-08-29,modern-challenge-64-2026-08-2912853192,challenge-64,Arkany1,11,15
2026-08-29,modern-challenge-64-2026-08-2912853192,challenge-64,joaobelo92,12,15
2026-08-29,modern-challenge-64-2026-08-2912853192,challenge-64,Arcbound_Papi,13,15
2026-08-29,modern-challenge-64-2026-08-2912853192,challenge-64,jjcbupt,14,15
2026-08-29,modern-challenge-64-2026-08-2912853192,challenge-64,SpockVidaLoka,15,15
2026-08-29,modern-challenge-64-2026-08-2912853192,challenge-64,bathutubgod,16,15
2026-08-29,modern-challenge-64-2026-08-2912853192,challenge-64,Craigpuncher,17,12
2026-08-29,modern-challenge-64-2026-08-2912853192,challenge-64,Pafru,18,12
2026-08-29,modern-challenge-64-2026-08-2912853192,challenge-64,Devoured,19,12
2026-08-29,modern-challenge-64-2026-08-2912853192,challenge-64,Blinkmoth-Nexus,20,12
2026-08-29,modern-challenge-64-2026-08-2912853192,challenge-64,yriel,21,12
2026-08-29,modern-challenge-64-2026-08-2912853192,challenge-64,patheus_84,22,12
2026-08-29,modern-challenge-64-2026-08-2912853192,challenge-64,Hammond24,23,12
2026-08-29,modern-challenge-64-2026-08-2912853192,challenge-64,hellisreal,24,12
2026-08-29,modern-challenge-64-2026-08-2912853192,challenge-64,Smigui,25,12
2026-08-29,modern-challenge-64-2026-08-2912853192,challenge-64,Zoza,26,12
2026-08-29,modern-challenge-64-2026-08-2912853192,challenge-64,MeninoNey,27,12
2026-08-29,modern-challenge-64-2026-08-2912853192,challenge-64,EnisSanchez,28,12
2026-08-29,modern-challenge-64-2026-08-2912853192,challenge-64,SuperCow12653,29,12
2026-08-29,modern-challenge-64-2026-08-2912853192,challenge-64,Chillbais,30,12
2026-08-29,modern-challenge-64-2026-08-2912853192,challenge-64,Alico,31,12
2026-08-29,modern-challenge-64-2026-08-2912853192,challenge-64,Jedgi,32,12
2026-08-29,modern-league-2026-08-2910983,league,AvianScrolls,,
2026-08-29,modern-league-2026-08-2910983,league,BLJ,,
2026-08-29,modern-league-2026-08-2910983,league,Bayesta_93,,
2026-08-29,modern-league-2026-08-2910983,league,CandleOfTawnos,,
2026-08-29,modern-league-2026-08-2910983,league,CavalloGoloso,,
2026-08-29,modern-league-2026-08-2910983,league,Chillbais,,
2026-08-29,modern-league-2026-08-2910983,league,Deathnote1999,,
2026-08-29,modern-league-2026-08-2910983,league,DenebLyrae,,
2026-08-29,modern-league-2026-08-2910983,league,GreyMerchant,,
2026-08-29,modern-league-2026-08-2910983,league,HP_,,
2026-08-29,modern-league-2026-08-2910983,league,Iplantz,,
2026-08-29,modern-league-2026-08-2910983,league,ItsukiS,,
2026-08-29,modern-league-2026-08-2910983,league,Jselzo,,
2026-08-29,modern-league-2026-08-2910983,league,Lexus_Rx,,
2026-08-29,modern-league-2026-08-2910983,league,MoonTimeDweller,,
2026-08-29,modern-league-2026-08-2910983,league,OafMcNamara,,
2026-08-29,modern-league-2026-08-2910983,league,Osiris85,,
2026-08-29,modern-league-2026-08-2910983,league,PesE,,
2026-08-29,modern-league-2026-08-2910983,league,Pheipon,,
2026-08-29,modern-league-2026-08-2910983,league,Skeptic2304,,
2026-08-29,modern-league-2026-08-2910983,league,Sleete,,
2026-08-29,modern-league-2026-08-2910983,league,SocorristaEnParo,,
2026-08-29,modern-league-2026-08-2910983,league,SocorristaEnParo,,
2026-08-29,modern-league-2026-08-2910983,league,Terminus0,,
2026-08-29,modern-league-2026-08-2910983,league,Than,,
2026-08-29,modern-league-2026-08-2910983,league,Traumatismes,,
2026-08-29,modern-league-2026-08-2910983,league,Watchwolf92,,
2026-08-29,modern-league-2026-08-2910983,league,WilliamDDD,,
2026-08-29,modern-league-2026-08-2910983,league,Witehawk,,
2026-08-29,modern-league-2026-08-2910983,league,_and_one_,,
2026-08-29,modern-league-2026-08-2910983,league,alnash,,
2026-08-29,modern-league-2026-08-2910983,league,arcolume,,
2026-08-29,modern-league-2026-08-2910983,league,azax,,
2026-08-29,modern-league-2026-08-2910983,league,bushe,,
2026-08-29,modern-league-2026-08-2910983,league,chickenwaffles26,,
2026-08-29,modern-league-2026-08-2910983,league,chrish2134,,
2026-08-29,modern-league-2026-08-2910983,league,fijitree,,
2026-08-29,modern-league-2026-08-2910983,league,k2slice,,
2026-08-29,modern-league-2026-08-2910983,league,lo_zio_torri,,
2026-08-29,modern-league-2026-08-2910983,league,megajm1,,
2026-08-29,modern-league-2026-08-2910983,league,pencil_1234,,
2026-08-29,modern-league-2026-08-2910983,league,pingchuan33,,
2026-08-29,modern-league-2026-08-2910983,league,pokerswizard,,
2026-08-29,modern-league-2026-08-2910983,league,ssnelson,,
2026-08-29,modern-league-2026-08-2910983,league,starfall,,
2026-08-29,modern-league-2026-08-2910983,league,temur4life,,
2026-08-29,modern-league-2026-08-2910983,league,thekings,,
2026-08-29,modern-league-2026-08-2910983,league,therock988,,
2026-08-29,modern-league-2026-08-2910983,league,wraaith,,
2026-08-29,modern-league-2026-08-2910983,league,xxlmmd22,,
2026-08-29,modern-showcase-challenge-2026-08-2912853163,showcase-challenge,rastaf,1,21
2026-08-29,modern-showcase-challenge-2026-08-2912853163,showcase-challenge,TonyScapone,2,24
2026-08-29,modern-showcase-challenge-2026-08-2912853163,showcase-challenge,Xwhale,3,27
2026-08-29,modern-showcase-challenge-2026-08-2912853163,showcase-challenge,DskBayWolf,4,21
2026-08-29,modern-showcase-challenge-2026-08-2912853163,showcase-challenge,musasabi,5,24
2026-08-29,modern-showcase-challenge-2026-08-2912853163,showcase-challenge,levelerlover,6,24
2026-08-29,modern-showcase-challenge-2026-08-2912853163,showcase-challenge,E90_DeliveryBoy,7,24
2026-08-29,modern-showcase-challenge-2026-08-2912853163,showcase-challenge,Cachorrowo,8,21
2026-08-29,modern-showcase-challenge-2026-08-2912853163,showcase-challenge,BressD1,9,21
2026-08-29,modern-showcase-challenge-2026-08-2912853163,showcase-challenge,komattaman,10,21
2026-08-29,modern-showcase-challenge-2026-08-2912853163,showcase-challenge,manohito,11,21
2026-08-29,modern-showcase-challenge-2026-08-2912853163,showcase-challenge,duanceyao,12,21
2026-08-29,modern-showcase-challenge-2026-08-2912853163,showcase-challenge,Lord_Beerus,13,21
2026-08-29,modern-showcase-challenge-2026-08-2912853163,showcase-challenge,shindy,14,21
2026-08-29,modern-showcase-challenge-2026-08-2912853163,showcase-challenge,rerere,15,21
2026-08-29,modern-showcase-challenge-2026-08-2912853163,showcase-challenge,McWinSauce,16,21
2026-08-29,modern-showcase-challenge-2026-08-2912853163,showcase-challenge,_Chamytinho_,17,21
2026-08-29,modern-showcase-challenge-2026-08-2912853163,showcase-challenge,Slasher21,18,21
2026-08-29,modern-showcase-challenge-2026-08-2912853163,showcase-challenge,Tetsubou,19,21
2026-08-29,modern-showcase-challenge-2026-08-2912853163,showcase-challenge,DelverFofoqueiro,20,21
2026-08-29,modern-showcase-challenge-2026-08-2912853163,showcase-challenge,pepeteam,21,21
2026-08-29,modern-showcase-challenge-2026-08-2912853163,showcase-challenge,ls149950,22,21
2026-08-29,modern-showcase-challenge-2026-08-2912853163,showcase-challenge,ROUTER_SMITER,23,21
2026-08-29,modern-showcase-challenge-2026-08-2912853163,showcase-challenge,Markx_iZZ,24,21
2026-08-29,modern-showcase-challenge-2026-08-2912853163,showcase-challenge,Ale_Mtg,25,18
2026-08-29,modern-showcase-challenge-2026-08-2912853163,showcase-challenge,Thunus,26,18
2026-08-29,modern-showcase-challenge-2026-08-2912853163,showcase-challenge,Diomed_Tidid,27,18
2026-08-29,modern-showcase-challenge-2026-08-2912853163,showcase-challenge,MeninoNey,28,18
2026-08-29,modern-showcase-challenge-2026-08-2912853163,showcase-challenge,VizosMTG,29,18
2026-08-29,modern-showcase-challenge-2026-08-2912853163,showcase-challenge,Thronhart,30,18
2026-08-29,modern-showcase-challenge-2026-08-2912853163,showcase-challenge,RNicoF,31,18
2026-08-29,modern-showcase-challenge-2026-08-2912853163,showcase-challenge,Otifex,32,18
2026-08-30,modern-challenge-64-2026-08-3012853197,challenge-64,TingInTheRice,1,15
2026-08-30,modern-challenge-64-2026-08-3012853197,challenge-64,HelpfulHobo,2,18
2026-08-30,modern-challenge-64-2026-08-3012853197,challenge-64,Selfeisek,3,18
2026-08-30,modern-challenge-64-2026-08-3012853197,challenge-64,PETRICHOR21,4,15
2026-08-30,modern-challenge-64-2026-08-3012853197,challenge-64,jussupinator,5,21
2026-08-30,modern-challenge-64-2026-08-3012853197,challenge-64,Rexplosion,6,18
2026-08-30,modern-challenge-64-2026-08-3012853197,challenge-64,KingOfGames1522,7,15
2026-08-30,modern-challenge-64-2026-08-3012853197,challenge-64,HolaChico,8,15
2026-08-30,modern-challenge-64-2026-08-3012853197,challenge-64,werhsdnas1414,9,15
2026-08-30,modern-challenge-64-2026-08-3012853197,challenge-64,WaffleWiz,10,15
2026-08-30,modern-challenge-64-2026-08-3012853197,challenge-64,UninspiredMehjagic,11,15
2026-08-30,modern-challenge-64-2026-08-3012853197,challenge-64,nick4567,12,15
2026-08-30,modern-challenge-64-2026-08-3012853197,challenge-64,otakkun,13,15
2026-08-30,modern-challenge-64-2026-08-3012853197,challenge-64,nv_goblin,14,15
2026-08-30,modern-challenge-64-2026-08-3012853197,challenge-64,weezerologist,15,15
2026-08-30,modern-challenge-64-2026-08-3012853197,challenge-64,JV_7777,16,15
2026-08-30,modern-challenge-64-2026-08-3012853197,challenge-64,MacIsaac,17,12
2026-08-30,modern-challenge-64-2026-08-3012853197,challenge-64,AgentP,18,12
2026-08-30,modern-challenge-64-2026-08-3012853197,challenge-64,claudio0907,19,12
2026-08-30,modern-challenge-64-2026-08-3012853197,challenge-64,Prim3Time,20,12
2026-08-30,modern-challenge-64-2026-08-3012853197,challenge-64,SaradinDR,21,12
2026-08-30,modern-challenge-64-2026-08-3012853197,challenge-64,hockeybro26,22,12
2026-08-30,modern-challenge-64-2026-08-3012853197,challenge-64,Cachorrowo,23,12
2026-08-30,modern-challenge-64-2026-08-3012853197,challenge-64,Scorpion100,24,12
2026-08-30,modern-challenge-64-2026-08-3012853197,challenge-64,Arcbound_Papi,25,12
2026-08-30,modern-challenge-64-2026-08-3012853197,challenge-64,bkubit,26,12
2026-08-30,modern-challenge-64-2026-08-3012853197,challenge-64,WaynePlays,27,12
2026-08-30,modern-challenge-64-2026-08-3012853197,challenge-64,fijitree,28,12
2026-08-30,modern-challenge-64-2026-08-3012853197,challenge-64,quinniac,29,12
2026-08-30,modern-challenge-64-2026-08-3012853197,challenge-64,VictorEsquici,30,12
2026-08-30,modern-challenge-64-2026-08-3012853197,challenge-64,Shamplade,31,12
2026-08-30,modern-challenge-64-2026-08-3012853197,challenge-64,_and_one_,32,12
2026-08-30,modern-challenge-64-2026-08-3012853202,challenge-64,SanPop,1,21
2026-08-30,modern-challenge-64-2026-08-3012853202,challenge-64,wraaith,2,18
2026-08-30,modern-challenge-64-2026-08-3012853202,challenge-64,Bayesta_93,3,18
2026-08-30,modern-challenge-64-2026-08-3012853202,challenge-64,hugofreitas1,4,15
2026-08-30,modern-challenge-64-2026-08-3012853202,challenge-64,innaig88,5,18
2026-08-30,modern-challenge-64-2026-08-3012853202,challenge-64,caronte1991,6,15
2026-08-30,modern-challenge-64-2026-08-3012853202,challenge-64,unagieel,7,15
2026-08-30,modern-challenge-64-2026-08-3012853202,challenge-64,SizzleSkeleton,8,15
2026-08-30,modern-challenge-64-2026-08-3012853202,challenge-64,wutey,9,15
2026-08-30,modern-challenge-64-2026-08-3012853202,challenge-64,Taddy_99,10,15
2026-08-30,modern-challenge-64-2026-08-3012853202,challenge-64,Zompatanfo,11,15
2026-08-30,modern-challenge-64-2026-08-3012853202,challenge-64,narca,12,15
2026-08-30,modern-challenge-64-2026-08-3012853202,challenge-64,ratabruta,13,15
2026-08-30,modern-challenge-64-2026-08-3012853202,challenge-64,tibalt_of_red_sub,14,15
2026-08-30,modern-challenge-64-2026-08-3012853202,challenge-64,mh7lucky,15,15
2026-08-30,modern-challenge-64-2026-08-3012853202,challenge-64,acelerado440,16,15
2026-08-30,modern-challenge-64-2026-08-3012853202,challenge-64,Traumatismes,17,12
2026-08-30,modern-challenge-64-2026-08-3012853202,challenge-64,Laplasjan,18,12
2026-08-30,modern-challenge-64-2026-08-3012853202,challenge-64,yriel,19,12
2026-08-30,modern-challenge-64-2026-08-3012853202,challenge-64,Sorathrix,20,12
2026-08-30,modern-challenge-64-2026-08-3012853202,challenge-64,_Falcon_,21,12
2026-08-30,modern-challenge-64-2026-08-3012853202,challenge-64,Marvelman123,22,12
2026-08-30,modern-challenge-64-2026-08-3012853202,challenge-64,mtbWolf,23,12
2026-08-30,modern-challenge-64-2026-08-3012853202,challenge-64,Venom01,24,12
2026-08-30,modern-challenge-64-2026-08-3012853202,challenge-64,AeonLock,25,12
2026-08-30,modern-challenge-64-2026-08-3012853202,challenge-64,albert62,26,12
2026-08-30,modern-challenge-64-2026-08-3012853202,challenge-64,Flamie_Oliver,27,12
2026-08-30,modern-challenge-64-2026-08-3012853202,challenge-64,PhyrexianSwarm,28,12
2026-08-30,modern-challenge-64-2026-08-3012853202,challenge-64,_Tia93_,29,12
2026-08-30,modern-challenge-64-2026-08-3012853202,challenge-64,WanderingOnes,30,12
2026-08-30,modern-challenge-64-2026-08-3012853202,challenge-64,Sandstorm87,31,12
2026-08-30,modern-challenge-64-2026-08-3012853202,challenge-64,Gobeli,32,12
2026-08-30,modern-league-2026-08-3010983,league,41krid,,
2026-08-30,modern-league-2026-08-3010983,league,ATXroy,,
2026-08-30,modern-league-2026-08-3010983,league,AZN7,,
2026-08-30,modern-league-2026-08-3010983,league,Akosmismus,,
2026-08-30,modern-league-2026-08-3010983,league,Amendoim,,
2026-08-30,modern-league-2026-08-3010983,league,Arglex,,
2026-08-30,modern-league-2026-08-3010983,league,BLJ,,
2026-08-30,modern-league-2026-08-3010983,league,BLJ,,
2026-08-30,modern-league-2026-08-3010983,league,BoltTargetYou,,
2026-08-30,modern-league-2026-08-3010983,league,BrainsickHater,,
2026-08-30,modern-league-2026-08-3010983,league,Cown,,
2026-08-30,modern-league-2026-08-3010983,league,CrisMTG77,,
2026-08-30,modern-league-2026-08-3010983,league,Delap91,,
2026-08-30,modern-league-2026-08-3010983,league,Fatcaster_Mage,,
2026-08-30,modern-league-2026-08-3010983,league,Ghianda,,
2026-08-30,modern-league-2026-08-3010983,league,ItsJammin,,
2026-08-30,modern-league-2026-08-3010983,league,JestRight,,
2026-08-30,modern-league-2026-08-3010983,league,Jokersrwild,,
2026-08-30,modern-league-2026-08-3010983,league,Jonii,,
2026-08-30,modern-league-2026-08-3010983,league,Jonii,,
2026-08-30,modern-league-2026-08-3010983,league,KangXiaotian,,
2026-08-30,modern-league-2026-08-3010983,league,KarnaTTN,,
2026-08-30,modern-league-2026-08-3010983,league,KevinCon,,
2026-08-30,modern-league-2026-08-3010983,league,LeifMtg,,
2026-08-30,modern-league-2026-08-3010983,league,MagicDevil666,,
2026-08-30,modern-league-2026-08-3010983,league,Magicverse,,
2026-08-30,modern-league-2026-08-3010983,league,Marcalzer,,
2026-08-30,modern-league-2026-08-3010983,league,Martian_Economist,,
2026-08-30,modern-league-2026-08-3010983,league,MattTumavitch13,,
2026-08-30,modern-league-2026-08-3010983,league,PhoeniXVille_0315,,
2026-08-30,modern-league-2026-08-3010983,league,Sanni_tide97,,
2026-08-30,modern-league-2026-08-3010983,league,Sarek,,
2026-08-30,modern-league-2026-08-3010983,league,SkyllaMTG,,
2026-08-30,modern-league-2026-08-3010983,league,Sstrict,,
2026-08-30,modern-league-2026-08-3010983,league,VenoW_art,,
2026-08-30,modern-league-2026-08-3010983,league,Vitas,,
2026-08-30,modern-league-2026-08-3010983,league,ZeusThePro,,
2026-08-30,modern-league-2026-08-3010983,league,Zoza,,
2026-08-30,modern-league-2026-08-3010983,league,abbadon55,,
2026-08-30,modern-league-2026-08-3010983,league,bakkenal,,
2026-08-30,modern-league-2026-08-3010983,league,bayjen_,,
2026-08-30,modern-league-2026-08-3010983,league,bloscott220,,
2026-08-30,modern-league-2026-08-3010983,league,cgouldner,,
2026-08-30,modern-league-2026-08-3010983,league,charzy,,
2026-08-30,modern-league-2026-08-3010983,league,gonjo,,
2026-08-30,modern-league-2026-08-3010983,league,itstime,,
2026-08-30,modern-league-2026-08-3010983,league,mikel88888888,,
2026-08-30,modern-league-2026-08-3010983,league,mikel88888888,,
2026-08-30,modern-league-2026-08-3010983,league,minimiz,,
2026-08-30,modern-league-2026-08-3010983,league,nick4567,,
2026-08-30,modern-league-2026-08-3010983,league,queirozale7,,
2026-08-30,modern-league-2026-08-3010983,league,theasiankid,,
2026-08-30,modern-league-2026-08-3010983,league,tigress,,
2026-08-31,modern-challenge-64-2026-08-3112853210,challenge-64,rastaf,1,18
2026-08-31,modern-challenge-64-2026-08-3112853210,challenge-64,VictorEsquici,2,18
2026-08-31,modern-challenge-64-2026-08-3112853210,challenge-64,YungDingo,3,18
2026-08-31,modern-challenge-64-2026-08-3112853210,challenge-64,Dioferreira,4,15
2026-08-31,modern-challenge-64-2026-08-3112853210,challenge-64,Hazzrd,5,18
2026-08-31,modern-challenge-64-2026-08-3112853210,challenge-64,NerdDadChad,6,18
2026-08-31,modern-challenge-64-2026-08-3112853210,challenge-64,WaynePlays,7,15
2026-08-31,modern-challenge-64-2026-08-3112853210,challenge-64,I_Cant_Read,8,15
2026-08-31,modern-challenge-64-2026-08-3112853210,challenge-64,Venom01,9,15
2026-08-31,modern-challenge-64-2026-08-3112853210,challenge-64,littesir095,10,15
2026-08-31,modern-challenge-64-2026-08-3112853210,challenge-64,HouseOfManaMTG,11,15
2026-08-31,modern-challenge-64-2026-08-3112853210,challenge-64,JV_7777,12,15
2026-08-31,modern-challenge-64-2026-08-3112853210,challenge-64,bcs8995,13,15
2026-08-31,modern-challenge-64-2026-08-3112853210,challenge-64,LucasG1ggs,14,15
2026-08-31,modern-challenge-64-2026-08-3112853210,challenge-64,Xsper,15,15
2026-08-31,modern-challenge-64-2026-08-3112853210,challenge-64,xfile,16,15
2026-08-31,modern-challenge-64-2026-08-3112853210,challenge-64,Manny-,17,15
2026-08-31,modern-challenge-64-2026-08-3112853210,challenge-64,AvianScrolls,18,15
2026-08-31,modern-challenge-64-2026-08-3112853210,challenge-64,Capitano_CL,19,12
2026-08-31,modern-challenge-64-2026-08-3112853210,challenge-64,derlumberzack,20,12
2026-08-31,modern-challenge-64-2026-08-3112853210,challenge-64,Sarlanga,21,12
2026-08-31,modern-challenge-64-2026-08-3112853210,challenge-64,LukeBrandes,22,12
2026-08-31,modern-challenge-64-2026-08-3112853210,challenge-64,Scorpion100,23,12
2026-08-31,modern-challenge-64-2026-08-3112853210,challenge-64,Flossing,24,12
2026-08-31,modern-challenge-64-2026-08-3112853210,challenge-64,HolaChico,25,12
2026-08-31,modern-challenge-64-2026-08-3112853210,challenge-64,Cachorrowo,26,12
2026-08-31,modern-challenge-64-2026-08-3112853210,challenge-64,TeamGreed,27,12
2026-08-31,modern-challenge-64-2026-08-3112853210,challenge-64,shindy,28,12
2026-08-31,modern-challenge-64-2026-08-3112853210,challenge-64,Tree42o,29,12
2026-08-31,modern-challenge-64-2026-08-3112853210,challenge-64,SimonAntillon,30,12
2026-08-31,modern-challenge-64-2026-08-3112853210,challenge-64,Hawkfrost000,31,12
2026-08-31,modern-challenge-64-2026-08-3112853210,challenge-64,nick4567,32,9
2026-08-31,modern-challenge-96-2026-08-3112853212,challenge-96,Sol0monGrundy,1,18
2026-08-31,modern-challenge-96-2026-08-3112853212,challenge-96,PerkyT,2,21
2026-08-31,modern-challenge-96-2026-08-3112853212,challenge-96,shindy,3,18
2026-08-31,modern-challenge-96-2026-08-3112853212,challenge-96,rerere,4,18
2026-08-31,modern-challenge-96-2026-08-3112853212,challenge-96,MeninoNey,5,18
2026-08-31,modern-challenge-96-2026-08-3112853212,challenge-96,kanister,6,18
2026-08-31,modern-challenge-96-2026-08-3112853212,challenge-96,ShikiXYZ,7,18
2026-08-31,modern-challenge-96-2026-08-3112853212,challenge-96,GWT,8,18
2026-08-31,modern-challenge-96-2026-08-3112853212,challenge-96,trdbrt,9,15
2026-08-31,modern-challenge-96-2026-08-3112853212,challenge-96,MayoDominaria,10,15
2026-08-31,modern-challenge-96-2026-08-3112853212,challenge-96,xfile,11,15
2026-08-31,modern-challenge-96-2026-08-3112853212,challenge-96,filpin,12,15
2026-08-31,modern-challenge-96-2026-08-3112853212,challenge-96,toondoslav,13,15
2026-08-31,modern-challenge-96-2026-08-3112853212,challenge-96,bestdraveneu,14,15
2026-08-31,modern-challenge-96-2026-08-3112853212,challenge-96,hugofreitas1,15,15
2026-08-31,modern-challenge-96-2026-08-3112853212,challenge-96,Rvng,16,15
2026-08-31,modern-challenge-96-2026-08-3112853212,challenge-96,pokerswizard,17,15
2026-08-31,modern-challenge-96-2026-08-3112853212,challenge-96,Jonii,18,15
2026-08-31,modern-challenge-96-2026-08-3112853212,challenge-96,scalo94,19,15
2026-08-31,modern-challenge-96-2026-08-3112853212,challenge-96,Lightspirit,20,15
2026-08-31,modern-challenge-96-2026-08-3112853212,challenge-96,Tetsubou,21,15
2026-08-31,modern-challenge-96-2026-08-3112853212,challenge-96,rastaf,22,15
2026-08-31,modern-challenge-96-2026-08-3112853212,challenge-96,Pallocchia314,23,15
2026-08-31,modern-challenge-96-2026-08-3112853212,challenge-96,Deathmaxx,24,15
2026-08-31,modern-challenge-96-2026-08-3112853212,challenge-96,anttoms21,25,15
2026-08-31,modern-challenge-96-2026-08-3112853212,challenge-96,DelverOfBolts,26,12
2026-08-31,modern-challenge-96-2026-08-3112853212,challenge-96,Brunes,27,12
2026-08-31,modern-challenge-96-2026-08-3112853212,challenge-96,musasabi,28,12
2026-08-31,modern-challenge-96-2026-08-3112853212,challenge-96,sgcyrus,29,12
2026-08-31,modern-challenge-96-2026-08-3112853212,challenge-96,Jedgi,30,12
2026-08-31,modern-challenge-96-2026-08-3112853212,challenge-96,Bothes,31,12
2026-08-31,modern-challenge-96-2026-08-3112853212,challenge-96,ziofrancone,32,12
2026-08-31,modern-league-2026-08-3110983,league,1029384756,,
2026-08-31,modern-league-2026-08-3110983,league,Alpha_Go,,
2026-08-31,modern-league-2026-08-3110983,league,AzureMoon,,
2026-08-31,modern-league-2026-08-3110983,league,BLJ,,
2026-08-31,modern-league-2026-08-3110983,league,Bails76,,
2026-08-31,modern-league-2026-08-3110983,league,Bugsy69,,
2026-08-31,modern-league-2026-08-3110983,league,CHAR_AZNABLE,,
2026-08-31,modern-league-2026-08-3110983,league,Ceddy,,
2026-08-31,modern-league-2026-08-3110983,league,Cheeesy,,
2026-08-31,modern-league-2026-08-3110983,league,Chos1npm,,
2026-08-31,modern-league-2026-08-3110983,league,Ciraris,,
2026-08-31,modern-league-2026-08-3110983,league,Comrade1312,,
2026-08-31,modern-league-2026-08-3110983,league,Cptwalnut,,
2026-08-31,modern-league-2026-08-3110983,league,Cyncopath,,
2026-08-31,modern-league-2026-08-3110983,league,Daking3603,,
2026-08-31,modern-league-2026-08-3110983,league,Delap91,,
2026-08-31,modern-league-2026-08-3110983,league,DiamondAtog,,
2026-08-31,modern-league-2026-08-3110983,league,Duddz_z,,
2026-08-31,modern-league-2026-08-3110983,league,Galashev29,,
2026-08-31,modern-league-2026-08-3110983,league,Heavenscythe,,
2026-08-31,modern-league-2026-08-3110983,league,HeyyQT,,
2026-08-31,modern-league-2026-08-3110983,league,Houseburner,,
2026-08-31,modern-league-2026-08-3110983,league,Jacksonian26,,
2026-08-31,modern-league-2026-08-3110983,league,JonDaBill,,
2026-08-31,modern-league-2026-08-3110983,league,Katla,,
2026-08-31,modern-league-2026-08-3110983,league,KevinCon,,
2026-08-31,modern-league-2026-08-3110983,league,LuoAnlan,,
2026-08-31,modern-league-2026-08-3110983,league,Luo_Mew,,
2026-08-31,modern-league-2026-08-3110983,league,Mattatoio,,
2026-08-31,modern-league-2026-08-3110983,league,MeninoNey,,
2026-08-31,modern-league-2026-08-3110983,league,Mighty_Ravendark,,
2026-08-31,modern-league-2026-08-3110983,league,Nagato_Boran,,
2026-08-31,modern-league-2026-08-3110983,league,Nekomarfi,,
2026-08-31,modern-league-2026-08-3110983,league,Orimbvbbzka,,
2026-08-31,modern-league-2026-08-3110983,league,PTarts2win,,
2026-08-31,modern-league-2026-08-3110983,league,Pan0323,,
2026-08-31,modern-league-2026-08-3110983,league,Quinaroon,,
2026-08-31,modern-league-2026-08-3110983,league,Rashek,,
2026-08-31,modern-league-2026-08-3110983,league,Sanni_tide97,,
2026-08-31,modern-league-2026-08-3110983,league,Shamplade,,
2026-08-31,modern-league-2026-08-3110983,league,SiegeRyano,,
2026-08-31,modern-league-2026-08-3110983,league,Sill3yg00s3,,
2026-08-31,modern-league-2026-08-3110983,league,TDiGi91,,
2026-08-31,modern-league-2026-08-3110983,league,TFTIjhub,,
2026-08-31,modern-league-2026-08-3110983,league,Tentative_Panda,,
2026-08-31,modern-league-2026-08-3110983,league,Theflotist,,
2026-08-31,modern-league-2026-08-3110983,league,WolfgangCloud,,
2026-08-31,modern-league-2026-08-3110983,league,bakkenal,,
2026-08-31,modern-league-2026-08-3110983,league,bellfy,,
2026-08-31,modern-league-2026-08-3110983,league,festering88,,
2026-08-31,modern-league-2026-08-3110983,league,gonjo,,
2026-08-31,modern-league-2026-08-3110983,league,haoqinglangou,,
2026-08-31,modern-league-2026-08-3110983,league,jjcbupt,,
2026-08-31,modern-league-2026-08-3110983,league,lBigdawg,,
2026-08-31,modern-league-2026-08-3110983,league,littlebinboy,,
2026-08-31,modern-league-2026-08-3110983,league,msmayer,,
2026-08-31,modern-league-2026-08-3110983,league,olbeda,,
2026-08-31,modern-league-2026-08-3110983,league,oxirrinco,,
2026-08-31,modern-league-2026-08-3110983,league,prizedamalgam,,
2026-08-31,modern-league-2026-08-3110983,league,second_circle,,
2026-08-31,modern-league-2026-08-3110983,league,shigure1020,,
2026-08-31,modern-league-2026-08-3110983,league,sklerio,,
2026-08-31,modern-league-2026-08-3110983,league,tibalt_of_red_sub,,
2026-08-31,modern-league-2026-08-3110983,league,zhinonono,,
2026-09-01,modern-challenge-16-2026-09-0112853220,challenge-16,alexeezayyy,1,12
2026-09-01,modern-challenge-16-2026-09-0112853220,challenge-16,hanshq,2,15
2026-09-01,modern-challenge-16-2026-09-0112853220,challenge-16,shindy,3,18
2026-09-01,modern-challenge-16-2026-09-0112853220,challenge-16,meanfannypack,4,15
2026-09-01,modern-challenge-16-2026-09-0112853220,challenge-16,SFDK,5,15
2026-09-01,modern-challenge-16-2026-09-0112853220,challenge-16,The_shallow_grave,6,15
2026-09-01,modern-challenge-16-2026-09-0112853220,challenge-16,Cptwalnut,7,12
2026-09-01,modern-challenge-16-2026-09-0112853220,challenge-16,Deathmaxx,8,12
2026-09-01,modern-challenge-16-2026-09-0112853220,challenge-16,Reiam,9,12
2026-09-01,modern-challenge-16-2026-09-0112853220,challenge-16,Pompuskaya,10,12
2026-09-01,modern-challenge-16-2026-09-0112853220,challenge-16,filpin,11,12
2026-09-01,modern-challenge-16-2026-09-0112853220,challenge-16,duanceyao,12,12
2026-09-01,modern-challenge-16-2026-09-0112853220,challenge-16,toondoslav,13,12
2026-09-01,modern-challenge-16-2026-09-0112853220,challenge-16,JPA93,14,12
2026-09-01,modern-challenge-16-2026-09-0112853220,challenge-16,Eyelash,15,12
2026-09-01,modern-challenge-16-2026-09-0112853220,challenge-16,Attomium,16,12
2026-09-01,modern-challenge-16-2026-09-0112853220,challenge-16,bbotonline,17,12
2026-09-01,modern-challenge-16-2026-09-0112853220,challenge-16,Tetsubou,18,9
2026-09-01,modern-challenge-16-2026-09-0112853220,challenge-16,Alakai,19,9
2026-09-01,modern-challenge-16-2026-09-0112853220,challenge-16,DskBayWolf,20,9
2026-09-01,modern-challenge-16-2026-09-0112853220,challenge-16,nahuel10,21,9
2026-09-01,modern-challenge-16-2026-09-0112853220,challenge-16,swff,22,9
2026-09-01,modern-challenge-16-2026-09-0112853220,challenge-16,WhiteNinja,23,9
2026-09-01,modern-challenge-16-2026-09-0112853220,challenge-16,Serosocram,24,9
2026-09-01,modern-challenge-16-2026-09-0112853220,challenge-16,Nangurus,25,9
2026-09-01,modern-challenge-16-2026-09-0112853220,challenge-16,Shadow_Scar,26,9
2026-09-01,modern-challenge-16-2026-09-0112853220,challenge-16,Moniz0801,27,6
2026-09-01,modern-challenge-16-2026-09-0112853220,challenge-16,Rock889,28,6
2026-09-01,modern-challenge-16-2026-09-0112853220,challenge-16,UltraEgo_,29,6
2026-09-01,modern-challenge-16-2026-09-0112853220,challenge-16,chagu,30,6
2026-09-01,modern-challenge-16-2026-09-0112853220,challenge-16,EthanBird,31,6
2026-09-01,modern-challenge-16-2026-09-0112853220,challenge-16,Moaddin1186,32,6
2026-09-01,modern-challenge-32-2026-09-0112853219,challenge-32,nahuel10,1,18
2026-09-01,modern-challenge-32-2026-09-0112853219,challenge-32,yuhewang,2,15
2026-09-01,modern-challenge-32-2026-09-0112853219,challenge-32,Sunbird17,3,18
2026-09-01,modern-challenge-32-2026-09-0112853219,challenge-32,Brunes,4,15
2026-09-01,modern-challenge-32-2026-09-0112853219,challenge-32,shindy,5,21
2026-09-01,modern-challenge-32-2026-09-0112853219,challenge-32,jvidarte,6,15
2026-09-01,modern-challenge-32-2026-09-0112853219,challenge-32,Misplacedginger,7,15
2026-09-01,modern-challenge-32-2026-09-0112853219,challenge-32,XantosCell,8,15
2026-09-01,modern-challenge-32-2026-09-0112853219,challenge-32,VictorEsquici,9,15
2026-09-01,modern-challenge-32-2026-09-0112853219,challenge-32,JhonnySeJugar,10,15
2026-09-01,modern-challenge-32-2026-09-0112853219,challenge-32,Relieve,11,15
2026-09-01,modern-challenge-32-2026-09-0112853219,challenge-32,YungDingo,12,15
2026-09-01,modern-challenge-32-2026-09-0112853219,challenge-32,oinkmage22,13,15
2026-09-01,modern-challenge-32-2026-09-0112853219,challenge-32,Azja,14,15
2026-09-01,modern-challenge-32-2026-09-0112853219,challenge-32,littesir095,15,15
2026-09-01,modern-challenge-32-2026-09-0112853219,challenge-32,Kuhmero,16,12
2026-09-01,modern-challenge-32-2026-09-0112853219,challenge-32,Allos,17,12
2026-09-01,modern-challenge-32-2026-09-0112853219,challenge-32,WestvalePreacher,18,12
2026-09-01,modern-challenge-32-2026-09-0112853219,challenge-32,BWG,19,12
2026-09-01,modern-challenge-32-2026-09-0112853219,challenge-32,xfile,20,12
2026-09-01,modern-challenge-32-2026-09-0112853219,challenge-32,xl_snapcaster,21,12
2026-09-01,modern-challenge-32-2026-09-0112853219,challenge-32,quinniac,22,12
2026-09-01,modern-challenge-32-2026-09-0112853219,challenge-32,parasisnotcool,23,12
2026-09-01,modern-challenge-32-2026-09-0112853219,challenge-32,NotCorazon,24,12
2026-09-01,modern-challenge-32-2026-09-0112853219,challenge-32,kerion117,25,12
2026-09-01,modern-challenge-32-2026-09-0112853219,challenge-32,Pompuskaya,26,12
2026-09-01,modern-challenge-32-2026-09-0112853219,challenge-32,Flossing,27,12
2026-09-01,modern-challenge-32-2026-09-0112853219,challenge-32,jussupinator,28,9
2026-09-01,modern-challenge-32-2026-09-0112853219,challenge-32,ejk,29,9
2026-09-01,modern-challenge-32-2026-09-0112853219,challenge-32,Eyelash,30,9
2026-09-01,modern-challenge-32-2026-09-0112853219,challenge-32,Cake363,31,9
2026-09-01,modern-challenge-32-2026-09-0112853219,challenge-32,justFeather,32,9
2026-09-01,modern-challenge-64-2026-09-0112853226,challenge-64,yunk3r,1,18
2026-09-01,modern-challenge-64-2026-09-0112853226,challenge-64,Latorretta,2,18
2026-09-01,modern-challenge-64-2026-09-0112853226,challenge-64,BowBloBiw,3,18
2026-09-01,modern-challenge-64-2026-09-0112853226,challenge-64,Craig_Long123,4,15
2026-09-01,modern-challenge-64-2026-09-0112853226,challenge-64,KingHairy,5,21
2026-09-01,modern-challenge-64-2026-09-0112853226,challenge-64,Selfeisek,6,18
2026-09-01,modern-challenge-64-2026-09-0112853226,challenge-64,bkubit,7,15
2026-09-01,modern-challenge-64-2026-09-0112853226,challenge-64,claudio0907,8,15
2026-09-01,modern-challenge-64-2026-09-0112853226,challenge-64,echecetmat35,9,15
2026-09-01,modern-challenge-64-2026-09-0112853226,challenge-64,Beekeeper,10,15
2026-09-01,modern-challenge-64-2026-09-0112853226,challenge-64,NyGames,11,15
2026-09-01,modern-challenge-64-2026-09-0112853226,challenge-64,SlankyPotato,12,15
2026-09-01,modern-challenge-64-2026-09-0112853226,challenge-64,Marxelo,13,15
2026-09-01,modern-challenge-64-2026-09-0112853226,challenge-64,fazparte,14,15
2026-09-01,modern-challenge-64-2026-09-0112853226,challenge-64,sicsmoo,15,15
2026-09-01,modern-challenge-64-2026-09-0112853226,challenge-64,Mclopi,16,15
2026-09-01,modern-challenge-64-2026-09-0112853226,challenge-64,eswaff,17,12
2026-09-01,modern-challenge-64-2026-09-0112853226,challenge-64,Ale_Mtg,18,12
2026-09-01,modern-challenge-64-2026-09-0112853226,challenge-64,Azja,19,12
2026-09-01,modern-challenge-64-2026-09-0112853226,challenge-64,SuperCow12653,20,12
2026-09-01,modern-challenge-64-2026-09-0112853226,challenge-64,RNicoF,21,12
2026-09-01,modern-challenge-64-2026-09-0112853226,challenge-64,GLSwadow,22,12
2026-09-01,modern-challenge-64-2026-09-0112853226,challenge-64,shindy,23,12
2026-09-01,modern-challenge-64-2026-09-0112853226,challenge-64,bozo2112,24,12
2026-09-01,modern-challenge-64-2026-09-0112853226,challenge-64,ipadkid,25,12
2026-09-01,modern-challenge-64-2026-09-0112853226,challenge-64,MercurialChemister,26,12
2026-09-01,modern-challenge-64-2026-09-0112853226,challenge-64,Off1ine__,27,12
2026-09-01,modern-challenge-64-2026-09-0112853226,challenge-64,nomismagic,28,12
2026-09-01,modern-challenge-64-2026-09-0112853226,challenge-64,musasabi,29,12
2026-09-01,modern-challenge-64-2026-09-0112853226,challenge-64,kentaro_hokori,30,12
2026-09-01,modern-challenge-64-2026-09-0112853226,challenge-64,HuUeBR,31,12
2026-09-01,modern-challenge-64-2026-09-0112853226,challenge-64,MeninoNey,32,12
2026-09-01,modern-league-2026-09-0110983,league,2360299909,,
2026-09-01,modern-league-2026-09-0110983,league,BLJ,,
2026-09-01,modern-league-2026-09-0110983,league,BananaJim22,,
2026-09-01,modern-league-2026-09-0110983,league,Ciraris,,
2026-09-01,modern-league-2026-09-0110983,league,Daanmtg,,
2026-09-01,modern-league-2026-09-0110983,league,GanYanCHN,,
2026-09-01,modern-league-2026-09-0110983,league,Hazzrd,,
2026-09-01,modern-league-2026-09-0110983,league,Im_Yer_Huckleberry,,
2026-09-01,modern-league-2026-09-0110983,league,Ivc,,
2026-09-01,modern-league-2026-09-0110983,league,JGtorres,,
2026-09-01,modern-league-2026-09-0110983,league,Joey_Wheeler,,
2026-09-01,modern-league-2026-09-0110983,league,Jokersrwild,,
2026-09-01,modern-league-2026-09-0110983,league,Kizdar,,
2026-09-01,modern-league-2026-09-0110983,league,Lirek154,,
2026-09-01,modern-league-2026-09-0110983,league,MagicDevil666,,
2026-09-01,modern-league-2026-09-0110983,league,MagicDevil666,,
2026-09-01,modern-league-2026-09-0110983,league,MagicQuest,,
2026-09-01,modern-league-2026-09-0110983,league,Melicard,,
2026-09-01,modern-league-2026-09-0110983,league,MrGomez,,
2026-09-01,modern-league-2026-09-0110983,league,ODlS,,
2026-09-01,modern-league-2026-09-0110983,league,Permeloso,,
2026-09-01,modern-league-2026-09-0110983,league,Pheipon,,
2026-09-01,modern-league-2026-09-0110983,league,R3tr0sp3ct,,
2026-09-01,modern-league-2026-09-0110983,league,ROUTER_SMITER,,
2026-09-01,modern-league-2026-09-0110983,league,Red_Shadow,,
2026-09-01,modern-league-2026-09-0110983,league,Rvng,,
2026-09-01,modern-league-2026-09-0110983,league,STURSY,,
2026-09-01,modern-league-2026-09-0110983,league,SuperCow12653,,
2026-09-01,modern-league-2026-09-0110983,league,TheJudester,,
2026-09-01,modern-league-2026-09-0110983,league,Tovargent,,
2026-09-01,modern-league-2026-09-0110983,league,Wetdog314,,
2026-09-01,modern-league-2026-09-0110983,league,Xolfa94,,
2026-09-01,modern-league-2026-09-0110983,league,azax,,
2026-09-01,modern-league-2026-09-0110983,league,danimaak777,,
2026-09-01,modern-league-2026-09-0110983,league,haoqinglangou,,
2026-09-01,modern-league-2026-09-0110983,league,haoqinglangou,,
2026-09-01,modern-league-2026-09-0110983,league,inf1nitus,,
2026-09-01,modern-league-2026-09-0110983,league,johnmtg,,
2026-09-01,modern-league-2026-09-0110983,league,joseaf,,
2026-09-01,modern-league-2026-09-0110983,league,mattygaddy8,,
2026-09-01,modern-league-2026-09-0110983,league,mikel88888888,,
2026-09-01,modern-league-2026-09-0110983,league,mosh_joscoe,,
2026-09-01,modern-league-2026-09-0110983,league,ngiallo32,,
2026-09-01,modern-league-2026-09-0110983,league,ngiallo32,,
2026-09-01,modern-league-2026-09-0110983,league,redmogg,,
2026-09-01,modern-league-2026-09-0110983,league,seisho1,,
2026-09-01,modern-league-2026-09-0110983,league,shadow_PT,,
2026-09-01,modern-league-2026-09-0110983,league,smiland0711,,
2026-09-01,modern-league-2026-09-0110983,league,werhsdnas1414,,
2026-09-01,modern-league-2026-09-0110983,league,ziofrancone,,
2026-09-02,modern-challenge-32-2026-09-0212853228,challenge-32,mommydom_manifesto,1,18
2026-09-02,modern-challenge-32-2026-09-0212853228,challenge-32,EthanBird,2,15
2026-09-02,modern-challenge-32-2026-09-0212853228,challenge-32,Manny-,3,18
2026-09-02,modern-challenge-32-2026-09-0212853228,challenge-32,HolaChico,4,18
2026-09-02,modern-challenge-32-2026-09-0212853228,challenge-32,Savior0117,5,18
2026-09-02,modern-challenge-32-2026-09-0212853228,challenge-32,shindy,6,18
2026-09-02,modern-challenge-32-2026-09-0212853228,challenge-32,SlankyPotato,7,15
2026-09-02,modern-challenge-32-2026-09-0212853228,challenge-32,AzureMoon,8,15
2026-09-02,modern-challenge-32-2026-09-0212853228,challenge-32,Arcbound_Papi,9,15
2026-09-02,modern-challenge-32-2026-09-0212853228,challenge-32,Certified_Noob,10,15
2026-09-02,modern-challenge-32-2026-09-0212853228,challenge-32,Kritik,11,15
2026-09-02,modern-challenge-32-2026-09-0212853228,challenge-32,Xsper,12,15
2026-09-02,modern-challenge-32-2026-09-0212853228,challenge-32,solaec0501,13,15
2026-09-02,modern-challenge-32-2026-09-0212853228,challenge-32,jussupinator,14,15
2026-09-02,modern-challenge-32-2026-09-0212853228,challenge-32,pattiepattie,15,15
2026-09-02,modern-challenge-32-2026-09-0212853228,challenge-32,TuralyonMap,16,15
2026-09-02,modern-challenge-32-2026-09-0212853228,challenge-32,oinkmage22,17,15
2026-09-02,modern-challenge-32-2026-09-0212853228,challenge-32,Reiam,18,12
2026-09-02,modern-challenge-32-2026-09-0212853228,challenge-32,Scooby_Snacks,19,12
2026-09-02,modern-challenge-32-2026-09-0212853228,challenge-32,anttoms21,20,12
2026-09-02,modern-challenge-32-2026-09-0212853228,challenge-32,occulticplus,21,12
2026-09-02,modern-challenge-32-2026-09-0212853228,challenge-32,xl_snapcaster,22,12
2026-09-02,modern-challenge-32-2026-09-0212853228,challenge-32,TheColorOfBoom,23,12
2026-09-02,modern-challenge-32-2026-09-0212853228,challenge-32,Joey_Wheeler,24,12
2026-09-02,modern-challenge-32-2026-09-0212853228,challenge-32,bozo2112,25,12
2026-09-02,modern-challenge-32-2026-09-0212853228,challenge-32,mtggamur420,26,12
2026-09-02,modern-challenge-32-2026-09-0212853228,challenge-32,Omegauo,27,12
2026-09-02,modern-challenge-32-2026-09-0212853228,challenge-32,littesir095,28,12
2026-09-02,modern-challenge-32-2026-09-0212853228,challenge-32,Bails76,29,12
2026-09-02,modern-challenge-32-2026-09-0212853228,challenge-32,J4K3ST3R02,30,12
2026-09-02,modern-challenge-32-2026-09-0212853228,challenge-32,Venom01,31,12
2026-09-02,modern-challenge-32-2026-09-0212853228,challenge-32,NotCorazon,32,9
2026-09-02,modern-challenge-32-2026-09-0212853730,challenge-32,ipadkid,1,15
2026-09-02,modern-challenge-32-2026-09-0212853730,challenge-32,azax,2,18
2026-09-02,modern-challenge-32-2026-09-0212853730,challenge-32,rastaf,3,15
2026-09-02,modern-challenge-32-2026-09-0212853730,challenge-32,Misplacedginger,4,12
2026-09-02,modern-challenge-32-2026-09-0212853730,challenge-32,Cachorrowo,5,15
2026-09-02,modern-challenge-32-2026-09-0212853730,challenge-32,Xsper,6,15
2026-09-02,modern-challenge-32-2026-09-0212853730,challenge-32,Mapletreefrog,7,15
2026-09-02,modern-challenge-32-2026-09-0212853730,challenge-32,bruno_bto,8,12
2026-09-02,modern-challenge-32-2026-09-0212853730,challenge-32,NathanOfTheGiltLeaf,9,12
2026-09-02,modern-challenge-32-2026-09-0212853730,challenge-32,bless_von,10,12
2026-09-02,modern-challenge-32-2026-09-0212853730,challenge-32,musasabi,11,12
2026-09-02,modern-challenge-32-2026-09-0212853730,challenge-32,starfall,12,12
2026-09-02,modern-challenge-32-2026-09-0212853730,challenge-32,Capitano_CL,13,12
2026-09-02,modern-challenge-32-2026-09-0212853730,challenge-32,mtwhet,14,12
2026-09-02,modern-challenge-32-2026-09-0212853730,challenge-32,Willthepill,15,12
2026-09-02,modern-challenge-32-2026-09-0212853730,challenge-32,quinniac,16,12
2026-09-02,modern-challenge-32-2026-09-0212853730,challenge-32,GigaChadSigmaMale,17,12
2026-09-02,modern-challenge-32-2026-09-0212853730,challenge-32,eclipse4343,18,12
2026-09-02,modern-challenge-32-2026-09-0212853730,challenge-32,Boin,19,9
2026-09-02,modern-challenge-32-2026-09-0212853730,challenge-32,Ale_Mtg,20,9
2026-09-02,modern-challenge-32-2026-09-0212853730,challenge-32,Selfeisek,21,9
2026-09-02,modern-challenge-32-2026-09-0212853730,challenge-32,MattTumavitch13,22,9
2026-09-02,modern-challenge-32-2026-09-0212853730,challenge-32,Manny-,23,9
2026-09-02,modern-challenge-32-2026-09-0212853730,challenge-32,golfsapao,24,9
2026-09-02,modern-challenge-32-2026-09-0212853730,challenge-32,FranBenitez91,25,9
2026-09-02,modern-challenge-32-2026-09-0212853730,challenge-32,levunga21,26,9
2026-09-02,modern-challenge-32-2026-09-0212853730,challenge-32,HouseOfManaMTG,27,9
2026-09-02,modern-challenge-32-2026-09-0212853730,challenge-32,SpecterTurtle,28,9
2026-09-02,modern-challenge-32-2026-09-0212853730,challenge-32,Chichichi,29,6
2026-09-02,modern-challenge-32-2026-09-0212853730,challenge-32,Univerce,30,6
2026-09-02,modern-challenge-32-2026-09-0212853730,challenge-32,Savior0117,31,6
2026-09-02,modern-challenge-32-2026-09-0212853730,challenge-32,i_b_TRUE,32,6
2026-09-02,modern-league-2026-09-0210983,league,Arcbound_Papi,,
2026-09-02,modern-league-2026-09-0210983,league,Blinkmoth-Nexus,,
2026-09-02,modern-league-2026-09-0210983,league,BrainsickHater,,
2026-09-02,modern-league-2026-09-0210983,league,DB_MurkPie,,
2026-09-02,modern-league-2026-09-0210983,league,Deathnote1999,,
2026-09-02,modern-league-2026-09-0210983,league,Deulotar,,
2026-09-02,modern-league-2026-09-0210983,league,EBlaster,,
2026-09-02,modern-league-2026-09-0210983,league,Eternal523,,
2026-09-02,modern-league-2026-09-0210983,league,Greggu,,
2026-09-02,modern-league-2026-09-0210983,league,HDG_BorisE,,
2026-09-02,modern-league-2026-09-0210983,league,JoaoCelestini,,
2026-09-02,modern-league-2026-09-0210983,league,Jselzo,,
2026-09-02,modern-league-2026-09-0210983,league,Kakoijelev,,
2026-09-02,modern-league-2026-09-0210983,league,KangXiaotian,,
2026-09-02,modern-league-2026-09-0210983,league,KangarooDrew,,
2026-09-02,modern-league-2026-09-0210983,league,MTGPacks,,
2026-09-02,modern-league-2026-09-0210983,league,Maede,,
2026-09-02,modern-league-2026-09-0210983,league,MelissingOut,,
2026-09-02,modern-league-2026-09-0210983,league,Minuet,,
2026-09-02,modern-league-2026-09-0210983,league,NJ5030,,
2026-09-02,modern-league-2026-09-0210983,league,PaulPatrick,,
2026-09-02,modern-league-2026-09-0210983,league,Peytis,,
2026-09-02,modern-league-2026-09-0210983,league,Sol0monGrundy,,
2026-09-02,modern-league-2026-09-0210983,league,SomethinStupid,,
2026-09-02,modern-league-2026-09-0210983,league,TOP_AI,,
2026-09-02,modern-league-2026-09-0210983,league,TYPEWOG,,
2026-09-02,modern-league-2026-09-0210983,league,UninspiredMehjagic,,
2026-09-02,modern-league-2026-09-0210983,league,azax,,
2026-09-02,modern-league-2026-09-0210983,league,bakkenal,,
2026-09-02,modern-league-2026-09-0210983,league,batikang,,
2026-09-02,modern-league-2026-09-0210983,league,bushe,,
2026-09-02,modern-league-2026-09-0210983,league,cart02,,
2026-09-02,modern-league-2026-09-0210983,league,drklutch,,
2026-09-02,modern-league-2026-09-0210983,league,eclipse4343,,
2026-09-02,modern-league-2026-09-0210983,league,iltinu_mtg,,
2026-09-02,modern-league-2026-09-0210983,league,kaytodaz77,,
2026-09-02,modern-league-2026-09-0210983,league,masongrode,,
2026-09-02,modern-league-2026-09-0210983,league,meanfannypack,,
2026-09-02,modern-league-2026-09-0210983,league,mechrataal,,
2026-09-02,modern-league-2026-09-0210983,league,shown117,,
2026-09-02,modern-league-2026-09-0210983,league,surgetemelo,,
2026-09-02,modern-league-2026-09-0210983,league,takeInitiative,,
2026-09-02,modern-league-2026-09-0210983,league,tvincent,,
2026-09-02,modern-league-2026-09-0210983,league,tylerthememer,,
2026-09-02,modern-league-2026-09-0210983,league,vinnyrussian123,,
2026-09-03,modern-challenge-64-2026-09-0312853667,challenge-64,Varo,1,18
2026-09-03,modern-challenge-64-2026-09-0312853667,challenge-64,scipios,2,18
2026-09-03,modern-challenge-64-2026-09-0312853667,challenge-64,OafMcNamara,3,21
2026-09-03,modern-challenge-64-2026-09-0312853667,challenge-64,Chichichi,4,18
2026-09-03,modern-challenge-64-2026-09-0312853667,challenge-64,KingCapivara,5,18
2026-09-03,modern-challenge-64-2026-09-0312853667,challenge-64,Lightspirit,6,18
2026-09-03,modern-challenge-64-2026-09-0312853667,challenge-64,kthanakit26,7,18
2026-09-03,modern-challenge-64-2026-09-0312853667,challenge-64,cnoz,8,15
2026-09-03,modern-challenge-64-2026-09-0312853667,challenge-64,MeninooNey,9,15
2026-09-03,modern-challenge-64-2026-09-0312853667,challenge-64,rastaf,10,15
2026-09-03,modern-challenge-64-2026-09-0312853667,challenge-64,Thunus,11,15
2026-09-03,modern-challenge-64-2026-09-0312853667,challenge-64,Habitante_do_Escuro,12,15
2026-09-03,modern-challenge-64-2026-09-0312853667,challenge-64,Alakai,13,15
2026-09-03,modern-challenge-64-2026-09-0312853667,challenge-64,Nangurus,14,15
2026-09-03,modern-challenge-64-2026-09-0312853667,challenge-64,TomBombadi1,15,15
2026-09-03,modern-challenge-64-2026-09-0312853667,challenge-64,AzureMoon,16,15
2026-09-03,modern-challenge-64-2026-09-0312853667,challenge-64,WadeB,17,15
2026-09-03,modern-challenge-64-2026-09-0312853667,challenge-64,GzusReturned,18,15
2026-09-03,modern-challenge-64-2026-09-0312853667,challenge-64,yeojlil,19,15
2026-09-03,modern-challenge-64-2026-09-0312853667,challenge-64,haoqinglangou,20,15
2026-09-03,modern-challenge-64-2026-09-0312853667,challenge-64,manohito,21,15
2026-09-03,modern-challenge-64-2026-09-0312853667,challenge-64,xl_snapcaster,22,12
2026-09-03,modern-challenge-64-2026-09-0312853667,challenge-64,alexeezayyy,23,12
2026-09-03,modern-challenge-64-2026-09-0312853667,challenge-64,liuyuchen,24,12
2026-09-03,modern-challenge-64-2026-09-0312853667,challenge-64,Watchwolf92,25,12
2026-09-03,modern-challenge-64-2026-09-0312853667,challenge-64,PoderosissimoNinja,26,12
2026-09-03,modern-challenge-64-2026-09-0312853667,challenge-64,_Falcon_,27,12
2026-09-03,modern-challenge-64-2026-09-0312853667,challenge-64,Ares80,28,12
2026-09-03,modern-challenge-64-2026-09-0312853667,challenge-64,Pallocchia314,29,12
2026-09-03,modern-challenge-64-2026-09-0312853667,challenge-64,Mistakenn,30,12
2026-09-03,modern-challenge-64-2026-09-0312853667,challenge-64,makaaaa,31,12
2026-09-03,modern-challenge-64-2026-09-0312853667,challenge-64,tuckedaway,32,12
2026-09-03,modern-league-2026-09-0310983,league,2360299909,,
2026-09-03,modern-league-2026-09-0310983,league,ATXroy,,
2026-09-03,modern-league-2026-09-0310983,league,Accio,,
2026-09-03,modern-league-2026-09-0310983,league,Anonieme_Max,,
2026-09-03,modern-league-2026-09-0310983,league,Arcbound_Papi,,
2026-09-03,modern-league-2026-09-0310983,league,Argtigg,,
2026-09-03,modern-league-2026-09-0310983,league,AwesomPossum,,
2026-09-03,modern-league-2026-09-0310983,league,AzNsOuL,,
2026-09-03,modern-league-2026-09-0310983,league,BadSandwichMan,,
2026-09-03,modern-league-2026-09-0310983,league,CandleOfTawnos,,
2026-09-03,modern-league-2026-09-0310983,league,Comrade1312,,
2026-09-03,modern-league-2026-09-0310983,league,CookieKid00,,
2026-09-03,modern-league-2026-09-0310983,league,CptNixon,,
2026-09-03,modern-league-2026-09-0310983,league,Crosis886,,
2026-09-03,modern-league-2026-09-0310983,league,DB_DackFayden7,,
2026-09-03,modern-league-2026-09-0310983,league,Daanmtg,,
2026-09-03,modern-league-2026-09-0310983,league,Dasikk,,
2026-09-03,modern-league-2026-09-0310983,league,Falco_Lombardi,,
2026-09-03,modern-league-2026-09-0310983,league,IntrepidZero,,
2026-09-03,modern-league-2026-09-0310983,league,LegacyGrinder,,
2026-09-03,modern-league-2026-09-0310983,league,McMasterJ,,
2026-09-03,modern-league-2026-09-0310983,league,Minuet,,
2026-09-03,modern-league-2026-09-0310983,league,Moudou,,
2026-09-03,modern-league-2026-09-0310983,league,Nilsfit,,
2026-09-03,modern-league-2026-09-0310983,league,Octarium_,,
2026-09-03,modern-league-2026-09-0310983,league,Off1ine__,,
2026-09-03,modern-league-2026-09-0310983,league,PTarts2win,,
2026-09-03,modern-league-2026-09-0310983,league,Razielman,,
2026-09-03,modern-league-2026-09-0310983,league,TTongues,,
2026-09-03,modern-league-2026-09-0310983,league,TheAdonis,,
2026-09-03,modern-league-2026-09-0310983,league,TheColorOfBoom,,
2026-09-03,modern-league-2026-09-0310983,league,TheJudester,,
2026-09-03,modern-league-2026-09-0310983,league,WhiteNinja,,
2026-09-03,modern-league-2026-09-0310983,league,WoodwardUppr,,
2026-09-03,modern-league-2026-09-0310983,league,Xcuchep,,
2026-09-03,modern-league-2026-09-0310983,league,Zayle,,
2026-09-03,modern-league-2026-09-0310983,league,Zoza,,
2026-09-03,modern-league-2026-09-0310983,league,bananadisaster,,
2026-09-03,modern-league-2026-09-0310983,league,hiroshima3310,,
2026-09-03,modern-league-2026-09-0310983,league,iHuman,,
2026-09-03,modern-league-2026-09-0310983,league,mechrataal,,
2026-09-03,modern-league-2026-09-0310983,league,monste94,,
2026-09-03,modern-league-2026-09-0310983,league,mwatts10,,
2026-09-03,modern-league-2026-09-0310983,league,peterhmasters,,
2026-09-03,modern-league-2026-09-0310983,league,prescience6631,,
2026-09-03,modern-league-2026-09-0310983,league,prophopper,,
2026-09-03,modern-league-2026-09-0310983,league,ryanok96,,
2026-09-03,modern-league-2026-09-0310983,league,spartan1zac,,
2026-09-03,modern-league-2026-09-0310983,league,spk0103,,
2026-09-03,modern-league-2026-09-0310983,league,undique,,
2026-09-03,modern-league-2026-09-0310983,league,yunyu1234,,
2026-09-04,modern-challenge-64-2026-09-0412853677,challenge-64,Watchwolf92,1,18
2026-09-04,modern-challenge-64-2026-09-0412853677,challenge-64,D00mwake,2,18
2026-09-04,modern-challenge-64-2026-09-0412853677,challenge-64,xl_snapcaster,3,18
2026-09-04,modern-challenge-64-2026-09-0412853677,challenge-64,pepeteam,4,18
2026-09-04,modern-challenge-64-2026-09-0412853677,challenge-64,Retrisma,5,18
2026-09-04,modern-challenge-64-2026-09-0412853677,challenge-64,Uagli1,6,18
2026-09-04,modern-challenge-64-2026-09-0412853677,challenge-64,Thunus,7,18
2026-09-04,modern-challenge-64-2026-09-0412853677,challenge-64,rastaf,8,15
2026-09-04,modern-challenge-64-2026-09-0412853677,challenge-64,LordEgg,9,15
2026-09-04,modern-challenge-64-2026-09-0412853677,challenge-64,unagieel,10,15
2026-09-04,modern-challenge-64-2026-09-0412853677,challenge-64,Rosiedog88,11,15
2026-09-04,modern-challenge-64-2026-09-0412853677,challenge-64,Cachorrowo,12,15
2026-09-04,modern-challenge-64-2026-09-0412853677,challenge-64,Serosocram,13,15
2026-09-04,modern-challenge-64-2026-09-0412853677,challenge-64,RitualGlitchZ,14,15
2026-09-04,modern-challenge-64-2026-09-0412853677,challenge-64,Tetsubou,15,15
2026-09-04,modern-challenge-64-2026-09-0412853677,challenge-64,TrueHero,16,15
2026-09-04,modern-challenge-64-2026-09-0412853677,challenge-64,DeepDisherino,17,15
2026-09-04,modern-challenge-64-2026-09-0412853677,challenge-64,RigelWeenie,18,15
2026-09-04,modern-challenge-64-2026-09-0412853677,challenge-64,MeninoNey,19,15
2026-09-04,modern-challenge-64-2026-09-0412853677,challenge-64,Habitante_do_Escuro,20,15
2026-09-04,modern-challenge-64-2026-09-0412853677,challenge-64,RTR_,21,15
2026-09-04,modern-challenge-64-2026-09-0412853677,challenge-64,Nuserdog,22,15
2026-09-04,modern-challenge-64-2026-09-0412853677,challenge-64,ipadkid,23,15
2026-09-04,modern-challenge-64-2026-09-0412853677,challenge-64,DayBreakMe,24,15
2026-09-04,modern-challenge-64-2026-09-0412853677,challenge-64,nahuel10,25,12
2026-09-04,modern-challenge-64-2026-09-0412853677,challenge-64,quinniac,26,12
2026-09-04,modern-challenge-64-2026-09-0412853677,challenge-64,FranBenitez91,27,12
2026-09-04,modern-challenge-64-2026-09-0412853677,challenge-64,TuesdayTheThird,28,12
2026-09-04,modern-challenge-64-2026-09-0412853677,challenge-64,MdvWin,29,12
2026-09-04,modern-challenge-64-2026-09-0412853677,challenge-64,Phryziel,30,12
2026-09-04,modern-challenge-64-2026-09-0412853677,challenge-64,bozo2112,31,12
2026-09-04,modern-challenge-64-2026-09-0412853677,challenge-64,Mikebrav,32,12
2026-09-04,modern-league-2026-09-0410983,league,5anity,,
2026-09-04,modern-league-2026-09-0410983,league,AndySCWilson,,
2026-09-04,modern-league-2026-09-0410983,league,AwesomPossum,,
2026-09-04,modern-league-2026-09-0410983,league,BananaJim22,,
2026-09-04,modern-league-2026-09-0410983,league,DB_Beekeeper,,
2026-09-04,modern-league-2026-09-0410983,league,DB_Mengu,,
2026-09-04,modern-league-2026-09-0410983,league,Daking3603,,
2026-09-04,modern-league-2026-09-0410983,league,DannyStarchild,,
2026-09-04,modern-league-2026-09-0410983,league,Deathmaxx,,
2026-09-04,modern-league-2026-09-0410983,league,Dreadfl,,
2026-09-04,modern-league-2026-09-0410983,league,FranceElite,,
2026-09-04,modern-league-2026-09-0410983,league,FulmineVeloce,,
2026-09-04,modern-league-2026-09-0410983,league,GABGUIMOND,,
2026-09-04,modern-league-2026-09-0410983,league,GinkoHS,,
2026-09-04,modern-league-2026-09-0410983,league,GoleadoR9,,
2026-09-04,modern-league-2026-09-0410983,league,Houseburner,,
2026-09-04,modern-league-2026-09-0410983,league,Im_Yer_Huckleberry,,
2026-09-04,modern-league-2026-09-0410983,league,Jrediens,,
2026-09-04,modern-league-2026-09-0410983,league,Kai_Worldz,,
2026-09-04,modern-league-2026-09-0410983,league,Mattmatic,,
2026-09-04,modern-league-2026-09-0410983,league,NickBolas90,,
2026-09-04,modern-league-2026-09-0410983,league,ODlS,,
2026-09-04,modern-league-2026-09-0410983,league,Octarium_,,
2026-09-04,modern-league-2026-09-0410983,league,PharmD_MTG,,
2026-09-04,modern-league-2026-09-0410983,league,Pleyboy,,
2026-09-04,modern-league-2026-09-0410983,league,Rack,,
2026-09-04,modern-league-2026-09-0410983,league,Savior0117,,
2026-09-04,modern-league-2026-09-0410983,league,ShowTime_,,
2026-09-04,modern-league-2026-09-0410983,league,SizzleSkeleton,,
2026-09-04,modern-league-2026-09-0410983,league,Spezzagatti23,,
2026-09-04,modern-league-2026-09-0410983,league,TheMeatMan,,
2026-09-04,modern-league-2026-09-0410983,league,Tyuhan,,
2026-09-04,modern-league-2026-09-0410983,league,Vitas,,
2026-09-04,modern-league-2026-09-0410983,league,azax,,
2026-09-04,modern-league-2026-09-0410983,league,bbotonline,,
2026-09-04,modern-league-2026-09-0410983,league,big6ybois,,
2026-09-04,modern-league-2026-09-0410983,league,bokk,,
2026-09-04,modern-league-2026-09-0410983,league,chinotron23,,
2026-09-04,modern-league-2026-09-0410983,league,choccy_milk,,
2026-09-04,modern-league-2026-09-0410983,league,cy411304,,
2026-09-04,modern-league-2026-09-0410983,league,eMJay0202,,
2026-09-04,modern-league-2026-09-0410983,league,fengchangle0625,,
2026-09-04,modern-league-2026-09-0410983,league,frenzyofexultations,,
2026-09-04,modern-league-2026-09-0410983,league,hellisreal,,
2026-09-04,modern-league-2026-09-0410983,league,henry_morehouse,,
2026-09-04,modern-league-2026-09-0410983,league,hyyy1,,
2026-09-04,modern-league-2026-09-0410983,league,kld7,,
2026-09-04,modern-league-2026-09-0410983,league,littesir095,,
2026-09-04,modern-league-2026-09-0410983,league,maear,,
2026-09-04,modern-league-2026-09-0410983,league,marios3388,,
2026-09-04,modern-league-2026-09-0410983,league,mechrataal,,
2026-09-04,modern-league-2026-09-0410983,league,mechrataal,,
2026-09-04,modern-league-2026-09-0410983,league,monste94,,
2026-09-04,modern-league-2026-09-0410983,league,peterhmasters,,
2026-09-04,modern-league-2026-09-0410983,league,schnuckelpeter,,
2026-09-04,modern-league-2026-09-0410983,league,shinubi,,
2026-09-04,modern-league-2026-09-0410983,league,surgetemelo,,
2026-09-05,modern-challenge-16-2026-09-0512853780,challenge-16,ryuumei,1,12
2026-09-05,modern-challenge-16-2026-09-0512853780,challenge-16,RespectTheCat,2,12
2026-09-05,modern-challenge-16-2026-09-0512853780,challenge-16,imthekiing,3,15
2026-09-05,modern-challenge-16-2026-09-0512853780,challenge-16,DelverOfBolts,4,12
2026-09-05,modern-challenge-16-2026-09-0512853780,challenge-16,JPA93,5,18
2026-09-05,modern-challenge-16-2026-09-0512853780,challenge-16,nahuel10,6,15
2026-09-05,modern-challenge-16-2026-09-0512853780,challenge-16,Foxantes,7,15
2026-09-05,modern-challenge-16-2026-09-0512853780,challenge-16,bozo2112,8,12
2026-09-05,modern-challenge-16-2026-09-0512853780,challenge-16,svessesvv,9,12
2026-09-05,modern-challenge-16-2026-09-0512853780,challenge-16,TheRightStuff,10,12
2026-09-05,modern-challenge-16-2026-09-0512853780,challenge-16,kePs,11,12
2026-09-05,modern-challenge-16-2026-09-0512853780,challenge-16,narca,12,12
2026-09-05,modern-challenge-16-2026-09-0512853780,challenge-16,AzureMoon,13,12
2026-09-05,modern-challenge-16-2026-09-0512853780,challenge-16,touto_Isle,14,12
2026-09-05,modern-challenge-16-2026-09-0512853780,challenge-16,kattsu,15,9
2026-09-05,modern-challenge-16-2026-09-0512853780,challenge-16,Suechtler,16,9
2026-09-05,modern-challenge-16-2026-09-0512853780,challenge-16,DemianDesposito10,17,9
2026-09-05,modern-challenge-16-2026-09-0512853780,challenge-16,Preparation,18,9
2026-09-05,modern-challenge-16-2026-09-0512853780,challenge-16,swff,19,9
2026-09-05,modern-challenge-16-2026-09-0512853780,challenge-16,UomoComune26490,20,9
2026-09-05,modern-challenge-16-2026-09-0512853780,challenge-16,JV_7777,21,9
2026-09-05,modern-challenge-16-2026-09-0512853780,challenge-16,ClaymoreTobi,22,9
2026-09-05,modern-challenge-16-2026-09-0512853780,challenge-16,GiestOfIWin,23,6
2026-09-05,modern-challenge-16-2026-09-0512853780,challenge-16,Pompuskaya,24,6
2026-09-05,modern-challenge-16-2026-09-0512853780,challenge-16,HouseOfManaMTG,25,6
2026-09-05,modern-challenge-16-2026-09-0512853780,challenge-16,KaosNiller,26,6
2026-09-05,modern-challenge-16-2026-09-0512853780,challenge-16,Barneygumbal,27,6
2026-09-05,modern-challenge-16-2026-09-0512853780,challenge-16,Nangurus,28,6
2026-09-05,modern-challenge-16-2026-09-0512853780,challenge-16,Argtigg,29,3
2026-09-05,modern-challenge-16-2026-09-0512853780,challenge-16,soggymeatball,30,3
2026-09-05,modern-challenge-16-2026-09-0512853780,challenge-16,E_Kaminuma,31,3
2026-09-05,modern-challenge-16-2026-09-0512853780,challenge-16,FakeShaver,32,3
2026-09-05,modern-challenge-32-2026-09-0512853849,challenge-32,Reiam,1,12
2026-09-05,modern-challenge-32-2026-09-0512853849,challenge-32,keyaki,2,15
2026-09-05,modern-challenge-32-2026-09-0512853849,challenge-32,Kritik,3,18
2026-09-05,modern-challenge-32-2026-09-0512853849,challenge-32,gazmon48,4,12
2026-09-05,modern-challenge-32-2026-09-0512853849,challenge-32,Proxymoron,5,15
2026-09-05,modern-challenge-32-2026-09-0512853849,challenge-32,toothymtg,6,15
2026-09-05,modern-challenge-32-2026-09-0512853849,challenge-32,manohito,7,15
2026-09-05,modern-challenge-32-2026-09-0512853849,challenge-32,Cachorrowo,8,12
2026-09-05,modern-challenge-32-2026-09-0512853849,challenge-32,Fransadness,9,12
2026-09-05,modern-challenge-32-2026-09-0512853849,challenge-32,Manny-,10,12
2026-09-05,modern-challenge-32-2026-09-0512853849,challenge-32,nahuel10,11,12
2026-09-05,modern-challenge-32-2026-09-0512853849,challenge-32,musasabi,12,12
2026-09-05,modern-challenge-32-2026-09-0512853849,challenge-32,katuo079595,13,12
2026-09-05,modern-challenge-32-2026-09-0512853849,challenge-32,LukeBrandes,14,12
2026-09-05,modern-challenge-32-2026-09-0512853849,challenge-32,bayjen_,15,12
2026-09-05,modern-challenge-32-2026-09-0512853849,challenge-32,lilcreacher,16,12
2026-09-05,modern-challenge-32-2026-09-0512853849,challenge-32,MrGomez,17,12
2026-09-05,modern-challenge-32-2026-09-0512853849,challenge-32,Pompuskaya,18,12
2026-09-05,modern-challenge-32-2026-09-0512853849,challenge-32,2360299909,19,12
2026-09-05,modern-challenge-32-2026-09-0512853849,challenge-32,xl_snapcaster,20,9
2026-09-05,modern-challenge-32-2026-09-0512853849,challenge-32,MyrRetriever,21,9
2026-09-05,modern-challenge-32-2026-09-0512853849,challenge-32,Bryzem1,22,9
2026-09-05,modern-challenge-32-2026-09-0512853849,challenge-32,Certified_Noob,23,9
2026-09-05,modern-challenge-32-2026-09-0512853849,challenge-32,Slatorade,24,9
2026-09-05,modern-challenge-32-2026-09-0512853849,challenge-32,Selfeisek,25,9
2026-09-05,modern-challenge-32-2026-09-0512853849,challenge-32,JV_7777,26,9
2026-09-05,modern-challenge-32-2026-09-0512853849,challenge-32,AldenCates,27,9
2026-09-05,modern-challenge-32-2026-09-0512853849,challenge-32,quinniac,28,9
2026-09-05,modern-challenge-32-2026-09-0512853849,challenge-32,LucasG1ggs,29,9
2026-09-05,modern-challenge-32-2026-09-0512853849,challenge-32,Killah_SUV,30,9
2026-09-05,modern-challenge-32-2026-09-0512853849,challenge-32,Piglet,31,6
2026-09-05,modern-challenge-32-2026-09-0512853849,challenge-32,WhiteNinja,32,6
2026-09-05,modern-challenge-64-2026-09-0512853688,challenge-64,hugofreitas1,1,21
2026-09-05,modern-challenge-64-2026-09-0512853688,challenge-64,Gobern,2,18
2026-09-05,modern-challenge-64-2026-09-0512853688,challenge-64,Chichichi,3,18
2026-09-05,modern-challenge-64-2026-09-0512853688,challenge-64,TheSandwichKing,4,18
2026-09-05,modern-challenge-64-2026-09-0512853688,challenge-64,Manny-,5,18
2026-09-05,modern-challenge-64-2026-09-0512853688,challenge-64,MayoDominaria,6,18
2026-09-05,modern-challenge-64-2026-09-0512853688,challenge-64,almostomniscient,7,18
2026-09-05,modern-challenge-64-2026-09-0512853688,challenge-64,MyrRetriever,8,18
2026-09-05,modern-challenge-64-2026-09-0512853688,challenge-64,VioletStardust,9,15
2026-09-05,modern-challenge-64-2026-09-0512853688,challenge-64,el-pollo-lolo,10,15
2026-09-05,modern-challenge-64-2026-09-0512853688,challenge-64,HippoxDragon,11,15
2026-09-05,modern-challenge-64-2026-09-0512853688,challenge-64,TrainInsane,12,15
2026-09-05,modern-challenge-64-2026-09-0512853688,challenge-64,JuanmaAT,13,15
2026-09-05,modern-challenge-64-2026-09-0512853688,challenge-64,mtbWolf,14,15
2026-09-05,modern-challenge-64-2026-09-0512853688,challenge-64,GinkoHS,15,15
2026-09-05,modern-challenge-64-2026-09-0512853688,challenge-64,TerminalJustice,16,15
2026-09-05,modern-challenge-64-2026-09-0512853688,challenge-64,Varo,17,15
2026-09-05,modern-challenge-64-2026-09-0512853688,challenge-64,yourbunnywr0te,18,15
2026-09-05,modern-challenge-64-2026-09-0512853688,challenge-64,pepeteam,19,15
2026-09-05,modern-challenge-64-2026-09-0512853688,challenge-64,acelerado440,20,15
2026-09-05,modern-challenge-64-2026-09-0512853688,challenge-64,bobthedog,21,15
2026-09-05,modern-challenge-64-2026-09-0512853688,challenge-64,surgetemelo,22,15
2026-09-05,modern-challenge-64-2026-09-0512853688,challenge-64,RitualGlitchZ,23,15
2026-09-05,modern-challenge-64-2026-09-0512853688,challenge-64,DerpityDerpz,24,15
2026-09-05,modern-challenge-64-2026-09-0512853688,challenge-64,MattTumavitch13,25,15
2026-09-05,modern-challenge-64-2026-09-0512853688,challenge-64,kePs,26,15
2026-09-05,modern-challenge-64-2026-09-0512853688,challenge-64,BressD1,27,12
2026-09-05,modern-challenge-64-2026-09-0512853688,challenge-64,Frazzoilpazzo,28,12
2026-09-05,modern-challenge-64-2026-09-0512853688,challenge-64,Polikasoll,29,12
2026-09-05,modern-challenge-64-2026-09-0512853688,challenge-64,Patxi,30,12
2026-09-05,modern-challenge-64-2026-09-0512853688,challenge-64,TrueHero,31,12
2026-09-05,modern-challenge-64-2026-09-0512853688,challenge-64,Suechtler,32,12
2026-09-05,modern-league-2026-09-0510983,league,AcousticSverre,,
2026-09-05,modern-league-2026-09-0510983,league,Akosmismus,,
2026-09-05,modern-league-2026-09-0510983,league,Alan07,,
2026-09-05,modern-league-2026-09-0510983,league,Alozzk,,
2026-09-05,modern-league-2026-09-0510983,league,Angrenos,,
2026-09-05,modern-league-2026-09-0510983,league,Anonieme_Max,,
2026-09-05,modern-league-2026-09-0510983,league,Aschop,,
2026-09-05,modern-league-2026-09-0510983,league,Ashigaruu,,
2026-09-05,modern-league-2026-09-0510983,league,BLJ,,
2026-09-05,modern-league-2026-09-0510983,league,BadSandwichMan,,
2026-09-05,modern-league-2026-09-0510983,league,Control_is_kinda_bad,,
2026-09-05,modern-league-2026-09-0510983,league,DB_Control4Daze,,
2026-09-05,modern-league-2026-09-0510983,league,Dasikk,,
2026-09-05,modern-league-2026-09-0510983,league,Dibacabo,,
2026-09-05,modern-league-2026-09-0510983,league,GR_DONKIN,,
2026-09-05,modern-league-2026-09-0510983,league,Giltspire,,
2026-09-05,modern-league-2026-09-0510983,league,HDG_BorisE,,
2026-09-05,modern-league-2026-09-0510983,league,HawkCH,,
2026-09-05,modern-league-2026-09-0510983,league,M0GG_Fanat1c,,
2026-09-05,modern-league-2026-09-0510983,league,MFJohan,,
2026-09-05,modern-league-2026-09-0510983,league,Marvin_Dalkiri,,
2026-09-05,modern-league-2026-09-0510983,league,Mixz,,
2026-09-05,modern-league-2026-09-0510983,league,MoBeatS,,
2026-09-05,modern-league-2026-09-0510983,league,MyrRetriever,,
2026-09-05,modern-league-2026-09-0510983,league,NJ5030,,
2026-09-05,modern-league-2026-09-0510983,league,ODlS,,
2026-09-05,modern-league-2026-09-0510983,league,Pleyboy,,
2026-09-05,modern-league-2026-09-0510983,league,Porks,,
2026-09-05,modern-league-2026-09-0510983,league,RealGangStar,,
2026-09-05,modern-league-2026-09-0510983,league,Sheffielddeckwins,,
2026-09-05,modern-league-2026-09-0510983,league,Snoobie,,
2026-09-05,modern-league-2026-09-0510983,league,Snoobie,,
2026-09-05,modern-league-2026-09-0510983,league,Vitas,,
2026-09-05,modern-league-2026-09-0510983,league,Yojak3,,
2026-09-05,modern-league-2026-09-0510983,league,Yulo,,
2026-09-05,modern-league-2026-09-0510983,league,Yulo,,
2026-09-05,modern-league-2026-09-0510983,league,__BMJ__,,
2026-09-05,modern-league-2026-09-0510983,league,__Magic__Dan__,,
2026-09-05,modern-league-2026-09-0510983,league,aidiot,,
2026-09-05,modern-league-2026-09-0510983,league,azax,,
2026-09-05,modern-league-2026-09-0510983,league,azax,,
2026-09-05,modern-league-2026-09-0510983,league,chang1million,,
2026-09-05,modern-league-2026-09-0510983,league,emukae,,
2026-09-05,modern-league-2026-09-0510983,league,firstshot,,
2026-09-05,modern-league-2026-09-0510983,league,gabsgibbs,,
2026-09-05,modern-league-2026-09-0510983,league,ginta,,
2026-09-05,modern-league-2026-09-0510983,league,goron27,,
2026-09-05,modern-league-2026-09-0510983,league,haoqinglangou,,
2026-09-05,modern-league-2026-09-0510983,league,kePs,,
2026-09-05,modern-league-2026-09-0510983,league,keledin,,
2026-09-05,modern-league-2026-09-0510983,league,t-v,,
2026-09-05,modern-league-2026-09-0510983,league,yuhewang,,
2026-09-06,modern-challenge-64-2026-09-0612853693,challenge-64,FacadeJK,1,18
2026-09-06,modern-challenge-64-2026-09-0612853693,challenge-64,toothymtg,2,15
2026-09-06,modern-challenge-64-2026-09-0612853693,challenge-64,henry_morehouse,3,18
2026-09-06,modern-challenge-64-2026-09-0612853693,challenge-64,aidiot,4,15
2026-09-06,modern-challenge-64-2026-09-0612853693,challenge-64,DemianDesposito10,5,21
2026-09-06,modern-challenge-64-2026-09-0612853693,challenge-64,ionez,6,18
2026-09-06,modern-challenge-64-2026-09-0612853693,challenge-64,TheAdonis,7,18
2026-09-06,modern-challenge-64-2026-09-0612853693,challenge-64,narca,8,15
2026-09-06,modern-challenge-64-2026-09-0612853693,challenge-64,PrismaticPrism,9,15
2026-09-06,modern-challenge-64-2026-09-0612853693,challenge-64,Omegauo,10,15
2026-09-06,modern-challenge-64-2026-09-0612853693,challenge-64,SGMY95,11,15
2026-09-06,modern-challenge-64-2026-09-0612853693,challenge-64,Kollslaw,12,15
2026-09-06,modern-challenge-64-2026-09-0612853693,challenge-64,MattettaM,13,15
2026-09-06,modern-challenge-64-2026-09-0612853693,challenge-64,E_Kaminuma,14,15
2026-09-06,modern-challenge-64-2026-09-0612853693,challenge-64,bayjen_,15,15
2026-09-06,modern-challenge-64-2026-09-0612853693,challenge-64,Selfeisek,16,15
2026-09-06,modern-challenge-64-2026-09-0612853693,challenge-64,Vonducky,17,15
2026-09-06,modern-challenge-64-2026-09-0612853693,challenge-64,nv_goblin,18,12
2026-09-06,modern-challenge-64-2026-09-0612853693,challenge-64,BulletBombFTW,19,12
2026-09-06,modern-challenge-64-2026-09-0612853693,challenge-64,Ashigaruu,20,12
2026-09-06,modern-challenge-64-2026-09-0612853693,challenge-64,LukeBrandes,21,12
2026-09-06,modern-challenge-64-2026-09-0612853693,challenge-64,felider,22,12
2026-09-06,modern-challenge-64-2026-09-0612853693,challenge-64,Tetsubou,23,12
2026-09-06,modern-challenge-64-2026-09-0612853693,challenge-64,marito9911,24,12
2026-09-06,modern-challenge-64-2026-09-0612853693,challenge-64,tibalt_of_red_sub,25,12
2026-09-06,modern-challenge-64-2026-09-0612853693,challenge-64,manohito,26,12
2026-09-06,modern-challenge-64-2026-09-0612853693,challenge-64,Dasikk,27,12
2026-09-06,modern-challenge-64-2026-09-0612853693,challenge-64,nikroulah,28,12
2026-09-06,modern-challenge-64-2026-09-0612853693,challenge-64,Kritik,29,12
2026-09-06,modern-challenge-64-2026-09-0612853693,challenge-64,I_Cant_Read,30,12
2026-09-06,modern-challenge-64-2026-09-0612853693,challenge-64,chinotron23,31,12
2026-09-06,modern-challenge-64-2026-09-0612853693,challenge-64,arturcosta,32,12
2026-09-06,modern-challenge-64-2026-09-0612853698,challenge-64,almostomniscient,1,18
2026-09-06,modern-challenge-64-2026-09-0612853698,challenge-64,yama33,2,18
2026-09-06,modern-challenge-64-2026-09-0612853698,challenge-64,Aldreen,3,15
2026-09-06,modern-challenge-64-2026-09-0612853698,challenge-64,unagieel,4,15
2026-09-06,modern-challenge-64-2026-09-0612853698,challenge-64,acelerado440,5,18
2026-09-06,modern-challenge-64-2026-09-0612853698,challenge-64,yulinl,6,18
2026-09-06,modern-challenge-64-2026-09-0612853698,challenge-64,RCMerriam,7,18
2026-09-06,modern-challenge-64-2026-09-0612853698,challenge-64,Zoob5555,8,18
2026-09-06,modern-challenge-64-2026-09-0612853698,challenge-64,CavalloGoloso,9,15
2026-09-06,modern-challenge-64-2026-09-0612853698,challenge-64,WanderingOnes,10,15
2026-09-06,modern-challenge-64-2026-09-0612853698,challenge-64,papajohns,11,15
2026-09-06,modern-challenge-64-2026-09-0612853698,challenge-64,Arcbound_Papi,12,15
2026-09-06,modern-challenge-64-2026-09-0612853698,challenge-64,Akosmismus,13,15
2026-09-06,modern-challenge-64-2026-09-0612853698,challenge-64,JuanmaAT,14,15
2026-09-06,modern-challenge-64-2026-09-0612853698,challenge-64,Latorretta,15,15
2026-09-06,modern-challenge-64-2026-09-0612853698,challenge-64,bubblywubblytubbler,16,15
2026-09-06,modern-challenge-64-2026-09-0612853698,challenge-64,anttoms21,17,12
2026-09-06,modern-challenge-64-2026-09-0612853698,challenge-64,peter780108,18,12
2026-09-06,modern-challenge-64-2026-09-0612853698,challenge-64,TheLengend90,19,12
2026-09-06,modern-challenge-64-2026-09-0612853698,challenge-64,alessandro81,20,12
2026-09-06,modern-challenge-64-2026-09-0612853698,challenge-64,BressD1,21,12
2026-09-06,modern-challenge-64-2026-09-0612853698,challenge-64,mtbWolf,22,12
2026-09-06,modern-challenge-64-2026-09-0612853698,challenge-64,MyrRetriever,23,12
2026-09-06,modern-challenge-64-2026-09-0612853698,challenge-64,alexeezayyy,24,12
2026-09-06,modern-challenge-64-2026-09-0612853698,challenge-64,Ezra95,25,12
2026-09-06,modern-challenge-64-2026-09-0612853698,challenge-64,Kroma_,26,12
2026-09-06,modern-challenge-64-2026-09-0612853698,challenge-64,Lightspirit,27,12
2026-09-06,modern-challenge-64-2026-09-0612853698,challenge-64,Habitante_do_Escuro,28,12
2026-09-06,modern-challenge-64-2026-09-0612853698,challenge-64,GWT,29,12
2026-09-06,modern-challenge-64-2026-09-0612853698,challenge-64,_Batutinha_,30,12
2026-09-06,modern-challenge-64-2026-09-0612853698,challenge-64,HealthyEgo,31,12
2026-09-06,modern-challenge-64-2026-09-0612853698,challenge-64,pedronavaja,32,12
2026-09-06,modern-league-2026-09-0610983,league,Bodado,,
2026-09-06,modern-league-2026-09-0610983,league,Bolt_Vlitc_O,,
2026-09-06,modern-league-2026-09-0610983,league,BranniganLaw,,
2026-09-06,modern-league-2026-09-0610983,league,CNewman,,
2026-09-06,modern-league-2026-09-0610983,league,CNewman,,
2026-09-06,modern-league-2026-09-0610983,league,Certified_Noob,,
2026-09-06,modern-league-2026-09-0610983,league,Chichichi,,
2026-09-06,modern-league-2026-09-0610983,league,Dasikk,,
2026-09-06,modern-league-2026-09-0610983,league,December18,,
2026-09-06,modern-league-2026-09-0610983,league,Devoured,,
2026-09-06,modern-league-2026-09-0610983,league,DietMountainDew,,
2026-09-06,modern-league-2026-09-0610983,league,DreamsOfAshiok,,
2026-09-06,modern-league-2026-09-0610983,league,E90_DeliveryBoy,,
2026-09-06,modern-league-2026-09-0610983,league,Frejat,,
2026-09-06,modern-league-2026-09-0610983,league,Ganz87,,
2026-09-06,modern-league-2026-09-0610983,league,Gerschi,,
2026-09-06,modern-league-2026-09-0610983,league,Gods_Shadow,,
2026-09-06,modern-league-2026-09-0610983,league,Haricot-Rouge,,
2026-09-06,modern-league-2026-09-0610983,league,Hazzrd,,
2026-09-06,modern-league-2026-09-0610983,league,J4K3ST3R02,,
2026-09-06,modern-league-2026-09-0610983,league,Jonii,,
2026-09-06,modern-league-2026-09-0610983,league,Jselzo,,
2026-09-06,modern-league-2026-09-0610983,league,LindenPaine,,
2026-09-06,modern-league-2026-09-0610983,league,LukeBrandes,,
2026-09-06,modern-league-2026-09-0610983,league,Makitren,,
2026-09-06,modern-league-2026-09-0610983,league,MangledMeta,,
2026-09-06,modern-league-2026-09-0610983,league,Mateusf34,,
2026-09-06,modern-league-2026-09-0610983,league,MaxMedeiros,,
2026-09-06,modern-league-2026-09-0610983,league,PZGamer22,,
2026-09-06,modern-league-2026-09-0610983,league,PerkyT,,
2026-09-06,modern-league-2026-09-0610983,league,PerkyT,,
2026-09-06,modern-league-2026-09-0610983,league,PesE,,
2026-09-06,modern-league-2026-09-0610983,league,Pheipon,,
2026-09-06,modern-league-2026-09-0610983,league,Prixx,,
2026-09-06,modern-league-2026-09-0610983,league,Rvng,,
2026-09-06,modern-league-2026-09-0610983,league,Soseloso,,
2026-09-06,modern-league-2026-09-0610983,league,Th3L3gend27,,
2026-09-06,modern-league-2026-09-0610983,league,Thronhart,,
2026-09-06,modern-league-2026-09-0610983,league,TimonN,,
2026-09-06,modern-league-2026-09-0610983,league,Tjarem,,
2026-09-06,modern-league-2026-09-0610983,league,WestvalePreacher,,
2026-09-06,modern-league-2026-09-0610983,league,_must_be_nice,,
2026-09-06,modern-league-2026-09-0610983,league,avishai-elma,,
2026-09-06,modern-league-2026-09-0610983,league,azax,,
2026-09-06,modern-league-2026-09-0610983,league,azax,,
2026-09-06,modern-league-2026-09-0610983,league,bamn20,,
2026-09-06,modern-league-2026-09-0610983,league,bubblywubblytubbler,,
2026-09-06,modern-league-2026-09-0610983,league,d_peliser,,
2026-09-06,modern-league-2026-09-0610983,league,fyknight,,
2026-09-06,modern-league-2026-09-0610983,league,jakobpablo,,
2026-09-06,modern-league-2026-09-0610983,league,kynrayn,,
2026-09-06,modern-league-2026-09-0610983,league,mERAZED,,
2026-09-06,modern-league-2026-09-0610983,league,mechrataal,,
2026-09-06,modern-league-2026-09-0610983,league,msmayer,,
2026-09-06,modern-league-2026-09-0610983,league,myk_60_csa,,
2026-09-06,modern-league-2026-09-0610983,league,peterhmasters,,
2026-09-06,modern-league-2026-09-0610983,league,qmcgarry45,,
2026-09-06,modern-league-2026-09-0610983,league,ulikonmidic,,
2026-09-06,modern-league-2026-09-0610983,league,xl_snapcaster,,
2026-09-07,modern-challenge-64-2026-09-0712853706,challenge-64,renatoaraujo,1,21
2026-09-07,modern-challenge-64-2026-09-0712853706,challenge-64,mlex,2,15
2026-09-07,modern-challenge-64-2026-09-0712853706,challenge-64,rastaf,3,18
2026-09-07,modern-challenge-64-2026-09-0712853706,challenge-64,toothymtg,4,18
2026-09-07,modern-challenge-64-2026-09-0712853706,challenge-64,duanceyao,5,18
2026-09-07,modern-challenge-64-2026-09-0712853706,challenge-64,Peytis,6,18
2026-09-07,modern-challenge-64-2026-09-0712853706,challenge-64,Kollslaw,7,18
2026-09-07,modern-challenge-64-2026-09-0712853706,challenge-64,Bok_Choy_,8,15
2026-09-07,modern-challenge-64-2026-09-0712853706,challenge-64,zbogames,9,15
2026-09-07,modern-challenge-64-2026-09-0712853706,challenge-64,gazmon48,10,15
2026-09-07,modern-challenge-64-2026-09-0712853706,challenge-64,Roxas_13,11,15
2026-09-07,modern-challenge-64-2026-09-0712853706,challenge-64,Ashigaruu,12,15
2026-09-07,modern-challenge-64-2026-09-0712853706,challenge-64,SaradinDR,13,15
2026-09-07,modern-challenge-64-2026-09-0712853706,challenge-64,Manny-,14,15
2026-09-07,modern-challenge-64-2026-09-0712853706,challenge-64,EthanBird,15,15
2026-09-07,modern-challenge-64-2026-09-0712853706,challenge-64,ipadkid,16,15
2026-09-07,modern-challenge-64-2026-09-0712853706,challenge-64,ejk,17,15
2026-09-07,modern-challenge-64-2026-09-0712853706,challenge-64,Lightspirit,18,15
2026-09-07,modern-challenge-64-2026-09-0712853706,challenge-64,Arcbound_Papi,19,15
2026-09-07,modern-challenge-64-2026-09-0712853706,challenge-64,gpowerone,20,15
2026-09-07,modern-challenge-64-2026-09-0712853706,challenge-64,quinniac,21,15
2026-09-07,modern-challenge-64-2026-09-0712853706,challenge-64,jakobpablo,22,15
2026-09-07,modern-challenge-64-2026-09-0712853706,challenge-64,DreamsOfAshiok,23,15
2026-09-07,modern-challenge-64-2026-09-0712853706,challenge-64,WhensMarvel,24,12
2026-09-07,modern-challenge-64-2026-09-0712853706,challenge-64,Piglet,25,12
2026-09-07,modern-challenge-64-2026-09-0712853706,challenge-64,Darkchrome6538,26,12
2026-09-07,modern-challenge-64-2026-09-0712853706,challenge-64,papajohns,27,12
2026-09-07,modern-challenge-64-2026-09-0712853706,challenge-64,qmcgarry45,28,12
2026-09-07,modern-challenge-64-2026-09-0712853706,challenge-64,KangXiaotian,29,12
2026-09-07,modern-challenge-64-2026-09-0712853706,challenge-64,btail08,30,12
2026-09-07,modern-challenge-64-2026-09-0712853706,challenge-64,Cachorrowo,31,12
2026-09-07,modern-challenge-64-2026-09-0712853706,challenge-64,NJ5030,32,12
2026-09-07,modern-challenge-96-2026-09-0712853708,challenge-96,powered_by_VANYA,1,24
2026-09-07,modern-challenge-96-2026-09-0712853708,challenge-96,RespectTheCat,2,21
2026-09-07,modern-challenge-96-2026-09-0712853708,challenge-96,Gobern,3,21
2026-09-07,modern-challenge-96-2026-09-0712853708,challenge-96,mommydom_manifesto,4,21
2026-09-07,modern-challenge-96-2026-09-0712853708,challenge-96,SomethinStupid,5,21
2026-09-07,modern-challenge-96-2026-09-0712853708,challenge-96,Mistakenn,6,18
2026-09-07,modern-challenge-96-2026-09-0712853708,challenge-96,Lightspirit,7,18
2026-09-07,modern-challenge-96-2026-09-0712853708,challenge-96,Dydyk95,8,18
2026-09-07,modern-challenge-96-2026-09-0712853708,challenge-96,duanceyao,9,18
2026-09-07,modern-challenge-96-2026-09-0712853708,challenge-96,Alakai,10,18
2026-09-07,modern-challenge-96-2026-09-0712853708,challenge-96,Razdan08,11,18
2026-09-07,modern-challenge-96-2026-09-0712853708,challenge-96,Redman1034,12,18
2026-09-07,modern-challenge-96-2026-09-0712853708,challenge-96,GMFischer,13,18
2026-09-07,modern-challenge-96-2026-09-0712853708,challenge-96,SpecterTurtle,14,18
2026-09-07,modern-challenge-96-2026-09-0712853708,challenge-96,manohito,15,18
2026-09-07,modern-challenge-96-2026-09-0712853708,challenge-96,pizzangry,16,18
2026-09-07,modern-challenge-96-2026-09-0712853708,challenge-96,Navigator_2505,17,18
2026-09-07,modern-challenge-96-2026-09-0712853708,challenge-96,Iaashadow,18,15
2026-09-07,modern-challenge-96-2026-09-0712853708,challenge-96,Dioferreira,19,15
2026-09-07,modern-challenge-96-2026-09-0712853708,challenge-96,Darthkid,20,15
2026-09-07,modern-challenge-96-2026-09-0712853708,challenge-96,MLGSKELETONS,21,15
2026-09-07,modern-challenge-96-2026-09-0712853708,challenge-96,_theMoonSage_,22,15
2026-09-07,modern-challenge-96-2026-09-0712853708,challenge-96,alexeezayyy,23,15
2026-09-07,modern-challenge-96-2026-09-0712853708,challenge-96,Kritik,24,15
2026-09-07,modern-challenge-96-2026-09-0712853708,challenge-96,Ryan_39,25,15
2026-09-07,modern-challenge-96-2026-09-0712853708,challenge-96,Dasikk,26,15
2026-09-07,modern-challenge-96-2026-09-0712853708,challenge-96,ShadowTitan1,27,15
2026-09-07,modern-challenge-96-2026-09-0712853708,challenge-96,Thunus,28,15
2026-09-07,modern-challenge-96-2026-09-0712853708,challenge-96,fazparte,29,15
2026-09-07,modern-challenge-96-2026-09-0712853708,challenge-96,oskiyaa,30,15
2026-09-07,modern-challenge-96-2026-09-0712853708,challenge-96,CNewman,31,15
2026-09-07,modern-challenge-96-2026-09-0712853708,challenge-96,O_danielakos,32,15
2026-09-07,modern-league-2026-09-0710983,league,1029384756,,
2026-09-07,modern-league-2026-09-0710983,league,1nsulin,,
2026-09-07,modern-league-2026-09-0710983,league,4c_PolG,,
2026-09-07,modern-league-2026-09-0710983,league,AndrePoca93,,
2026-09-07,modern-league-2026-09-0710983,league,Archengel,,
2026-09-07,modern-league-2026-09-0710983,league,Batominion,,
2026-09-07,modern-league-2026-09-0710983,league,Bayouu,,
2026-09-07,modern-league-2026-09-0710983,league,CHAR_AZNABLE,,
2026-09-07,modern-league-2026-09-0710983,league,Comrade1312,,
2026-09-07,modern-league-2026-09-0710983,league,Craig_Long123,,
2026-09-07,modern-league-2026-09-0710983,league,Crovax90,,
2026-09-07,modern-league-2026-09-0710983,league,DB_Stanley2099,,
2026-09-07,modern-league-2026-09-0710983,league,DarthStone,,
2026-09-07,modern-league-2026-09-0710983,league,Duddz_z,,
2026-09-07,modern-league-2026-09-0710983,league,Enzulos,,
2026-09-07,modern-league-2026-09-0710983,league,Fatcaster_Mage,,
2026-09-07,modern-league-2026-09-0710983,league,Galaxios,,
2026-09-07,modern-league-2026-09-0710983,league,HDG_BorisE,,
2026-09-07,modern-league-2026-09-0710983,league,HealthyEgo,,
2026-09-07,modern-league-2026-09-0710983,league,Heat_Se3king_Mi$sile,,
2026-09-07,modern-league-2026-09-0710983,league,Izme,,
2026-09-07,modern-league-2026-09-0710983,league,Jeans8bit,,
2026-09-07,modern-league-2026-09-0710983,league,JeromeAlce,,
2026-09-07,modern-league-2026-09-0710983,league,KangarooDrew,,
2026-09-07,modern-league-2026-09-0710983,league,KerlosOlmo,,
2026-09-07,modern-league-2026-09-0710983,league,KrauLMagic,,
2026-09-07,modern-league-2026-09-0710983,league,LakadMatataaag,,
2026-09-07,modern-league-2026-09-0710983,league,MuffN,,
2026-09-07,modern-league-2026-09-0710983,league,MynameisSylar,,
2026-09-07,modern-league-2026-09-0710983,league,NathanOfTheGiltLeaf,,
2026-09-07,modern-league-2026-09-0710983,league,RSAX,,
2026-09-07,modern-league-2026-09-0710983,league,Radder,,
2026-09-07,modern-league-2026-09-0710983,league,ReservoirMog,,
2026-09-07,modern-league-2026-09-0710983,league,Ryan_39,,
2026-09-07,modern-league-2026-09-0710983,league,ShzockChan,,
2026-09-07,modern-league-2026-09-0710983,league,Skeptic2304,,
2026-09-07,modern-league-2026-09-0710983,league,SlavSlays,,
2026-09-07,modern-league-2026-09-0710983,league,TDiGi91,,
2026-09-07,modern-league-2026-09-0710983,league,TFTIjhub,,
2026-09-07,modern-league-2026-09-0710983,league,TOP_AI,,
2026-09-07,modern-league-2026-09-0710983,league,TalTheTurtle,,
2026-09-07,modern-league-2026-09-0710983,league,TheMeatMan,,
2026-09-07,modern-league-2026-09-0710983,league,VioletStardust,,
2026-09-07,modern-league-2026-09-0710983,league,ZKG,,
2026-09-07,modern-league-2026-09-0710983,league,__BMJ__,,
2026-09-07,modern-league-2026-09-0710983,league,azax,,
2026-09-07,modern-league-2026-09-0710983,league,bamn20,,
2026-09-07,modern-league-2026-09-0710983,league,casper_x,,
2026-09-07,modern-league-2026-09-0710983,league,claudio0907,,
2026-09-07,modern-league-2026-09-0710983,league,cristian_mcrae,,
2026-09-07,modern-league-2026-09-0710983,league,doctor-x,,
2026-09-07,modern-league-2026-09-0710983,league,eduardojmp,,
2026-09-07,modern-league-2026-09-0710983,league,firstshot,,
2026-09-07,modern-league-2026-09-0710983,league,gabbii_,,
2026-09-07,modern-league-2026-09-0710983,league,ipadkid,,
2026-09-07,modern-league-2026-09-0710983,league,johnmtg,,
2026-09-07,modern-league-2026-09-0710983,league,kado222,,
2026-09-07,modern-league-2026-09-0710983,league,kokoko098,,
2026-09-07,modern-league-2026-09-0710983,league,kyrre2013,,
2026-09-07,modern-league-2026-09-0710983,league,littesir095,,
2026-09-07,modern-league-2026-09-0710983,league,lyz050915,,
2026-09-07,modern-league-2026-09-0710983,league,mERAZED,,
2026-09-07,modern-league-2026-09-0710983,league,ndizzle,,
2026-09-07,modern-league-2026-09-0710983,league,schnda,,
2026-09-07,modern-league-2026-09-0710983,league,surgetemelo,,
2026-09-07,modern-league-2026-09-0710983,league,t-v,,
2026-09-07,modern-league-2026-09-0710983,league,weemo,,
2026-09-07,modern-league-2026-09-0710983,league,werhsdnas1414,,
2026-09-07,modern-league-2026-09-0710983,league,yang2399,,
2026-09-07,modern-league-2026-09-0710983,league,zhinonono,,
2026-09-08,modern-challenge-16-2026-09-0812853784,challenge-16,oskiyaa,1,12
2026-09-08,modern-challenge-16-2026-09-0812853784,challenge-16,TrueHero,2,15
2026-09-08,modern-challenge-16-2026-09-0812853784,challenge-16,Reiam,3,12
2026-09-08,modern-challenge-16-2026-09-0812853784,challenge-16,morris,4,12
2026-09-08,modern-challenge-16-2026-09-0812853784,challenge-16,komattaman,5,12
2026-09-08,modern-challenge-16-2026-09-0812853784,challenge-16,Gobern,6,12
2026-09-08,modern-challenge-16-2026-09-0812853784,challenge-16,Latorretta,7,9
2026-09-08,modern-challenge-16-2026-09-0812853784,challenge-16,manohito,8,9
2026-09-08,modern-challenge-16-2026-09-0812853784,challenge-16,WhiteNinja,9,9
2026-09-08,modern-challenge-16-2026-09-0812853784,challenge-16,unagieel,10,9
2026-09-08,modern-challenge-16-2026-09-0812853784,challenge-16,hanshq,11,9
2026-09-08,modern-challenge-16-2026-09-0812853784,challenge-16,Attomium,12,9
2026-09-08,modern-challenge-16-2026-09-0812853784,challenge-16,Pompuskaya,13,9
2026-09-08,modern-challenge-16-2026-09-0812853784,challenge-16,Maede,14,9
2026-09-08,modern-challenge-16-2026-09-0812853784,challenge-16,JPA93,15,6
2026-09-08,modern-challenge-16-2026-09-0812853784,challenge-16,Galaxios,16,6
2026-09-08,modern-challenge-16-2026-09-0812853784,challenge-16,Tetsubou,17,6
2026-09-08,modern-challenge-16-2026-09-0812853784,challenge-16,imthekiing,18,6
2026-09-08,modern-challenge-16-2026-09-0812853784,challenge-16,Varo,19,6
2026-09-08,modern-challenge-16-2026-09-0812853784,challenge-16,Cptwalnut,20,6
2026-09-08,modern-challenge-16-2026-09-0812853784,challenge-16,Mad_Manaman,21,6
2026-09-08,modern-challenge-16-2026-09-0812853784,challenge-16,swff,22,3
2026-09-08,modern-challenge-16-2026-09-0812853784,challenge-16,Ares80,23,3
2026-09-08,modern-challenge-16-2026-09-0812853784,challenge-16,Gregoriusil,24,3
2026-09-08,modern-challenge-16-2026-09-0812853784,challenge-16,pepeteam,25,3
2026-09-08,modern-challenge-16-2026-09-0812853784,challenge-16,meanfannypack,26,3
2026-09-08,modern-challenge-16-2026-09-0812853784,challenge-16,chagu,27,0
2026-09-08,modern-challenge-16-2026-09-0812853784,challenge-16,Lightspirit,28,0
2026-09-08,modern-challenge-16-2026-09-0812853784,challenge-16,SafetyHazard,29,0
2026-09-08,modern-challenge-16-2026-09-0812853784,challenge-16,The_shallow_grave,30,0
2026-09-08,modern-challenge-16-2026-09-0812853784,challenge-16,lampalot,31,0
2026-09-08,modern-challenge-32-2026-09-0812853715,challenge-32,Selfeisek,1,18
2026-09-08,modern-challenge-32-2026-09-0812853715,challenge-32,Chub_Toad_,2,15
2026-09-08,modern-challenge-32-2026-09-0812853715,challenge-32,TheColorOfBoom,3,15
2026-09-08,modern-challenge-32-2026-09-0812853715,challenge-32,quinniac,4,15
2026-09-08,modern-challenge-32-2026-09-0812853715,challenge-32,Savior0117,5,15
2026-09-08,modern-challenge-32-2026-09-0812853715,challenge-32,EthanBird,6,15
2026-09-08,modern-challenge-32-2026-09-0812853715,challenge-32,KillerWhale01,7,15
2026-09-08,modern-challenge-32-2026-09-0812853715,challenge-32,HouseOfManaMTG,8,12
2026-09-08,modern-challenge-32-2026-09-0812853715,challenge-32,selesneal,9,12
2026-09-08,modern-challenge-32-2026-09-0812853715,challenge-32,PrismaticPrism,10,12
2026-09-08,modern-challenge-32-2026-09-0812853715,challenge-32,littesir095,11,12
2026-09-08,modern-challenge-32-2026-09-0812853715,challenge-32,DragonFodder,12,12
2026-09-08,modern-challenge-32-2026-09-0812853715,challenge-32,Piglet,13,12
2026-09-08,modern-challenge-32-2026-09-0812853715,challenge-32,olbeda,14,12
2026-09-08,modern-challenge-32-2026-09-0812853715,challenge-32,xfile,15,12
2026-09-08,modern-challenge-32-2026-09-0812853715,challenge-32,_Stream,16,12
2026-09-08,modern-challenge-32-2026-09-0812853715,challenge-32,Tree42o,17,12
2026-09-08,modern-challenge-32-2026-09-0812853715,challenge-32,sidisi,18,12
2026-09-08,modern-challenge-32-2026-09-0812853715,challenge-32,PearMist,19,12
2026-09-08,modern-challenge-32-2026-09-0812853715,challenge-32,ZKG,20,9
2026-09-08,modern-challenge-32-2026-09-0812853715,challenge-32,Schiaveto,21,9
2026-09-08,modern-challenge-32-2026-09-0812853715,challenge-32,DB_Wishful14,22,9
2026-09-08,modern-challenge-32-2026-09-0812853715,challenge-32,danro,23,9
2026-09-08,modern-challenge-32-2026-09-0812853715,challenge-32,thirstythievin,24,9
2026-09-08,modern-challenge-32-2026-09-0812853715,challenge-32,Ivan_Draw_Go,25,9
2026-09-08,modern-challenge-32-2026-09-0812853715,challenge-32,bozo2112,26,9
2026-09-08,modern-challenge-32-2026-09-0812853715,challenge-32,ejk,27,9
2026-09-08,modern-challenge-32-2026-09-0812853715,challenge-32,henry_morehouse,28,9
2026-09-08,modern-challenge-32-2026-09-0812853715,challenge-32,Fransadness,29,9
2026-09-08,modern-challenge-32-2026-09-0812853715,challenge-32,Peter__Rabbit,30,9
2026-09-08,modern-challenge-32-2026-09-0812853715,challenge-32,JoshFreeman,31,9
2026-09-08,modern-challenge-32-2026-09-0812853715,challenge-32,Mad_Manaman,32,6
2026-09-08,modern-challenge-64-2026-09-0812853722,challenge-64,jayrod115,1,21
2026-09-08,modern-challenge-64-2026-09-0812853722,challenge-64,Porks,2,18
2026-09-08,modern-challenge-64-2026-09-0812853722,challenge-64,RNicoF,3,18
2026-09-08,modern-challenge-64-2026-09-0812853722,challenge-64,HuUeBR,4,18
2026-09-08,modern-challenge-64-2026-09-0812853722,challenge-64,Cachorrowo,5,18
2026-09-08,modern-challenge-64-2026-09-0812853722,challenge-64,Uagli1,6,15
2026-09-08,modern-challenge-64-2026-09-0812853722,challenge-64,peter780108,7,15
2026-09-08,modern-challenge-64-2026-09-0812853722,challenge-64,Rvng,8,15
2026-09-08,modern-challenge-64-2026-09-0812853722,challenge-64,Mclopi,9,15
2026-09-08,modern-challenge-64-2026-09-0812853722,challenge-64,pedronavaja,10,15
2026-09-08,modern-challenge-64-2026-09-0812853722,challenge-64,Heartofthedalek,11,15
2026-09-08,modern-challenge-64-2026-09-0812853722,challenge-64,selesneal,12,15
2026-09-08,modern-challenge-64-2026-09-0812853722,challenge-64,nedyahiske,13,15
2026-09-08,modern-challenge-64-2026-09-0812853722,challenge-64,Zompatanfo,14,15
2026-09-08,modern-challenge-64-2026-09-0812853722,challenge-64,SorryImSoTilted,15,15
2026-09-08,modern-challenge-64-2026-09-0812853722,challenge-64,MyrRetriever,16,15
2026-09-08,modern-challenge-64-2026-09-0812853722,challenge-64,sgcyrus,17,15
2026-09-08,modern-challenge-64-2026-09-0812853722,challenge-64,Dasikk,18,15
2026-09-08,modern-challenge-64-2026-09-0812853722,challenge-64,dedav,19,12
2026-09-08,modern-challenge-64-2026-09-0812853722,challenge-64,ipadkid,20,12
2026-09-08,modern-challenge-64-2026-09-0812853722,challenge-64,TomJubarte,21,12
2026-09-08,modern-challenge-64-2026-09-0812853722,challenge-64,btail08,22,12
2026-09-08,modern-challenge-64-2026-09-0812853722,challenge-64,pokerswizard,23,12
2026-09-08,modern-challenge-64-2026-09-0812853722,challenge-64,The_Catfin,24,12
2026-09-08,modern-challenge-64-2026-09-0812853722,challenge-64,hugofreitas1,25,12
2026-09-08,modern-challenge-64-2026-09-0812853722,challenge-64,sikolio,26,12
2026-09-08,modern-challenge-64-2026-09-0812853722,challenge-64,prophopper,27,12
2026-09-08,modern-challenge-64-2026-09-0812853722,challenge-64,Mikebrav,28,12
2026-09-08,modern-challenge-64-2026-09-0812853722,challenge-64,LucasG1ggs,29,12
2026-09-08,modern-challenge-64-2026-09-0812853722,challenge-64,Giox96,30,12
2026-09-08,modern-challenge-64-2026-09-0812853722,challenge-64,echecetmat35,31,12
2026-09-08,modern-challenge-64-2026-09-0812853722,challenge-64,Devoured,32,12
2026-09-08,modern-league-2026-09-0810983,league,Akosmismus,,
2026-09-08,modern-league-2026-09-0810983,league,Blindside09,,
2026-09-08,modern-league-2026-09-0810983,league,BlueCheese3,,
2026-09-08,modern-league-2026-09-0810983,league,CNewman,,
2026-09-08,modern-league-2026-09-0810983,league,ChaoticMTG,,
2026-09-08,modern-league-2026-09-0810983,league,Chub_Toad_,,
2026-09-08,modern-league-2026-09-0810983,league,DB_jabjabber,,
2026-09-08,modern-league-2026-09-0810983,league,Diub,,
2026-09-08,modern-league-2026-09-0810983,league,DrizztCRO,,
2026-09-08,modern-league-2026-09-0810983,league,DskBayWolf,,
2026-09-08,modern-league-2026-09-0810983,league,ElPuerco,,
2026-09-08,modern-league-2026-09-0810983,league,Explorifice,,
2026-09-08,modern-league-2026-09-0810983,league,FormerSquid,,
2026-09-08,modern-league-2026-09-0810983,league,Galanator,,
2026-09-08,modern-league-2026-09-0810983,league,Galaxios,,
2026-09-08,modern-league-2026-09-0810983,league,Giltspire,,
2026-09-08,modern-league-2026-09-0810983,league,Interesting,,
2026-09-08,modern-league-2026-09-0810983,league,IroxIV,,
2026-09-08,modern-league-2026-09-0810983,league,JackGoldy,,
2026-09-08,modern-league-2026-09-0810983,league,JonDaBill,,
2026-09-08,modern-league-2026-09-0810983,league,KevinCon,,
2026-09-08,modern-league-2026-09-0810983,league,Krasisaverted,,
2026-09-08,modern-league-2026-09-0810983,league,LFC,,
2026-09-08,modern-league-2026-09-0810983,league,Maede,,
2026-09-08,modern-league-2026-09-0810983,league,MagicDevil666,,
2026-09-08,modern-league-2026-09-0810983,league,Manureds777,,
2026-09-08,modern-league-2026-09-0810983,league,Moaddin1186,,
2026-09-08,modern-league-2026-09-0810983,league,Nagato_Boran,,
2026-09-08,modern-league-2026-09-0810983,league,NamelessDream3r,,
2026-09-08,modern-league-2026-09-0810983,league,Negasaur,,
2026-09-08,modern-league-2026-09-0810983,league,NicolasP,,
2026-09-08,modern-league-2026-09-0810983,league,Nooots,,
2026-09-08,modern-league-2026-09-0810983,league,Nuserdog,,
2026-09-08,modern-league-2026-09-0810983,league,PETRICHOR21,,
2026-09-08,modern-league-2026-09-0810983,league,Radder,,
2026-09-08,modern-league-2026-09-0810983,league,Rangelon,,
2026-09-08,modern-league-2026-09-0810983,league,RustysPikachu,,
2026-09-08,modern-league-2026-09-0810983,league,ServantArcher,,
2026-09-08,modern-league-2026-09-0810983,league,Shade_Scorpion,,
2026-09-08,modern-league-2026-09-0810983,league,Shr1ke,,
2026-09-08,modern-league-2026-09-0810983,league,Surg3i,,
2026-09-08,modern-league-2026-09-0810983,league,ThatOtherGalPerson,,
2026-09-08,modern-league-2026-09-0810983,league,VentoAureo,,
2026-09-08,modern-league-2026-09-0810983,league,Yayoi11,,
2026-09-08,modern-league-2026-09-0810983,league,beiic0n,,
2026-09-08,modern-league-2026-09-0810983,league,bobthedog,,
2026-09-08,modern-league-2026-09-0810983,league,chachibuoh,,
2026-09-08,modern-league-2026-09-0810983,league,chagu,,
2026-09-08,modern-league-2026-09-0810983,league,cypress223,,
2026-09-08,modern-league-2026-09-0810983,league,danimaak777,,
2026-09-08,modern-league-2026-09-0810983,league,deadbabyunicorn,,
2026-09-08,modern-league-2026-09-0810983,league,fried-rice,,
2026-09-08,modern-league-2026-09-0810983,league,haoqinglangou,,
2026-09-08,modern-league-2026-09-0810983,league,hertz_1,,
2026-09-08,modern-league-2026-09-0810983,league,i_b_TRUE,,
2026-09-08,modern-league-2026-09-0810983,league,josukeh,,
2026-09-08,modern-league-2026-09-0810983,league,koira_simo,,
2026-09-08,modern-league-2026-09-0810983,league,lampalot,,
2026-09-08,modern-league-2026-09-0810983,league,melo96,,
2026-09-08,modern-league-2026-09-0810983,league,nobrawn,,
2026-09-08,modern-league-2026-09-0810983,league,pavementisrad7,,
2026-09-08,modern-league-2026-09-0810983,league,richcs1,,
2026-09-08,modern-league-2026-09-0810983,league,swff,,
2026-09-08,modern-league-2026-09-0810983,league,thebeansknees,,
2026-09-08,modern-league-2026-09-0810983,league,wentzsepisepi,,
2026-09-08,modern-league-2026-09-0810983,league,yang2399,,
2026-09-08,modern-league-2026-09-0810983,league,yuhewang,,
2026-09-09,modern-challenge-32-2026-09-0912853724,challenge-32,Darkchrome6538,1,18
2026-09-09,modern-challenge-32-2026-09-0912853724,challenge-32,eclipse4343,2,18
2026-09-09,modern-challenge-32-2026-09-0912853724,challenge-32,ejk,3,18
2026-09-09,modern-challenge-32-2026-09-0912853724,challenge-32,musasabi,4,15
2026-09-09,modern-challenge-32-2026-09-0912853724,challenge-32,oinkmage22,5,18
2026-09-09,modern-challenge-32-2026-09-0912853724,challenge-32,LucasG1ggs,6,18
2026-09-09,modern-challenge-32-2026-09-0912853724,challenge-32,claudio0907,7,15
2026-09-09,modern-challenge-32-2026-09-0912853724,challenge-32,SlankyPotato,8,15
2026-09-09,modern-challenge-32-2026-09-0912853724,challenge-32,MeninoNey,9,15
2026-09-09,modern-challenge-32-2026-09-0912853724,challenge-32,_Stream,10,15
2026-09-09,modern-challenge-32-2026-09-0912853724,challenge-32,FacadeJK,11,15
2026-09-09,modern-challenge-32-2026-09-0912853724,challenge-32,Skrocious,12,15
2026-09-09,modern-challenge-32-2026-09-0912853724,challenge-32,Cachorrowo,13,15
2026-09-09,modern-challenge-32-2026-09-0912853724,challenge-32,qmcgarry45,14,15
2026-09-09,modern-challenge-32-2026-09-0912853724,challenge-32,Certified_Noob,15,15
2026-09-09,modern-challenge-32-2026-09-0912853724,challenge-32,Savior0117,16,12
2026-09-09,modern-challenge-32-2026-09-0912853724,challenge-32,Selfeisek,17,12
2026-09-09,modern-challenge-32-2026-09-0912853724,challenge-32,BlueDrivesMonster,18,12
2026-09-09,modern-challenge-32-2026-09-0912853724,challenge-32,manohito,19,12
2026-09-09,modern-challenge-32-2026-09-0912853724,challenge-32,DemianDesposito10,20,12
2026-09-09,modern-challenge-32-2026-09-0912853724,challenge-32,Xsper,21,12
2026-09-09,modern-challenge-32-2026-09-0912853724,challenge-32,xfile,22,12
2026-09-09,modern-challenge-32-2026-09-0912853724,challenge-32,sidisi,23,12
2026-09-09,modern-challenge-32-2026-09-0912853724,challenge-32,TeamGreed,24,12
2026-09-09,modern-challenge-32-2026-09-0912853724,challenge-32,JonDaBill,25,12
2026-09-09,modern-challenge-32-2026-09-0912853724,challenge-32,EnderW,26,12
2026-09-09,modern-challenge-32-2026-09-0912853724,challenge-32,ls149950,27,12
2026-09-09,modern-challenge-32-2026-09-0912853724,challenge-32,AFitzsimmons,28,9
2026-09-09,modern-challenge-32-2026-09-0912853724,challenge-32,Brunes,29,9
2026-09-09,modern-challenge-32-2026-09-0912853724,challenge-32,Hazzrd,30,9
2026-09-09,modern-challenge-32-2026-09-0912853724,challenge-32,BLJ,31,9
2026-09-09,modern-challenge-32-2026-09-0912853724,challenge-32,komattaman,32,9
2026-09-09,modern-challenge-96-2026-09-0912853726,challenge-96,Alakai,1,21
2026-09-09,modern-challenge-96-2026-09-0912853726,challenge-96,makaaaa,2,18
2026-09-09,modern-challenge-96-2026-09-0912853726,challenge-96,Brunes,3,18
2026-09-09,modern-challenge-96-2026-09-0912853726,challenge-96,Savior0117,4,18
2026-09-09,modern-challenge-96-2026-09-0912853726,challenge-96,henry_morehouse,5,18
2026-09-09,modern-challenge-96-2026-09-0912853726,challenge-96,MahfuzVanGogh,6,18
2026-09-09,modern-challenge-96-2026-09-0912853726,challenge-96,rastaf,7,18
2026-09-09,modern-challenge-96-2026-09-0912853726,challenge-96,Mistakenn,8,18
2026-09-09,modern-challenge-96-2026-09-0912853726,challenge-96,andycsoto,9,15
2026-09-09,modern-challenge-96-2026-09-0912853726,challenge-96,hugofreitas1,10,15
2026-09-09,modern-challenge-96-2026-09-0912853726,challenge-96,MeninoNey,11,15
2026-09-09,modern-challenge-96-2026-09-0912853726,challenge-96,SpiderSpace,12,15
2026-09-09,modern-challenge-96-2026-09-0912853726,challenge-96,MercurialChemister,13,15
2026-09-09,modern-challenge-96-2026-09-0912853726,challenge-96,Foxantes,14,15
2026-09-09,modern-challenge-96-2026-09-0912853726,challenge-96,Rvng,15,15
2026-09-09,modern-challenge-96-2026-09-0912853726,challenge-96,Reiam,16,15
2026-09-09,modern-challenge-96-2026-09-0912853726,challenge-96,Andeloth,17,15
2026-09-09,modern-challenge-96-2026-09-0912853726,challenge-96,ChaoticMTG,18,15
2026-09-09,modern-challenge-96-2026-09-0912853726,challenge-96,Martin_Dominguez,19,15
2026-09-09,modern-challenge-96-2026-09-0912853726,challenge-96,alexeezayyy,20,15
2026-09-09,modern-challenge-96-2026-09-0912853726,challenge-96,MystikHawk,21,15
2026-09-09,modern-challenge-96-2026-09-0912853726,challenge-96,Skadonk,22,15
2026-09-09,modern-challenge-96-2026-09-0912853726,challenge-96,HouseOfManaMTG,23,15
2026-09-09,modern-challenge-96-2026-09-0912853726,challenge-96,DelverOfBolts,24,15
2026-09-09,modern-challenge-96-2026-09-0912853726,challenge-96,fazparte,25,15
2026-09-09,modern-challenge-96-2026-09-0912853726,challenge-96,bcs8995,26,12
2026-09-09,modern-challenge-96-2026-09-0912853726,challenge-96,Comrade1312,27,12
2026-09-09,modern-challenge-96-2026-09-0912853726,challenge-96,acelerado440,28,12
2026-09-09,modern-challenge-96-2026-09-0912853726,challenge-96,Willthepill,29,12
2026-09-09,modern-challenge-96-2026-09-0912853726,challenge-96,Boucha,30,12
2026-09-09,modern-challenge-96-2026-09-0912853726,challenge-96,m0sc0wmitch,31,12
2026-09-09,modern-challenge-96-2026-09-0912853726,challenge-96,Aced5,32,12
2026-09-09,modern-league-2026-09-0910983,league,200817804,,
2026-09-09,modern-league-2026-09-0910983,league,AvianScrolls,,
2026-09-09,modern-league-2026-09-0910983,league,AzureMoon,,
2026-09-09,modern-league-2026-09-0910983,league,Blackops1125,,
2026-09-09,modern-league-2026-09-0910983,league,FreeBobby315,,
2026-09-09,modern-league-2026-09-0910983,league,HokunaMatataa,,
2026-09-09,modern-league-2026-09-0910983,league,Im2SneakyMTG,,
2026-09-09,modern-league-2026-09-0910983,league,Jakesbaked,,
2026-09-09,modern-league-2026-09-0910983,league,James_Zhi,,
2026-09-09,modern-league-2026-09-0910983,league,Javipv,,
2026-09-09,modern-league-2026-09-0910983,league,JohnEly,,
2026-09-09,modern-league-2026-09-0910983,league,Kaijimmy,,
2026-09-09,modern-league-2026-09-0910983,league,LFC,,
2026-09-09,modern-league-2026-09-0910983,league,LangeBastian,,
2026-09-09,modern-league-2026-09-0910983,league,MagicPlayer834256,,
2026-09-09,modern-league-2026-09-0910983,league,MariosAmj,,
2026-09-09,modern-league-2026-09-0910983,league,MrCafouillette,,
2026-09-09,modern-league-2026-09-0910983,league,NukaCola,,
2026-09-09,modern-league-2026-09-0910983,league,Octarium_,,
2026-09-09,modern-league-2026-09-0910983,league,Paranoid_Android,,
2026-09-09,modern-league-2026-09-0910983,league,Pogo,,
2026-09-09,modern-league-2026-09-0910983,league,ROUTER_SMITER,,
2026-09-09,modern-league-2026-09-0910983,league,Rimusyu,,
2026-09-09,modern-league-2026-09-0910983,league,Salty_Orange,,
2026-09-09,modern-league-2026-09-0910983,league,Silveryyy,,
2026-09-09,modern-league-2026-09-0910983,league,Sol0monGrundy,,
2026-09-09,modern-league-2026-09-0910983,league,Swagtusks,,
2026-09-09,modern-league-2026-09-0910983,league,TFTIjhub,,
2026-09-09,modern-league-2026-09-0910983,league,TheSlickshotGang,,
2026-09-09,modern-league-2026-09-0910983,league,TingInTheRice,,
2026-09-09,modern-league-2026-09-0910983,league,Traumerei112,,
2026-09-09,modern-league-2026-09-0910983,league,WhiteNinja,,
2026-09-09,modern-league-2026-09-0910983,league,aurelyus,,
2026-09-09,modern-league-2026-09-0910983,league,azax,,
2026-09-09,modern-league-2026-09-0910983,league,chase00111,,
2026-09-09,modern-league-2026-09-0910983,league,elBB,,
2026-09-09,modern-league-2026-09-0910983,league,eneges,,
2026-09-09,modern-league-2026-09-0910983,league,fedthesnake,,
2026-09-09,modern-league-2026-09-0910983,league,greekjoegurt,,
2026-09-09,modern-league-2026-09-0910983,league,inosho,,
2026-09-09,modern-league-2026-09-0910983,league,ittoku1,,
2026-09-09,modern-league-2026-09-0910983,league,jamerson,,
2026-09-09,modern-league-2026-09-0910983,league,jamerson,,
2026-09-09,modern-league-2026-09-0910983,league,joaobelo92,,
2026-09-09,modern-league-2026-09-0910983,league,kePs,,
2026-09-09,modern-league-2026-09-0910983,league,kokoko098,,
2026-09-09,modern-league-2026-09-0910983,league,koskadelli,,
2026-09-09,modern-league-2026-09-0910983,league,kyporioth,,
2026-09-09,modern-league-2026-09-0910983,league,lttillman,,
2026-09-09,modern-league-2026-09-0910983,league,minimiz,,
2026-09-09,modern-league-2026-09-0910983,league,nembrotto,,
2026-09-09,modern-league-2026-09-0910983,league,occulticplus,,
2026-09-09,modern-league-2026-09-0910983,league,peterhmasters,,
2026-09-09,modern-league-2026-09-0910983,league,shadow_PT,,
2026-09-09,modern-league-2026-09-0910983,league,shyandshy,,
2026-09-09,modern-league-2026-09-0910983,league,stefansson30952,,
2026-09-09,modern-league-2026-09-0910983,league,thodoris17,,
2026-09-09,modern-league-2026-09-0910983,league,ultrasuperbob,,
2026-09-10,modern-challenge-64-2026-09-1012854060,challenge-64,KingCapivara,1,18
2026-09-10,modern-challenge-64-2026-09-1012854060,challenge-64,Lightspirit,2,18
2026-09-10,modern-challenge-64-2026-09-1012854060,challenge-64,Clesss,3,18
2026-09-10,modern-challenge-64-2026-09-1012854060,challenge-64,Venom01,4,18
2026-09-10,modern-challenge-64-2026-09-1012854060,challenge-64,Martin_Dominguez,5,18
2026-09-10,modern-challenge-64-2026-09-1012854060,challenge-64,MahfuzVanGogh,6,18
2026-09-10,modern-challenge-64-2026-09-1012854060,challenge-64,Ale_Mtg,7,15
2026-09-10,modern-challenge-64-2026-09-1012854060,challenge-64,Mistakenn,8,15
2026-09-10,modern-challenge-64-2026-09-1012854060,challenge-64,RespectTheCat,9,15
2026-09-10,modern-challenge-64-2026-09-1012854060,challenge-64,MystikHawk,10,15
2026-09-10,modern-challenge-64-2026-09-1012854060,challenge-64,quinniac,11,15
2026-09-10,modern-challenge-64-2026-09-1012854060,challenge-64,groot02,12,15
2026-09-10,modern-challenge-64-2026-09-1012854060,challenge-64,yunyu1234,13,15
2026-09-10,modern-challenge-64-2026-09-1012854060,challenge-64,Uagli1,14,15
2026-09-10,modern-challenge-64-2026-09-1012854060,challenge-64,MeninoNey,15,15
2026-09-10,modern-challenge-64-2026-09-1012854060,challenge-64,SantiMagicOnline,16,15
2026-09-10,modern-challenge-64-2026-09-1012854060,challenge-64,pedronavaja,17,15
2026-09-10,modern-challenge-64-2026-09-1012854060,challenge-64,TokaraStrait,18,15
2026-09-10,modern-challenge-64-2026-09-1012854060,challenge-64,Frazzoilpazzo,19,15
2026-09-10,modern-challenge-64-2026-09-1012854060,challenge-64,AlexanderRosdahl,20,15
2026-09-10,modern-challenge-64-2026-09-1012854060,challenge-64,makaaaa,21,15
2026-09-10,modern-challenge-64-2026-09-1012854060,challenge-64,VintageCulture,22,12
2026-09-10,modern-challenge-64-2026-09-1012854060,challenge-64,slaxx,23,12
2026-09-10,modern-challenge-64-2026-09-1012854060,challenge-64,FranBenitez91,24,12
2026-09-10,modern-challenge-64-2026-09-1012854060,challenge-64,FacadeJK,25,12
2026-09-10,modern-challenge-64-2026-09-1012854060,challenge-64,Ares80,26,12
2026-09-10,modern-challenge-64-2026-09-1012854060,challenge-64,Navigator_2505,27,12
2026-09-10,modern-challenge-64-2026-09-1012854060,challenge-64,Imaeda,28,12
2026-09-10,modern-challenge-64-2026-09-1012854060,challenge-64,diogodesouzajr,29,12
2026-09-10,modern-challenge-64-2026-09-1012854060,challenge-64,Davidowiz,30,12
2026-09-10,modern-challenge-64-2026-09-1012854060,challenge-64,oskiyaa,31,12
2026-09-10,modern-challenge-64-2026-09-1012854060,challenge-64,Eddard99,32,12
2026-09-10,modern-league-2026-09-1010983,league,AllanonCEW,,
2026-09-10,modern-league-2026-09-1010983,league,BLJ,,
2026-09-10,modern-league-2026-09-1010983,league,BLJ,,
2026-09-10,modern-league-2026-09-1010983,league,Bit0913,,
2026-09-10,modern-league-2026-09-1010983,league,Bl4ckdragon,,
2026-09-10,modern-league-2026-09-1010983,league,Charlice,,
2026-09-10,modern-league-2026-09-1010983,league,CobraDiMorte,,
2026-09-10,modern-league-2026-09-1010983,league,Comrade1312,,
2026-09-10,modern-league-2026-09-1010983,league,Cown,,
2026-09-10,modern-league-2026-09-1010983,league,DB_DackFayden7,,
2026-09-10,modern-league-2026-09-1010983,league,DB_Stanley2099,,
2026-09-10,modern-league-2026-09-1010983,league,DineofDoom,,
2026-09-10,modern-league-2026-09-1010983,league,DubL,,
2026-09-10,modern-league-2026-09-1010983,league,Fatcaster_Mage,,
2026-09-10,modern-league-2026-09-1010983,league,Galactus_Pirate,,
2026-09-10,modern-league-2026-09-1010983,league,GrowingPaynes,,
2026-09-10,modern-league-2026-09-1010983,league,HAKUmtg7gLmn,,
2026-09-10,modern-league-2026-09-1010983,league,Im_Badnewz,,
2026-09-10,modern-league-2026-09-1010983,league,KevinCon,,
2026-09-10,modern-league-2026-09-1010983,league,Kzrds,,
2026-09-10,modern-league-2026-09-1010983,league,LegoSheepy,,
2026-09-10,modern-league-2026-09-1010983,league,LordEgg,,
2026-09-10,modern-league-2026-09-1010983,league,LoveMyHair,,
2026-09-10,modern-league-2026-09-1010983,league,Magnus93,,
2026-09-10,modern-league-2026-09-1010983,league,Minuet,,
2026-09-10,modern-league-2026-09-1010983,league,Palenisk0,,
2026-09-10,modern-league-2026-09-1010983,league,PanJ,,
2026-09-10,modern-league-2026-09-1010983,league,Pickle3500,,
2026-09-10,modern-league-2026-09-1010983,league,PollitoS,,
2026-09-10,modern-league-2026-09-1010983,league,ROUTER_SMITER,,
2026-09-10,modern-league-2026-09-1010983,league,Shade_Scorpion,,
2026-09-10,modern-league-2026-09-1010983,league,Sheffielddeckwins,,
2026-09-10,modern-league-2026-09-1010983,league,Skeptic2304,,
2026-09-10,modern-league-2026-09-1010983,league,Slyker,,
2026-09-10,modern-league-2026-09-1010983,league,SpiderSpace,,
2026-09-10,modern-league-2026-09-1010983,league,SpiralPow,,
2026-09-10,modern-league-2026-09-1010983,league,TDiGi91,,
2026-09-10,modern-league-2026-09-1010983,league,Triflic,,
2026-09-10,modern-league-2026-09-1010983,league,UninspiredMehjagic,,
2026-09-10,modern-league-2026-09-1010983,league,VentoAureo,,
2026-09-10,modern-league-2026-09-1010983,league,Xenowan,,
2026-09-10,modern-league-2026-09-1010983,league,Yulo,,
2026-09-10,modern-league-2026-09-1010983,league,axbycs,,
2026-09-10,modern-league-2026-09-1010983,league,azax,,
2026-09-10,modern-league-2026-09-1010983,league,cdiegor,,
2026-09-10,modern-league-2026-09-1010983,league,chrish2134,,
2026-09-10,modern-league-2026-09-1010983,league,eneges,,
2026-09-10,modern-league-2026-09-1010983,league,fishooze,,
2026-09-10,modern-league-2026-09-1010983,league,goblingooon,,
2026-09-10,modern-league-2026-09-1010983,league,gohawks,,
2026-09-10,modern-league-2026-09-1010983,league,grenzos,,
2026-09-10,modern-league-2026-09-1010983,league,inosho,,
2026-09-10,modern-league-2026-09-1010983,league,ipadbro1,,
2026-09-10,modern-league-2026-09-1010983,league,klien7,,
2026-09-10,modern-league-2026-09-1010983,league,krixtijan,,
2026-09-10,modern-league-2026-09-1010983,league,loui0,,
2026-09-10,modern-league-2026-09-1010983,league,mcrmy4lyf,,
2026-09-10,modern-league-2026-09-1010983,league,mechrataal,,
2026-09-10,modern-league-2026-09-1010983,league,medical,,
2026-09-10,modern-league-2026-09-1010983,league,monste94,,
2026-09-10,modern-league-2026-09-1010983,league,nekosuke,,
2026-09-10,modern-league-2026-09-1010983,league,nightwitch,,
2026-09-10,modern-league-2026-09-1010983,league,peterhmasters,,
2026-09-10,modern-league-2026-09-1010983,league,rameison,,
2026-09-10,modern-league-2026-09-1010983,league,scipios,,
2026-09-10,modern-league-2026-09-1010983,league,smnowako,,
2026-09-10,modern-league-2026-09-1010983,league,starfall,,
2026-09-11,modern-challenge-64-2026-09-1112854070,challenge-64,Sodeq,1,18
2026-09-11,modern-challenge-64-2026-09-1112854070,challenge-64,KingCapivara,2,18
2026-09-11,modern-challenge-64-2026-09-1112854070,challenge-64,Imaeda,3,15
2026-09-11,modern-challenge-64-2026-09-1112854070,challenge-64,JPA93,4,15
2026-09-11,modern-challenge-64-2026-09-1112854070,challenge-64,Mistakenn,5,21
2026-09-11,modern-challenge-64-2026-09-1112854070,challenge-64,pedronavaja,6,18
2026-09-11,modern-challenge-64-2026-09-1112854070,challenge-64,rastaf,7,18
2026-09-11,modern-challenge-64-2026-09-1112854070,challenge-64,xfile,8,18
2026-09-11,modern-challenge-64-2026-09-1112854070,challenge-64,Gobern,9,15
2026-09-11,modern-challenge-64-2026-09-1112854070,challenge-64,Duddz_z,10,15
2026-09-11,modern-challenge-64-2026-09-1112854070,challenge-64,ajifly,11,15
2026-09-11,modern-challenge-64-2026-09-1112854070,challenge-64,Smallforest,12,15
2026-09-11,modern-challenge-64-2026-09-1112854070,challenge-64,habieh,13,15
2026-09-11,modern-challenge-64-2026-09-1112854070,challenge-64,claudio0907,14,15
2026-09-11,modern-challenge-64-2026-09-1112854070,challenge-64,oeni,15,15
2026-09-11,modern-challenge-64-2026-09-1112854070,challenge-64,Grischdl,16,15
2026-09-11,modern-challenge-64-2026-09-1112854070,challenge-64,Chillbais,17,15
2026-09-11,modern-challenge-64-2026-09-1112854070,challenge-64,Dasikk,18,15
2026-09-11,modern-challenge-64-2026-09-1112854070,challenge-64,elBB,19,12
2026-09-11,modern-challenge-64-2026-09-1112854070,challenge-64,Dioferreira,20,12
2026-09-11,modern-challenge-64-2026-09-1112854070,challenge-64,Laplasjan,21,12
2026-09-11,modern-challenge-64-2026-09-1112854070,challenge-64,FrankHolmquist,22,12
2026-09-11,modern-challenge-64-2026-09-1112854070,challenge-64,Maede,23,12
2026-09-11,modern-challenge-64-2026-09-1112854070,challenge-64,Piglet,24,12
2026-09-11,modern-challenge-64-2026-09-1112854070,challenge-64,Serosocram,25,12
2026-09-11,modern-challenge-64-2026-09-1112854070,challenge-64,choobes,26,12
2026-09-11,modern-challenge-64-2026-09-1112854070,challenge-64,-=Alfa=-,27,12
2026-09-11,modern-challenge-64-2026-09-1112854070,challenge-64,kbol_,28,12
2026-09-11,modern-challenge-64-2026-09-1112854070,challenge-64,DelverOfBolts,29,12
2026-09-11,modern-challenge-64-2026-09-1112854070,challenge-64,Dydyk95,30,12
2026-09-11,modern-challenge-64-2026-09-1112854070,challenge-64,Jedgi,31,12
2026-09-11,modern-challenge-64-2026-09-1112854070,challenge-64,Skadonk,32,12
2026-09-11,modern-league-2026-09-1110983,league,AleZolee,,
2026-09-11,modern-league-2026-09-1110983,league,Arcbound_Papi,,
2026-09-11,modern-league-2026-09-1110983,league,Art3mique,,
2026-09-11,modern-league-2026-09-1110983,league,Aschop,,
2026-09-11,modern-league-2026-09-1110983,league,Avatar_of_Whoops,,
2026-09-11,modern-league-2026-09-1110983,league,BUUUDDDY,,
2026-09-11,modern-league-2026-09-1110983,league,Candardra,,
2026-09-11,modern-league-2026-09-1110983,league,ClaymoreTobi,,
2026-09-11,modern-league-2026-09-1110983,league,ClaymoreTobi,,
2026-09-11,modern-league-2026-09-1110983,league,ContraEgo,,
2026-09-11,modern-league-2026-09-1110983,league,Convo,,
2026-09-11,modern-league-2026-09-1110983,league,DB_turn4omnath,,
2026-09-11,modern-league-2026-09-1110983,league,DiamondAtog,,
2026-09-11,modern-league-2026-09-1110983,league,Frejat,,
2026-09-11,modern-league-2026-09-1110983,league,Galanator,,
2026-09-11,modern-league-2026-09-1110983,league,GingerGuy83,,
2026-09-11,modern-league-2026-09-1110983,league,Helpingdotdek,,
2026-09-11,modern-league-2026-09-1110983,league,Ianmccririck,,
2026-09-11,modern-league-2026-09-1110983,league,Kaliakatsos,,
2026-09-11,modern-league-2026-09-1110983,league,KangXiaotian,,
2026-09-11,modern-league-2026-09-1110983,league,Katla,,
2026-09-11,modern-league-2026-09-1110983,league,Krasisaverted,,
2026-09-11,modern-league-2026-09-1110983,league,Mateusf34,,
2026-09-11,modern-league-2026-09-1110983,league,Mojo00,,
2026-09-11,modern-league-2026-09-1110983,league,Odin2015,,
2026-09-11,modern-league-2026-09-1110983,league,PharmD_MTG,,
2026-09-11,modern-league-2026-09-1110983,league,QueenVarrone,,
2026-09-11,modern-league-2026-09-1110983,league,SnackyTreehorn,,
2026-09-11,modern-league-2026-09-1110983,league,Sol0monGrundy,,
2026-09-11,modern-league-2026-09-1110983,league,TeamGreed,,
2026-09-11,modern-league-2026-09-1110983,league,ThatsJustPrime,,
2026-09-11,modern-league-2026-09-1110983,league,Valident,,
2026-09-11,modern-league-2026-09-1110983,league,VentoAureo,,
2026-09-11,modern-league-2026-09-1110983,league,Williambax,,
2026-09-11,modern-league-2026-09-1110983,league,WorstShuffler,,
2026-09-11,modern-league-2026-09-1110983,league,Yulios999,,
2026-09-11,modern-league-2026-09-1110983,league,_Tia93_,,
2026-09-11,modern-league-2026-09-1110983,league,blungoreus,,
2026-09-11,modern-league-2026-09-1110983,league,delverihardlyknowher,,
2026-09-11,modern-league-2026-09-1110983,league,eneges,,
2026-09-11,modern-league-2026-09-1110983,league,estefaninonino,,
2026-09-11,modern-league-2026-09-1110983,league,estefaninonino,,
2026-09-11,modern-league-2026-09-1110983,league,hertz_1,,
2026-09-11,modern-league-2026-09-1110983,league,kokoko098,,
2026-09-11,modern-league-2026-09-1110983,league,nembrotto,,
2026-09-11,modern-league-2026-09-1110983,league,queirozale7,,
2026-09-11,modern-league-2026-09-1110983,league,rameison,,
2026-09-11,modern-league-2026-09-1110983,league,sarcoma,,
2026-09-11,modern-league-2026-09-1110983,league,shadow_PT,,
2026-09-11,modern-league-2026-09-1110983,league,stefansson30952,,
2026-09-11,modern-league-2026-09-1110983,league,theasiankid,,
2026-09-11,modern-league-2026-09-1110983,league,tyty123,,
2026-09-11,modern-league-2026-09-1110983,league,zajad,,
2026-09-12,modern-challenge-16-2026-09-1212854076,challenge-16,albert62,1,15
2026-09-12,modern-challenge-16-2026-09-1212854076,challenge-16,ejk,2,9
2026-09-12,modern-challenge-16-2026-09-1212854076,challenge-16,Lollopollo2001,3,12
2026-09-12,modern-challenge-16-2026-09-1212854076,challenge-16,bubblywubblytubbler,4,12
2026-09-12,modern-challenge-16-2026-09-1212854076,challenge-16,pepeteam,5,12
2026-09-12,modern-challenge-16-2026-09-1212854076,challenge-16,Stanshine,6,12
2026-09-12,modern-challenge-16-2026-09-1212854076,challenge-16,Athenani,7,9
2026-09-12,modern-challenge-16-2026-09-1212854076,challenge-16,felider,8,9
2026-09-12,modern-challenge-16-2026-09-1212854076,challenge-16,ATyongmila,9,9
2026-09-12,modern-challenge-16-2026-09-1212854076,challenge-16,Smallforest,10,9
2026-09-12,modern-challenge-16-2026-09-1212854076,challenge-16,Grischdl,11,9
2026-09-12,modern-challenge-16-2026-09-1212854076,challenge-16,DemianDesposito10,12,9
2026-09-12,modern-challenge-16-2026-09-1212854076,challenge-16,catgirlmom,13,9
2026-09-12,modern-challenge-16-2026-09-1212854076,challenge-16,Salochin,14,9
2026-09-12,modern-challenge-16-2026-09-1212854076,challenge-16,DragonFodder,15,6
2026-09-12,modern-challenge-16-2026-09-1212854076,challenge-16,Navigator_2505,16,6
2026-09-12,modern-challenge-16-2026-09-1212854076,challenge-16,DB_BFG,17,6
2026-09-12,modern-challenge-16-2026-09-1212854076,challenge-16,Traumatismes,18,6
2026-09-12,modern-challenge-16-2026-09-1212854076,challenge-16,Suechtler,19,6
2026-09-12,modern-challenge-16-2026-09-1212854076,challenge-16,musasabi,20,6
2026-09-12,modern-challenge-16-2026-09-1212854076,challenge-16,Arkmaru,21,6
2026-09-12,modern-challenge-16-2026-09-1212854076,challenge-16,Selfeisek,22,3
2026-09-12,modern-challenge-16-2026-09-1212854076,challenge-16,tA326_,23,3
2026-09-12,modern-challenge-16-2026-09-1212854076,challenge-16,nahuel10,24,3
2026-09-12,modern-challenge-16-2026-09-1212854076,challenge-16,_Falcon_,25,3
2026-09-12,modern-challenge-16-2026-09-1212854076,challenge-16,Kihara_Works,26,0
2026-09-12,modern-challenge-16-2026-09-1212854076,challenge-16,TXCsingularity,27,0
2026-09-12,modern-challenge-16-2026-09-1212854076,challenge-16,manjyui,28,0
2026-09-12,modern-challenge-16-2026-09-1212854076,challenge-16,duke12,29,0
2026-09-12,modern-challenge-64-2026-09-1212854075,challenge-64,yama33,1,21
2026-09-12,modern-challenge-64-2026-09-1212854075,challenge-64,Linden_43,2,15
2026-09-12,modern-challenge-64-2026-09-1212854075,challenge-64,Piglet,3,18
2026-09-12,modern-challenge-64-2026-09-1212854075,challenge-64,Marxelo,4,18
2026-09-12,modern-challenge-64-2026-09-1212854075,challenge-64,CarlosZ,5,18
2026-09-12,modern-challenge-64-2026-09-1212854075,challenge-64,Xsper,6,18
2026-09-12,modern-challenge-64-2026-09-1212854075,challenge-64,Dasikk,7,15
2026-09-12,modern-challenge-64-2026-09-1212854075,challenge-64,triosk,8,15
2026-09-12,modern-challenge-64-2026-09-1212854075,challenge-64,pattiepattie,9,15
2026-09-12,modern-challenge-64-2026-09-1212854075,challenge-64,bayjen_,10,15
2026-09-12,modern-challenge-64-2026-09-1212854075,challenge-64,azpharot,11,15
2026-09-12,modern-challenge-64-2026-09-1212854075,challenge-64,Tree42o,12,15
2026-09-12,modern-challenge-64-2026-09-1212854075,challenge-64,badger225,13,15
2026-09-12,modern-challenge-64-2026-09-1212854075,challenge-64,PrismaticPrism,14,15
2026-09-12,modern-challenge-64-2026-09-1212854075,challenge-64,kattsu,15,15
2026-09-12,modern-challenge-64-2026-09-1212854075,challenge-64,ThatDogGirl,16,15
2026-09-12,modern-challenge-64-2026-09-1212854075,challenge-64,MeninooNey,17,15
2026-09-12,modern-challenge-64-2026-09-1212854075,challenge-64,Lollopollo2001,18,15
2026-09-12,modern-challenge-64-2026-09-1212854075,challenge-64,musasabi,19,12
2026-09-12,modern-challenge-64-2026-09-1212854075,challenge-64,goron27,20,12
2026-09-12,modern-challenge-64-2026-09-1212854075,challenge-64,NJ5030,21,12
2026-09-12,modern-challenge-64-2026-09-1212854075,challenge-64,Bagoot,22,12
2026-09-12,modern-challenge-64-2026-09-1212854075,challenge-64,renatoaraujo,23,12
2026-09-12,modern-challenge-64-2026-09-1212854075,challenge-64,Tetsubou,24,12
2026-09-12,modern-challenge-64-2026-09-1212854075,challenge-64,MTGBananasack,25,12
2026-09-12,modern-challenge-64-2026-09-1212854075,challenge-64,Akirasaurus,26,12
2026-09-12,modern-challenge-64-2026-09-1212854075,challenge-64,HouseOfManaMTG,27,12
2026-09-12,modern-challenge-64-2026-09-1212854075,challenge-64,Magikal710,28,12
2026-09-12,modern-challenge-64-2026-09-1212854075,challenge-64,Sam_Lewin,29,12
2026-09-12,modern-challenge-64-2026-09-1212854075,challenge-64,Marlin583,30,12
2026-09-12,modern-challenge-64-2026-09-1212854075,challenge-64,13uttchug,31,12
2026-09-12,modern-challenge-64-2026-09-1212854075,challenge-64,Furstenberger,32,12
2026-09-12,modern-challenge-64-2026-09-1212854081,challenge-64,RespectTheCat,1,21
2026-09-12,modern-challenge-64-2026-09-1212854081,challenge-64,Jumba,2,18
2026-09-12,modern-challenge-64-2026-09-1212854081,challenge-64,Ale_Mtg,3,18
2026-09-12,modern-challenge-64-2026-09-1212854081,challenge-64,vdboule,4,15
2026-09-12,modern-challenge-64-2026-09-1212854081,challenge-64,Damgar,5,18
2026-09-12,modern-challenge-64-2026-09-1212854081,challenge-64,nahuel10,6,18
2026-09-12,modern-challenge-64-2026-09-1212854081,challenge-64,svessesvv,7,15
2026-09-12,modern-challenge-64-2026-09-1212854081,challenge-64,Darthkid,8,15
2026-09-12,modern-challenge-64-2026-09-1212854081,challenge-64,Gobern,9,15
2026-09-12,modern-challenge-64-2026-09-1212854081,challenge-64,pepeteam,10,15
2026-09-12,modern-challenge-64-2026-09-1212854081,challenge-64,hyyy1,11,15
2026-09-12,modern-challenge-64-2026-09-1212854081,challenge-64,Zoza,12,15
2026-09-12,modern-challenge-64-2026-09-1212854081,challenge-64,pokerswizard,13,15
2026-09-12,modern-challenge-64-2026-09-1212854081,challenge-64,DobleP,14,15
2026-09-12,modern-challenge-64-2026-09-1212854081,challenge-64,hugofreitas1,15,15
2026-09-12,modern-challenge-64-2026-09-1212854081,challenge-64,_Falcon_,16,15
2026-09-12,modern-challenge-64-2026-09-1212854081,challenge-64,bobthedog,17,15
2026-09-12,modern-challenge-64-2026-09-1212854081,challenge-64,JustAnotherGuy83,18,15
2026-09-12,modern-challenge-64-2026-09-1212854081,challenge-64,The_Phenom,19,15
2026-09-12,modern-challenge-64-2026-09-1212854081,challenge-64,choobes,20,15
2026-09-12,modern-challenge-64-2026-09-1212854081,challenge-64,Rainwalker83,21,12
2026-09-12,modern-challenge-64-2026-09-1212854081,challenge-64,ArthurMorgan,22,12
2026-09-12,modern-challenge-64-2026-09-1212854081,challenge-64,Darkchrome6538,23,12
2026-09-12,modern-challenge-64-2026-09-1212854081,challenge-64,DemianDesposito10,24,12
2026-09-12,modern-challenge-64-2026-09-1212854081,challenge-64,avishai-elma,25,12
2026-09-12,modern-challenge-64-2026-09-1212854081,challenge-64,DylanGregory,26,12
2026-09-12,modern-challenge-64-2026-09-1212854081,challenge-64,Korw,27,12
2026-09-12,modern-challenge-64-2026-09-1212854081,challenge-64,MeninoNey,28,12
2026-09-12,modern-challenge-64-2026-09-1212854081,challenge-64,JhonnySeJugar,29,12
2026-09-12,modern-challenge-64-2026-09-1212854081,challenge-64,Mistakenn,30,12
2026-09-12,modern-challenge-64-2026-09-1212854081,challenge-64,ttv_kingjulien,31,12
2026-09-12,modern-challenge-64-2026-09-1212854081,challenge-64,brunoprince,32,12
2026-09-12,modern-league-2026-09-1210983,league,Bl4ckdragon,,
2026-09-12,modern-league-2026-09-1210983,league,BlackTithe,,
2026-09-12,modern-league-2026-09-1210983,league,Bugsy69,,
2026-09-12,modern-league-2026-09-1210983,league,CavalloGoloso,,
2026-09-12,modern-league-2026-09-1210983,league,CobraDiMorte,,
2026-09-12,modern-league-2026-09-1210983,league,Cyncopath,,
2026-09-12,modern-league-2026-09-1210983,league,DB_Stanley2099,,
2026-09-12,modern-league-2026-09-1210983,league,EnricoSLS91,,
2026-09-12,modern-league-2026-09-1210983,league,FrankHolmquist,,
2026-09-12,modern-league-2026-09-1210983,league,Harlesbarkly,,
2026-09-12,modern-league-2026-09-1210983,league,Kihara_Works,,
2026-09-12,modern-league-2026-09-1210983,league,LindenPaine,,
2026-09-12,modern-league-2026-09-1210983,league,Martian_Economist,,
2026-09-12,modern-league-2026-09-1210983,league,Mattmatic,,
2026-09-12,modern-league-2026-09-1210983,league,MicheleM,,
2026-09-12,modern-league-2026-09-1210983,league,MikeyCoppola365,,
2026-09-12,modern-league-2026-09-1210983,league,MuffinSwag,,
2026-09-12,modern-league-2026-09-1210983,league,NAKISHIMA,,
2026-09-12,modern-league-2026-09-1210983,league,Paranzio2104,,
2026-09-12,modern-league-2026-09-1210983,league,Paranzio2104,,
2026-09-12,modern-league-2026-09-1210983,league,PearMist,,
2026-09-12,modern-league-2026-09-1210983,league,RandomGameActions,,
2026-09-12,modern-league-2026-09-1210983,league,Rastafury,,
2026-09-12,modern-league-2026-09-1210983,league,SayCheese_336,,
2026-09-12,modern-league-2026-09-1210983,league,Sebek,,
2026-09-12,modern-league-2026-09-1210983,league,Silence9428,,
2026-09-12,modern-league-2026-09-1210983,league,Slopo51,,
2026-09-12,modern-league-2026-09-1210983,league,Suricate,,
2026-09-12,modern-league-2026-09-1210983,league,THEFALLEN11,,
2026-09-12,modern-league-2026-09-1210983,league,TYPEWOG,,
2026-09-12,modern-league-2026-09-1210983,league,Than,,
2026-09-12,modern-league-2026-09-1210983,league,TomCairns,,
2026-09-12,modern-league-2026-09-1210983,league,Traumatismes,,
2026-09-12,modern-league-2026-09-1210983,league,Traumatismes,,
2026-09-12,modern-league-2026-09-1210983,league,VampireDiaries,,
2026-09-12,modern-league-2026-09-1210983,league,Villimey,,
2026-09-12,modern-league-2026-09-1210983,league,WecKDecK,,
2026-09-12,modern-league-2026-09-1210983,league,Williambax,,
2026-09-12,modern-league-2026-09-1210983,league,Zeect,,
2026-09-12,modern-league-2026-09-1210983,league,avishai-elma,,
2026-09-12,modern-league-2026-09-1210983,league,brunoprince,,
2026-09-12,modern-league-2026-09-1210983,league,emzagu,,
2026-09-12,modern-league-2026-09-1210983,league,fijitree,,
2026-09-12,modern-league-2026-09-1210983,league,monte,,
2026-09-12,modern-league-2026-09-1210983,league,mtgobazaar8,,
2026-09-12,modern-league-2026-09-1210983,league,niuwaid001,,
2026-09-12,modern-league-2026-09-1210983,league,queirozale7,,
2026-09-12,modern-league-2026-09-1210983,league,rameison,,
2026-09-12,modern-league-2026-09-1210983,league,ryanok96,,
2026-09-12,modern-league-2026-09-1210983,league,twangygnome,,
2026-09-12,modern-league-2026-09-1210983,league,xl_snapcaster,,
2026-09-13,modern-league-2026-09-1310983,league,CrazyGambler,,
2026-09-13,modern-league-2026-09-1310983,league,DemianDesposito10,,
2026-09-13,modern-league-2026-09-1310983,league,HellMonkey,,
2026-09-13,modern-league-2026-09-1310983,league,Ivan_Draw_Go,,
2026-09-13,modern-league-2026-09-1310983,league,Jonii,,
2026-09-13,modern-league-2026-09-1310983,league,Kuang314159,,
2026-09-13,modern-league-2026-09-1310983,league,MagicDevil666,,
2026-09-13,modern-league-2026-09-1310983,league,MikeyCoppola365,,
2026-09-13,modern-league-2026-09-1310983,league,Zeect,,
2026-09-13,modern-league-2026-09-1310983,league,avishai-elma,,
2026-09-13,modern-league-2026-09-1310983,league,lilleblaa,,
2026-09-13,modern-league-2026-09-1310983,league,orange-kyoro,,
2026-09-13,modern-league-2026-09-1310983,league,ryanok96,,
2026-09-13,modern-league-2026-09-1310983,league,tyreel04,,
